/opt/goinfre/rrangesi/full-stack/p2p/backend/bot/handlers/start.py:303: PTBUserWarning: If 'per_message=False', 'CallbackQueryHandler' will not be tracked for every message. Read this FAQ entry to learn more about the per_* settings: https://github.com/python-telegram-bot/python-telegram-bot/wiki/Frequently-Asked-Questions#what-do-the-per_-settings-in-conversationhandler-do.
  return ConversationHandler(
/opt/goinfre/rrangesi/full-stack/p2p/backend/bot/handlers/admin/__init__.py:31: PTBUserWarning: If 'per_message=False', 'CallbackQueryHandler' will not be tracked for every message. Read this FAQ entry to learn more about the per_* settings: https://github.com/python-telegram-bot/python-telegram-bot/wiki/Frequently-Asked-Questions#what-do-the-per_-settings-in-conversationhandler-do.
  return ConversationHandler(
2026-07-25 22:25:44,127 INFO [__main__] Starting bot in polling mode
2026-07-25 22:25:44,424 INFO [httpx] HTTP Request: POST https://api.telegram.org/bot8994609682:AAH26IXXBB1NJJRTvg_xWsx1I6rVuOym7pE/getMe "HTTP/1.1 200 OK"
2026-07-25 22:25:44,523 INFO [httpx] HTTP Request: POST https://api.telegram.org/bot8994609682:AAH26IXXBB1NJJRTvg_xWsx1I6rVuOym7pE/deleteWebhook "HTTP/1.1 200 OK"
2026-07-25 22:25:44,523 INFO [telegram.ext.Application] Application started
2026-07-25 22:25:49,544 INFO [httpx] HTTP Request: POST https://api.telegram.org/bot8994609682:AAH26IXXBB1NJJRTvg_xWsx1I6rVuOym7pE/getUpdates "HTTP/1.1 409 Conflict"
2026-07-25 22:25:49,546 ERROR [telegram.ext.Application] No error handlers are registered, logging exception.
Traceback (most recent call last):
  File "/home/rrangesi/goinfre/full-stack/p2p/backend/.venv/lib/python3.12/site-packages/telegram/ext/_utils/networkloop.py", line 161, in network_retry_loop
    await do_action()
  File "/home/rrangesi/goinfre/full-stack/p2p/backend/.venv/lib/python3.12/site-packages/telegram/ext/_utils/networkloop.py", line 154, in do_action
    action_cb_task.result()
  File "/home/rrangesi/goinfre/full-stack/p2p/backend/.venv/lib/python3.12/site-packages/telegram/ext/_updater.py", line 340, in polling_action_cb
    updates = await self.bot.get_updates(
              ^^^^^^^^^^^^^^^^^^^^^^^^^^^
  File "/home/rrangesi/goinfre/full-stack/p2p/backend/.venv/lib/python3.12/site-packages/telegram/ext/_extbot.py", line 680, in get_updates
    updates = await super().get_updates(
              ^^^^^^^^^^^^^^^^^^^^^^^^^^
  File "/home/rrangesi/goinfre/full-stack/p2p/backend/.venv/lib/python3.12/site-packages/telegram/_bot.py", line 4767, in get_updates
    await self._post(
  File "/home/rrangesi/goinfre/full-stack/p2p/backend/.venv/lib/python3.12/site-packages/telegram/_bot.py", line 712, in _post
    return await self._do_post(
           ^^^^^^^^^^^^^^^^^^^^
  File "/home/rrangesi/goinfre/full-stack/p2p/backend/.venv/lib/python3.12/site-packages/telegram/ext/_extbot.py", line 378, in _do_post
    return await super()._do_post(
           ^^^^^^^^^^^^^^^^^^^^^^^
  File "/home/rrangesi/goinfre/full-stack/p2p/backend/.venv/lib/python3.12/site-packages/telegram/_bot.py", line 741, in _do_post
    result = await request.post(
             ^^^^^^^^^^^^^^^^^^^
  File "/home/rrangesi/goinfre/full-stack/p2p/backend/.venv/lib/python3.12/site-packages/telegram/request/_baserequest.py", line 198, in post
    result = await self._request_wrapper(
             ^^^^^^^^^^^^^^^^^^^^^^^^^^^^
  File "/home/rrangesi/goinfre/full-stack/p2p/backend/.venv/lib/python3.12/site-packages/telegram/request/_baserequest.py", line 375, in _request_wrapper
    raise exception
telegram.error.Conflict: Conflict: terminated by other getUpdates request; make sure that only one bot instance is running
2026-07-25 22:25:53,663 INFO [httpx] HTTP Request: POST https://api.telegram.org/bot8994609682:AAH26IXXBB1NJJRTvg_xWsx1I6rVuOym7pE/getUpdates "HTTP/1.1 409 Conflict"
2026-07-25 22:25:53,664 ERROR [telegram.ext.Application] No error handlers are registered, logging exception.
Traceback (most recent call last):
  File "/home/rrangesi/goinfre/full-stack/p2p/backend/.venv/lib/python3.12/site-packages/telegram/ext/_utils/networkloop.py", line 161, in network_retry_loop
    await do_action()
  File "/home/rrangesi/goinfre/full-stack/p2p/backend/.venv/lib/python3.12/site-packages/telegram/ext/_utils/networkloop.py", line 154, in do_action
    action_cb_task.result()
  File "/home/rrangesi/goinfre/full-stack/p2p/backend/.venv/lib/python3.12/site-packages/telegram/ext/_updater.py", line 340, in polling_action_cb
    updates = await self.bot.get_updates(
              ^^^^^^^^^^^^^^^^^^^^^^^^^^^
  File "/home/rrangesi/goinfre/full-stack/p2p/backend/.venv/lib/python3.12/site-packages/telegram/ext/_extbot.py", line 680, in get_updates
    updates = await super().get_updates(
              ^^^^^^^^^^^^^^^^^^^^^^^^^^
  File "/home/rrangesi/goinfre/full-stack/p2p/backend/.venv/lib/python3.12/site-packages/telegram/_bot.py", line 4767, in get_updates
    await self._post(
  File "/home/rrangesi/goinfre/full-stack/p2p/backend/.venv/lib/python3.12/site-packages/telegram/_bot.py", line 712, in _post
    return await self._do_post(
           ^^^^^^^^^^^^^^^^^^^^
  File "/home/rrangesi/goinfre/full-stack/p2p/backend/.venv/lib/python3.12/site-packages/telegram/ext/_extbot.py", line 378, in _do_post
    return await super()._do_post(
           ^^^^^^^^^^^^^^^^^^^^^^^
  File "/home/rrangesi/goinfre/full-stack/p2p/backend/.venv/lib/python3.12/site-packages/telegram/_bot.py", line 741, in _do_post
    result = await request.post(
             ^^^^^^^^^^^^^^^^^^^
  File "/home/rrangesi/goinfre/full-stack/p2p/backend/.venv/lib/python3.12/site-packages/telegram/request/_baserequest.py", line 198, in post
    result = await self._request_wrapper(
             ^^^^^^^^^^^^^^^^^^^^^^^^^^^^
  File "/home/rrangesi/goinfre/full-stack/p2p/backend/.venv/lib/python3.12/site-packages/telegram/request/_baserequest.py", line 375, in _request_wrapper
    raise exception
telegram.error.Conflict: Conflict: terminated by other getUpdates request; make sure that only one bot instance is running
2026-07-25 22:25:57,159 INFO [httpx] HTTP Request: POST https://api.telegram.org/bot8994609682:AAH26IXXBB1NJJRTvg_xWsx1I6rVuOym7pE/getUpdates "HTTP/1.1 409 Conflict"
2026-07-25 22:25:57,161 ERROR [telegram.ext.Application] No error handlers are registered, logging exception.
Traceback (most recent call last):
  File "/home/rrangesi/goinfre/full-stack/p2p/backend/.venv/lib/python3.12/site-packages/telegram/ext/_utils/networkloop.py", line 161, in network_retry_loop
    await do_action()
  File "/home/rrangesi/goinfre/full-stack/p2p/backend/.venv/lib/python3.12/site-packages/telegram/ext/_utils/networkloop.py", line 154, in do_action
    action_cb_task.result()
  File "/home/rrangesi/goinfre/full-stack/p2p/backend/.venv/lib/python3.12/site-packages/telegram/ext/_updater.py", line 340, in polling_action_cb
    updates = await self.bot.get_updates(
              ^^^^^^^^^^^^^^^^^^^^^^^^^^^
  File "/home/rrangesi/goinfre/full-stack/p2p/backend/.venv/lib/python3.12/site-packages/telegram/ext/_extbot.py", line 680, in get_updates
    updates = await super().get_updates(
              ^^^^^^^^^^^^^^^^^^^^^^^^^^
  File "/home/rrangesi/goinfre/full-stack/p2p/backend/.venv/lib/python3.12/site-packages/telegram/_bot.py", line 4767, in get_updates
    await self._post(
  File "/home/rrangesi/goinfre/full-stack/p2p/backend/.venv/lib/python3.12/site-packages/telegram/_bot.py", line 712, in _post
    return await self._do_post(
           ^^^^^^^^^^^^^^^^^^^^
  File "/home/rrangesi/goinfre/full-stack/p2p/backend/.venv/lib/python3.12/site-packages/telegram/ext/_extbot.py", line 378, in _do_post
    return await super()._do_post(
           ^^^^^^^^^^^^^^^^^^^^^^^
  File "/home/rrangesi/goinfre/full-stack/p2p/backend/.venv/lib/python3.12/site-packages/telegram/_bot.py", line 741, in _do_post
    result = await request.post(
             ^^^^^^^^^^^^^^^^^^^
  File "/home/rrangesi/goinfre/full-stack/p2p/backend/.venv/lib/python3.12/site-packages/telegram/request/_baserequest.py", line 198, in post
    result = await self._request_wrapper(
             ^^^^^^^^^^^^^^^^^^^^^^^^^^^^
  File "/home/rrangesi/goinfre/full-stack/p2p/backend/.venv/lib/python3.12/site-packages/telegram/request/_baserequest.py", line 375, in _request_wrapper
    raise exception
telegram.error.Conflict: Conflict: terminated by other getUpdates request; make sure that only one bot instance is running
2026-07-25 22:26:03,645 INFO [httpx] HTTP Request: POST https://api.telegram.org/bot8994609682:AAH26IXXBB1NJJRTvg_xWsx1I6rVuOym7pE/getUpdates "HTTP/1.1 409 Conflict"
2026-07-25 22:26:03,646 ERROR [telegram.ext.Application] No error handlers are registered, logging exception.
Traceback (most recent call last):
  File "/home/rrangesi/goinfre/full-stack/p2p/backend/.venv/lib/python3.12/site-packages/telegram/ext/_utils/networkloop.py", line 161, in network_retry_loop
    await do_action()
  File "/home/rrangesi/goinfre/full-stack/p2p/backend/.venv/lib/python3.12/site-packages/telegram/ext/_utils/networkloop.py", line 154, in do_action
    action_cb_task.result()
  File "/home/rrangesi/goinfre/full-stack/p2p/backend/.venv/lib/python3.12/site-packages/telegram/ext/_updater.py", line 340, in polling_action_cb
    updates = await self.bot.get_updates(
              ^^^^^^^^^^^^^^^^^^^^^^^^^^^
  File "/home/rrangesi/goinfre/full-stack/p2p/backend/.venv/lib/python3.12/site-packages/telegram/ext/_extbot.py", line 680, in get_updates
    updates = await super().get_updates(
              ^^^^^^^^^^^^^^^^^^^^^^^^^^
  File "/home/rrangesi/goinfre/full-stack/p2p/backend/.venv/lib/python3.12/site-packages/telegram/_bot.py", line 4767, in get_updates
    await self._post(
  File "/home/rrangesi/goinfre/full-stack/p2p/backend/.venv/lib/python3.12/site-packages/telegram/_bot.py", line 712, in _post
    return await self._do_post(
           ^^^^^^^^^^^^^^^^^^^^
  File "/home/rrangesi/goinfre/full-stack/p2p/backend/.venv/lib/python3.12/site-packages/telegram/ext/_extbot.py", line 378, in _do_post
    return await super()._do_post(
           ^^^^^^^^^^^^^^^^^^^^^^^
  File "/home/rrangesi/goinfre/full-stack/p2p/backend/.venv/lib/python3.12/site-packages/telegram/_bot.py", line 741, in _do_post
    result = await request.post(
             ^^^^^^^^^^^^^^^^^^^
  File "/home/rrangesi/goinfre/full-stack/p2p/backend/.venv/lib/python3.12/site-packages/telegram/request/_baserequest.py", line 198, in post
    result = await self._request_wrapper(
             ^^^^^^^^^^^^^^^^^^^^^^^^^^^^
  File "/home/rrangesi/goinfre/full-stack/p2p/backend/.venv/lib/python3.12/site-packages/telegram/request/_baserequest.py", line 375, in _request_wrapper
    raise exception
telegram.error.Conflict: Conflict: terminated by other getUpdates request; make sure that only one bot instance is running
2026-07-25 22:26:10,887 INFO [httpx] HTTP Request: POST https://api.telegram.org/bot8994609682:AAH26IXXBB1NJJRTvg_xWsx1I6rVuOym7pE/getUpdates "HTTP/1.1 409 Conflict"
2026-07-25 22:26:10,888 ERROR [telegram.ext.Application] No error handlers are registered, logging exception.
Traceback (most recent call last):
  File "/home/rrangesi/goinfre/full-stack/p2p/backend/.venv/lib/python3.12/site-packages/telegram/ext/_utils/networkloop.py", line 161, in network_retry_loop
    await do_action()
  File "/home/rrangesi/goinfre/full-stack/p2p/backend/.venv/lib/python3.12/site-packages/telegram/ext/_utils/networkloop.py", line 154, in do_action
    action_cb_task.result()
  File "/home/rrangesi/goinfre/full-stack/p2p/backend/.venv/lib/python3.12/site-packages/telegram/ext/_updater.py", line 340, in polling_action_cb
    updates = await self.bot.get_updates(
              ^^^^^^^^^^^^^^^^^^^^^^^^^^^
  File "/home/rrangesi/goinfre/full-stack/p2p/backend/.venv/lib/python3.12/site-packages/telegram/ext/_extbot.py", line 680, in get_updates
    updates = await super().get_updates(
              ^^^^^^^^^^^^^^^^^^^^^^^^^^
  File "/home/rrangesi/goinfre/full-stack/p2p/backend/.venv/lib/python3.12/site-packages/telegram/_bot.py", line 4767, in get_updates
    await self._post(
  File "/home/rrangesi/goinfre/full-stack/p2p/backend/.venv/lib/python3.12/site-packages/telegram/_bot.py", line 712, in _post
    return await self._do_post(
           ^^^^^^^^^^^^^^^^^^^^
  File "/home/rrangesi/goinfre/full-stack/p2p/backend/.venv/lib/python3.12/site-packages/telegram/ext/_extbot.py", line 378, in _do_post
    return await super()._do_post(
           ^^^^^^^^^^^^^^^^^^^^^^^
  File "/home/rrangesi/goinfre/full-stack/p2p/backend/.venv/lib/python3.12/site-packages/telegram/_bot.py", line 741, in _do_post
    result = await request.post(
             ^^^^^^^^^^^^^^^^^^^
  File "/home/rrangesi/goinfre/full-stack/p2p/backend/.venv/lib/python3.12/site-packages/telegram/request/_baserequest.py", line 198, in post
    result = await self._request_wrapper(
             ^^^^^^^^^^^^^^^^^^^^^^^^^^^^
  File "/home/rrangesi/goinfre/full-stack/p2p/backend/.venv/lib/python3.12/site-packages/telegram/request/_baserequest.py", line 375, in _request_wrapper
    raise exception
telegram.error.Conflict: Conflict: terminated by other getUpdates request2026-07-25 22:26:15,040 INFO [httpx] HTTP Request:2026-07-25 22:26:22,968 INFO [httpx] HTTP Request: POST https://api.telegram.org/bot8994609682:AAH26IXXBB1NJJRTvg_xWsx1I6rVuOym7pE/getUpdates "HTTP/1.1 409 Conflict"
2026-07-25 22:26:22,970 ERROR [telegram.ext.Application] No error handlers are registered, logging exception.
Traceback (most recent call last):
  File "/home/rrangesi/goinfre/full-stack/p2p/backend/.venv/lib/python3.12/site-packages/telegram/ext/_utils/networkloop.py", line 161, in network_retry_loop
    await do_action()
  File "/home/rrangesi/goinfre/full-stack/p2p/backend/.venv/lib/python3.12/site-packages/telegram/ext/_utils/networkloop.py", line 154, in do_action
    action_cb_task.result()
  File "/home/rrangesi/goinfre/full-stack/p2p/backend/.venv/lib/python3.12/site-packages/telegram/ext/_updater.py", line 340, in polling_action_cb
    updates = await self.bot.get_updates(
              ^^^^^^^^^^^^^^^^^^^^^^^^^^^
  File "/home/rrangesi/goinfre/full-stack/p2p/backend/.venv/lib/python3.12/site-packages/telegram/ext/_extbot.py", line 680, in get_updates
    updates = await super().get_updates(
              ^^^^^^^^^^^^^^^^^^^^^^^^^^
  File "/home/rrangesi/goinfre/full-stack/p2p/backend/.venv/lib/python3.12/site-packages/telegram/_bot.py", line 4767, in get_updates
    await self._post(
  File "/home/rrangesi/goinfre/full-stack/p2p/backend/.venv/lib/python3.12/site-packages/telegram/_bot.py", line 712, in _post
    return await self._do_post(
           ^^^^^^^^^^^^^^^^^^^^
  File "/home/rrangesi/goinfre/full-stack/p2p/backend/.venv/lib/python3.12/site-packages/telegram/ext/_extbot.py", line 378, in _do_post
    return await super()._do_post(
           ^^^^^^^^^^^^^^^^^^^^^^^
  File "/home/rrangesi/goinfre/full-stack/p2p/backend/.venv/lib/python3.12/site-packages/telegram/_bot.py", line 741, in _do_post
    result = await request.post(
             ^^^^^^^^^^^^^^^^^^^
  File "/home/rrangesi/goinfre/full-stack/p2p/backend/.venv/lib/python3.12/site-packages/telegram/request/_baserequest.py", line 198, in post
    result = await self._request_wrapper(
             ^^^^^^^^^^^^^^^^^^^^^^^^^^^^
  File "/home/rrangesi/goinfre/full-stack/p2p/backend/.venv/lib/python3.12/site-packages/telegram/request/_baserequest.py", line 375, in _request_wrapper
    raise exception
telegram.error.Conflict: Conflict: terminated by other getUpdat2026-07-25 22:26:30,905 INFO [httpx] HTTP Request: POST http2026-07-25 22:26:34,004 INFO [httpx] HTTP Request: POST https://api.telegram.org/bot8994609682:AAH26IXXBB1NJJRTvg_xWsx1I6rVuOym7pE/getUpdates "HTTP/1.1 409 Conflict"
2026-07-25 22:26:34,006 ERROR [telegram.ext.Application] No error handlers are registered, logging exception.
Traceback (most recent call last):
  File "/home/rrangesi/goinfre/full-stack/p2p/backend/.venv/lib/python3.12/site-packages/telegram/ext/_utils/networkloop.py", line 161, in network_retry_loop
    await do_action()
  File "/home/rrangesi/goinfre/full-stack/p2p/backend/.venv/lib/python3.12/site-packages/telegram/ext/_utils/networkloop.py", line 154, in do_action
    action_cb_task.result()
  File "/home/rrangesi/goinfre/full-stack/p2p/backend/.venv/lib/python3.12/site-packages/telegram/ext/_updater.py", line 340, in polling_action_cb
    updates = await self.bot.get_updates(
              ^^^^^^^^^^^^^^^^^^^^^^^^^^^
  File "/home/rrangesi/goinfre/full-stack/p2p/backend/.venv/lib/python3.12/site-packages/telegram/ext/_extbot.py", line 680, in get_updates
    updates = await super().get_updates(
              ^^^^^^^^^^^^^^^^^^^^^^^^^^
  File "/home/rrangesi/goinfre/full-stack/p2p/backend/.venv/lib/python3.12/site-packages/telegram/_bot.py", line 4767, in get_updates
    await self._post(
  File "/home/rrangesi/goinfre/full-stack/p2p/backend/.venv/lib/python3.12/site-packages/telegram/_bot.py", line 712, in _post
    return await self._do_post(
           ^^^^^^^^^^^^^^^^^^^^
  File "/home/rrangesi/goinfre/full-stack/p2p/backend/.venv/lib/python3.12/site-packages/telegram/ext/_extbot.py", line 378, in _do_post
    return await super()._do_post(
           ^^^^^^^^^^^^^^^^^^^^^^^
  File "/home/rrangesi/goinfre/full-stack/p2p/backend/.venv/lib/python3.12/site-packages/telegram/_bot.py", line 741, in _do_post
    result = await request.post(
             ^^^^^^^^^^^^^^^^^^^
  File "/home/rrangesi/goinfre/full-stack/p2p/backend/.venv/lib/python3.12/site-packages/telegram/request/_baserequest.py", line 198, in post
    result = await self._request_wrapper(
             ^^^^^^^^^^^^^^^^^^^^^^^^^^^^
  File "/home/rrangesi/goinfre/full-stack/p2p/backend/.venv/lib/python3.12/site-packages/telegram/request/_baserequest.py", line 375, in _request_wrapper
    raise exception
telegram.error.Conflict: Conflict: terminated by othe2026-07-25 22:26:46,719 INFO [httpx] HTTP Request: POST https://api.te2026-07-25 22:26:50,337 INFO [httpx] HTTP Request: POST https://api.telegram.org/bot8994609682:AAH26IXXBB1NJJRTvg_xWsx1I6rVuOym7pE/getUpdates "HTTP/1.1 409 Conflict"
2026-07-25 22:26:50,338 ERROR [telegram.ext.Application] No error handlers are registered, logging exception.
Traceback (most recent call last):
  File "/home/rrangesi/goinfre/full-stack/p2p/backend/.venv/lib/python3.12/site-packages/telegram/ext/_utils/networkloop.py", line 161, in network_retry_loop
    await do_action()
  File "/home/rrangesi/goinfre/full-stack/p2p/backend/.venv/lib/python3.12/site-packages/telegram/ext/_utils/networkloop.py", line 154, in do_action
    action_cb_task.result()
  File "/home/rrangesi/goinfre/full-stack/p2p/backend/.venv/lib/python3.12/site-packages/telegram/ext/_updater.py", line 340, in polling_action_cb
    updates = await self.bot.get_updates(
              ^^^^^^^^^^^^^^^^^^^^^^^^^^^
  File "/home/rrangesi/goinfre/full-stack/p2p/backend/.venv/lib/python3.12/site-packages/telegram/ext/_extbot.py", line 680, in get_updates
    updates = await super().get_updates(
              ^^^^^^^^^^^^^^^^^^^^^^^^^^
  File "/home/rrangesi/goinfre/full-stack/p2p/backend/.venv/lib/python3.12/site-packages/telegram/_bot.py", line 4767, in get_updates
    await self._post(
  File "/home/rrangesi/goinfre/full-stack/p2p/backend/.venv/lib/python3.12/site-packages/telegram/_bot.py", line 712, in _post
    return await self._do_post(
           ^^^^^^^^^^^^^^^^^^^^
  File "/home/rrangesi/goinfre/full-stack/p2p/backend/.venv/lib/python3.12/site-packages/telegram/ext/_extbot.py", line 378, in _do_post
    return await super()._do_post(
           ^^^^^^^^^^^^^^^^^^^^^^^
  File "/home/rrangesi/goinfre/full-stack/p2p/backend/.venv/lib/python3.12/site-packages/telegram/_bot.py", line 741, in _do_post
    result = await request.post(
             ^^^^^^^^^^^^^^^^^^^
  File "/home/rrangesi/goinfre/full-stack/p2p/backend/.venv/lib/python3.12/site-packages/telegram/request/_baserequest.py", line 198, in post
    result = await self._request_wrapper(
             ^^^^^^^^^^^^^^^^^^^^^^^^^^^^
  File "/home/rrangesi/goinfre/full-stack/p2p/backend/.venv/lib/python3.12/site-packages/telegram/request/_baserequest.py", line 375, in _request_wrapper
    raise exception
telegram.error.Conflict: Conflict: terminat2026-07-25 22:27:08,267 INFO [httpx] HTTP Request: POST https://api.telegram.org2026-07-25 22:27:12,370 INFO [httpx] HTTP Request: POST https://api.telegram.org/bot8994609682:AAH26IXXBB1NJJRTvg_xWsx1I6rVuOym7pE/getUpdates "HTTP/1.1 409 Conflict"
2026-07-25 22:27:12,371 ERROR [telegram.ext.Application] No error handlers are registered, logging exception.
Traceback (most recent call last):
  File "/home/rrangesi/goinfre/full-stack/p2p/backend/.venv/lib/python3.12/site-packages/telegram/ext/_utils/networkloop.py", line 161, in network_retry_loop
    await do_action()
  File "/home/rrangesi/goinfre/full-stack/p2p/backend/.venv/lib/python3.12/site-packages/telegram/ext/_utils/networkloop.py", line 154, in do_action
    action_cb_task.result()
  File "/home/rrangesi/goinfre/full-stack/p2p/backend/.venv/lib/python3.12/site-packages/telegram/ext/_updater.py", line 340, in polling_action_cb
    updates = await self.bot.get_updates(
              ^^^^^^^^^^^^^^^^^^^^^^^^^^^
  File "/home/rrangesi/goinfre/full-stack/p2p/backend/.venv/lib/python3.12/site-packages/telegram/ext/_extbot.py", line 680, in get_updates
    updates = await super().get_updates(
              ^^^^^^^^^^^^^^^^^^^^^^^^^^
  File "/home/rrangesi/goinfre/full-stack/p2p/backend/.venv/lib/python3.12/site-packages/telegram/_bot.py", line 4767, in get_updates
    await self._post(
  File "/home/rrangesi/goinfre/full-stack/p2p/backend/.venv/lib/python3.12/site-packages/telegram/_bot.py", line 712, in _post
    return await self._do_post(
           ^^^^^^^^^^^^^^^^^^^^
  File "/home/rrangesi/goinfre/full-stack/p2p/backend/.venv/lib/python3.12/site-packages/telegram/ext/_extbot.py", line 378, in _do_post
    return await super()._do_post(
           ^^^^^^^^^^^^^^^^^^^^^^^
  File "/home/rrangesi/goinfre/full-stack/p2p/backend/.venv/lib/python3.12/site-packages/telegram/_bot.py", line 741, in _do_post
    result = await request.post(
             ^^^^^^^^^^^^^^^^^^^
  File "/home/rrangesi/goinfre/full-stack/p2p/backend/.venv/lib/python3.12/site-packages/telegram/request/_baserequest.py", line 198, in post
    result = await self._request_wrapper(
             ^^^^^^^^^^^^^^^^^^^^^^^^^^^^
  File "/home/rrangesi/goinfre/full-stack/p2p/backend/.venv/lib/python3.12/site-packages/telegram/request/_baserequest.py", line 375, in _request_wrapper
    raise exception
telegram.error.Conflict: Conflict2026-07-25 22:27:38,311 INFO [httpx] HTTP Request: POST https://api.telegram.org/bot8994602026-07-25 22:27:42,929 INFO [httpx] HTTP Request: POST https://api.telegram.org/bot8994609682:AAH26IXXBB1NJJRTvg_xWsx1I6rVuOym7pE/getUpdates "HTTP/1.1 409 Conflict"
2026-07-25 22:27:42,930 ERROR [telegram.ext.Application] No error handlers are registered, logging exception.
Traceback (most recent call last):
  File "/home/rrangesi/goinfre/full-stack/p2p/backend/.venv/lib/python3.12/site-packages/telegram/ext/_utils/networkloop.py", line 161, in network_retry_loop
    await do_action()
  File "/home/rrangesi/goinfre/full-stack/p2p/backend/.venv/lib/python3.12/site-packages/telegram/ext/_utils/networkloop.py", line 154, in do_action
    action_cb_task.result()
  File "/home/rrangesi/goinfre/full-stack/p2p/backend/.venv/lib/python3.12/site-packages/telegram/ext/_updater.py", line 340, in polling_action_cb
    updates = await self.bot.get_updates(
              ^^^^^^^^^^^^^^^^^^^^^^^^^^^
  File "/home/rrangesi/goinfre/full-stack/p2p/backend/.venv/lib/python3.12/site-packages/telegram/ext/_extbot.py", line 680, in get_updates
    updates = await super().get_updates(
              ^^^^^^^^^^^^^^^^^^^^^^^^^^
  File "/home/rrangesi/goinfre/full-stack/p2p/backend/.venv/lib/python3.12/site-packages/telegram/_bot.py", line 4767, in get_updates
    await self._post(
  File "/home/rrangesi/goinfre/full-stack/p2p/backend/.venv/lib/python3.12/site-packages/telegram/_bot.py", line 712, in _post
    return await self._do_post(
           ^^^^^^^^^^^^^^^^^^^^
  File "/home/rrangesi/goinfre/full-stack/p2p/backend/.venv/lib/python3.12/site-packages/telegram/ext/_extbot.py", line 378, in _do_post
    return await super()._do_post(
           ^^^^^^^^^^^^^^^^^^^^^^^
  File "/home/rrangesi/goinfre/full-stack/p2p/backend/.venv/lib/python3.12/site-packages/telegram/_bot.py", line 741, in _do_post
    result = await request.post(
             ^^^^^^^^^^^^^^^^^^^
  File "/home/rrangesi/goinfre/full-stack/p2p/backend/.venv/lib/python3.12/site-packages/telegram/request/_baserequest.py", line 198, in post
    result = await self._request_wrapper(
             ^^^^^^^^^^^^^^^^^^^^^^^^^^^^
  File "/home/rrangesi/goinfre/full-stack/p2p/backend/.venv/lib/python3.12/site-packages/telegram/request/_baserequest.py", line 375, in _request_wrapper
    raise exception
telegram.error.Conflict2026-07-25 22:28:12,739 INFO [httpx] HTTP Request: POST https://api.telegram.org/bot8994609682:AAH262026-07-25 22:28:17,924 INFO [httpx] HTTP Request: POST https://api.telegram.org/bot8994609682:AAH26IXXBB1NJJRTvg_xWsx1I6rVuOym7pE/getUpdates "HTTP/1.1 409 Conflict"
2026-07-25 22:28:17,925 ERROR [telegram.ext.Application] No error handlers are registered, logging exception.
Traceback (most recent call last):
  File "/home/rrangesi/goinfre/full-stack/p2p/backend/.venv/lib/python3.12/site-packages/telegram/ext/_utils/networkloop.py", line 161, in network_retry_loop
    await do_action()
  File "/home/rrangesi/goinfre/full-stack/p2p/backend/.venv/lib/python3.12/site-packages/telegram/ext/_utils/networkloop.py", line 154, in do_action
    action_cb_task.result()
  File "/home/rrangesi/goinfre/full-stack/p2p/backend/.venv/lib/python3.12/site-packages/telegram/ext/_updater.py", line 340, in polling_action_cb
    updates = await self.bot.get_updates(
              ^^^^^^^^^^^^^^^^^^^^^^^^^^^
  File "/home/rrangesi/goinfre/full-stack/p2p/backend/.venv/lib/python3.12/site-packages/telegram/ext/_extbot.py", line 680, in get_updates
    updates = await super().get_updates(
              ^^^^^^^^^^^^^^^^^^^^^^^^^^
  File "/home/rrangesi/goinfre/full-stack/p2p/backend/.venv/lib/python3.12/site-packages/telegram/_bot.py", line 4767, in get_updates
    await self._post(
  File "/home/rrangesi/goinfre/full-stack/p2p/backend/.venv/lib/python3.12/site-packages/telegram/_bot.py", line 712, in _post
    return await self._do_post(
           ^^^^^^^^^^^^^^^^^^^^
  File "/home/rrangesi/goinfre/full-stack/p2p/backend/.venv/lib/python3.12/site-packages/telegram/ext/_extbot.py", line 378, in _do_post
    return await super()._do_post(
           ^^^^^^^^^^^^^^^^^^^^^^^
  File "/home/rrangesi/goinfre/full-stack/p2p/backend/.venv/lib/python3.12/site-packages/telegram/_bot.py", line 741, in _do_post
    result = await request.post(
             ^^^^^^^^^^^^^^^^^^^
  File "/home/rrangesi/goinfre/full-stack/p2p/backend/.venv/lib/python3.12/site-packages/telegram/request/_baserequest.py", line 198, in post
    result = await self._request_wrapper(
             ^^^^^^^^^^^^^^^^^^^^^^^^^^^^
  File "/home/rrangesi/goinfre/full-stack/p2p/backend/.venv/lib/python3.12/site-packages/telegram/request/_baserequest.py", line 375, in _request_wrapper
    raise exception
telegram.erro2026-07-25 22:28:47,176 INFO [httpx] HTTP Request: POST https://api.telegram.org/bot8994609682:AAH26IXXBB1NJJR2026-07-25 22:28:52,893 INFO [httpx] HTTP Request: POST https://api.telegram.org/bot8994609682:AAH26IXXBB1NJJRTvg_xWsx1I6rVuOym7pE/getUpdates "HTTP/1.1 409 Conflict"
2026-07-25 22:28:52,894 ERROR [telegram.ext.Application] No error handlers are registered, logging exception.
Traceback (most recent call last):
  File "/home/rrangesi/goinfre/full-stack/p2p/backend/.venv/lib/python3.12/site-packages/telegram/ext/_utils/networkloop.py", line 161, in network_retry_loop
    await do_action()
  File "/home/rrangesi/goinfre/full-stack/p2p/backend/.venv/lib/python3.12/site-packages/telegram/ext/_utils/networkloop.py", line 154, in do_action
    action_cb_task.result()
  File "/home/rrangesi/goinfre/full-stack/p2p/backend/.venv/lib/python3.12/site-packages/telegram/ext/_updater.py", line 340, in polling_action_cb
    updates = await self.bot.get_updates(
              ^^^^^^^^^^^^^^^^^^^^^^^^^^^
  File "/home/rrangesi/goinfre/full-stack/p2p/backend/.venv/lib/python3.12/site-packages/telegram/ext/_extbot.py", line 680, in get_updates
    updates = await super().get_updates(
              ^^^^^^^^^^^^^^^^^^^^^^^^^^
  File "/home/rrangesi/goinfre/full-stack/p2p/backend/.venv/lib/python3.12/site-packages/telegram/_bot.py", line 4767, in get_updates
    await self._post(
  File "/home/rrangesi/goinfre/full-stack/p2p/backend/.venv/lib/python3.12/site-packages/telegram/_bot.py", line 712, in _post
    return await self._do_post(
           ^^^^^^^^^^^^^^^^^^^^
  File "/home/rrangesi/goinfre/full-stack/p2p/backend/.venv/lib/python3.12/site-packages/telegram/ext/_extbot.py", line 378, in _do_post
    return await super()._do_post(
           ^^^^^^^^^^^^^^^^^^^^^^^
  File "/home/rrangesi/goinfre/full-stack/p2p/backend/.venv/lib/python3.12/site-packages/telegram/_bot.py", line 741, in _do_post
    result = await request.post(
             ^^^^^^^^^^^^^^^^^^^
  File "/home/rrangesi/goinfre/full-stack/p2p/backend/.venv/lib/python3.12/site-packages/telegram/request/_baserequest.py", line 198, in post
    result = await self._request_wrapper(
             ^^^^^^^^^^^^^^^^^^^^^^^^^^^^
  File "/home/rrangesi/goinfre/full-stack/p2p/backend/.venv/lib/python3.12/site-packages/telegram/request/_baserequest.py", line 375, in _request_wrapper
    raise exception
tel2026-07-25 22:29:21,604 INFO [httpx] HTTP Request: POST https://api.telegram.org/bot8994609682:AAH26IXXBB1NJJRTvg_xWsx1I2026-07-25 22:29:27,825 INFO [httpx] HTTP Request: POST https://api.telegram.org/bot8994609682:AAH26IXXBB1NJJRTvg_xWsx1I6rVuOym7pE/getUpdates "HTTP/1.1 409 Conflict"
2026-07-25 22:29:27,826 ERROR [telegram.ext.Application] No error handlers are registered, logging exception.
Traceback (most recent call last):
  File "/home/rrangesi/goinfre/full-stack/p2p/backend/.venv/lib/python3.12/site-packages/telegram/ext/_utils/networkloop.py", line 161, in network_retry_loop
    await do_action()
  File "/home/rrangesi/goinfre/full-stack/p2p/backend/.venv/lib/python3.12/site-packages/telegram/ext/_utils/networkloop.py", line 154, in do_action
    action_cb_task.result()
  File "/home/rrangesi/goinfre/full-stack/p2p/backend/.venv/lib/python3.12/site-packages/telegram/ext/_updater.py", line 340, in polling_action_cb
    updates = await self.bot.get_updates(
              ^^^^^^^^^^^^^^^^^^^^^^^^^^^
  File "/home/rrangesi/goinfre/full-stack/p2p/backend/.venv/lib/python3.12/site-packages/telegram/ext/_extbot.py", line 680, in get_updates
    updates = await super().get_updates(
              ^^^^^^^^^^^^^^^^^^^^^^^^^^
  File "/home/rrangesi/goinfre/full-stack/p2p/backend/.venv/lib/python3.12/site-packages/telegram/_bot.py", line 4767, in get_updates
    await self._post(
  File "/home/rrangesi/goinfre/full-stack/p2p/backend/.venv/lib/python3.12/site-packages/telegram/_bot.py", line 712, in _post
    return await self._do_post(
           ^^^^^^^^^^^^^^^^^^^^
  File "/home/rrangesi/goinfre/full-stack/p2p/backend/.venv/lib/python3.12/site-packages/telegram/ext/_extbot.py", line 378, in _do_post
    return await super()._do_post(
           ^^^^^^^^^^^^^^^^^^^^^^^
  File "/home/rrangesi/goinfre/full-stack/p2p/backend/.venv/lib/python3.12/site-packages/telegram/_bot.py", line 741, in _do_post
    result = await request.post(
             ^^^^^^^^^^^^^^^^^^^
  File "/home/rrangesi/goinfre/full-stack/p2p/backend/.venv/lib/python3.12/site-packages/telegram/request/_baserequest.py", line 198, in post
    result = await self._request_wrapper(
             ^^^^^^^^^^^^^^^^^^^^^^^^^^^^
  File "/home/rrangesi/goinfre/full-stack/p2p/backend/.venv/lib/python3.12/site-packages/telegram/request/_baserequest.py", line 375, in _request_wrapper
    raise exc2026-07-25 22:29:56,040 INFO [httpx] HTTP Request: POST https://api.telegram.org/bot8994609682:AAH26IXXBB1NJJRTvg_xWsx1I6rVuOym7pE2026-07-25 22:30:02,753 INFO [httpx] HTTP Request: POST https://api.telegram.org/bot8994609682:AAH26IXXBB1NJJRTvg_xWsx1I6rVuOym7pE/getUpdates "HTTP/1.1 409 Conflict"
2026-07-25 22:30:02,754 ERROR [telegram.ext.Application] No error handlers are registered, logging exception.
Traceback (most recent call last):
  File "/home/rrangesi/goinfre/full-stack/p2p/backend/.venv/lib/python3.12/site-packages/telegram/ext/_utils/networkloop.py", line 161, in network_retry_loop
    await do_action()
  File "/home/rrangesi/goinfre/full-stack/p2p/backend/.venv/lib/python3.12/site-packages/telegram/ext/_utils/networkloop.py", line 154, in do_action
    action_cb_task.result()
  File "/home/rrangesi/goinfre/full-stack/p2p/backend/.venv/lib/python3.12/site-packages/telegram/ext/_updater.py", line 340, in polling_action_cb
    updates = await self.bot.get_updates(
              ^^^^^^^^^^^^^^^^^^^^^^^^^^^
  File "/home/rrangesi/goinfre/full-stack/p2p/backend/.venv/lib/python3.12/site-packages/telegram/ext/_extbot.py", line 680, in get_updates
    updates = await super().get_updates(
              ^^^^^^^^^^^^^^^^^^^^^^^^^^
  File "/home/rrangesi/goinfre/full-stack/p2p/backend/.venv/lib/python3.12/site-packages/telegram/_bot.py", line 4767, in get_updates
    await self._post(
  File "/home/rrangesi/goinfre/full-stack/p2p/backend/.venv/lib/python3.12/site-packages/telegram/_bot.py", line 712, in _post
    return await self._do_post(
           ^^^^^^^^^^^^^^^^^^^^
  File "/home/rrangesi/goinfre/full-stack/p2p/backend/.venv/lib/python3.12/site-packages/telegram/ext/_extbot.py", line 378, in _do_post
    return await super()._do_post(
           ^^^^^^^^^^^^^^^^^^^^^^^
  File "/home/rrangesi/goinfre/full-stack/p2p/backend/.venv/lib/python3.12/site-packages/telegram/_bot.py", line 741, in _do_post
    result = await request.post(
             ^^^^^^^^^^^^^^^^^^^
  File "/home/rrangesi/goinfre/full-stack/p2p/backend/.venv/lib/python3.12/site-packages/telegram/request/_baserequest.py", line 198, in post
    result = await self._request_wrapper(
             ^^^^^^^^^^^^^^^^^^^^^^^^^^^^
  File "/home/rrangesi/goinfre/full-stack/p2p/backend/.venv/lib/python3.12/site-packages/telegram/request/_baserequest.py", line 375, in _request_wrapper
   2026-07-25 22:30:30,460 INFO [httpx] HTTP Request: POST https://api.telegram.org/bot8994609682:AAH26IXXBB1NJJRTvg_xWsx1I6rVuOym7pE/getUpdate2026-07-25 22:30:37,688 INFO [httpx] HTTP Request: POST https://api.telegram.org/bot8994609682:AAH26IXXBB1NJJRTvg_xWsx1I6rVuOym7pE/getUpdates "HTTP/1.1 409 Conflict"
2026-07-25 22:30:37,690 ERROR [telegram.ext.Application] No error handlers are registered, logging exception.
Traceback (most recent call last):
  File "/home/rrangesi/goinfre/full-stack/p2p/backend/.venv/lib/python3.12/site-packages/telegram/ext/_utils/networkloop.py", line 161, in network_retry_loop
    await do_action()
  File "/home/rrangesi/goinfre/full-stack/p2p/backend/.venv/lib/python3.12/site-packages/telegram/ext/_utils/networkloop.py", line 154, in do_action
    action_cb_task.result()
  File "/home/rrangesi/goinfre/full-stack/p2p/backend/.venv/lib/python3.12/site-packages/telegram/ext/_updater.py", line 340, in polling_action_cb
    updates = await self.bot.get_updates(
              ^^^^^^^^^^^^^^^^^^^^^^^^^^^
  File "/home/rrangesi/goinfre/full-stack/p2p/backend/.venv/lib/python3.12/site-packages/telegram/ext/_extbot.py", line 680, in get_updates
    updates = await super().get_updates(
              ^^^^^^^^^^^^^^^^^^^^^^^^^^
  File "/home/rrangesi/goinfre/full-stack/p2p/backend/.venv/lib/python3.12/site-packages/telegram/_bot.py", line 4767, in get_updates
    await self._post(
  File "/home/rrangesi/goinfre/full-stack/p2p/backend/.venv/lib/python3.12/site-packages/telegram/_bot.py", line 712, in _post
    return await self._do_post(
           ^^^^^^^^^^^^^^^^^^^^
  File "/home/rrangesi/goinfre/full-stack/p2p/backend/.venv/lib/python3.12/site-packages/telegram/ext/_extbot.py", line 378, in _do_post
    return await super()._do_post(
           ^^^^^^^^^^^^^^^^^^^^^^^
  File "/home/rrangesi/goinfre/full-stack/p2p/backend/.venv/lib/python3.12/site-packages/telegram/_bot.py", line 741, in _do_post
    result = await request.post(
             ^^^^^^^^^^^^^^^^^^^
  File "/home/rrangesi/goinfre/full-stack/p2p/backend/.venv/lib/python3.12/site-packages/telegram/request/_baserequest.py", line 198, in post
    result = await self._request_wrapper(
             ^^^^^^^^^^^^^^^^^^^^^^^^^^^^
  File "/home/rrangesi/goinfre/full-stack/p2p/backend/.venv/lib/python3.12/site-packages/telegram/request/_baserequest.py", line 375, in _request_w2026-07-25 22:31:04,914 INFO [httpx] HTTP Request: POST https://api.telegram.org/bot8994609682:AAH26IXXBB1NJJRTvg_xWsx1I6rVuOym7pE/getUpdates "HTTP/1.2026-07-25 22:31:12,656 INFO [httpx] HTTP Request: POST https://api.telegram.org/bot8994609682:AAH26IXXBB1NJJRTvg_xWsx1I6rVuOym7pE/getUpdates "HTTP/1.1 409 Conflict"
2026-07-25 22:31:12,657 ERROR [telegram.ext.Application] No error handlers are registered, logging exception.
Traceback (most recent call last):
  File "/home/rrangesi/goinfre/full-stack/p2p/backend/.venv/lib/python3.12/site-packages/telegram/ext/_utils/networkloop.py", line 161, in network_retry_loop
    await do_action()
  File "/home/rrangesi/goinfre/full-stack/p2p/backend/.venv/lib/python3.12/site-packages/telegram/ext/_utils/networkloop.py", line 154, in do_action
    action_cb_task.result()
  File "/home/rrangesi/goinfre/full-stack/p2p/backend/.venv/lib/python3.12/site-packages/telegram/ext/_updater.py", line 340, in polling_action_cb
    updates = await self.bot.get_updates(
              ^^^^^^^^^^^^^^^^^^^^^^^^^^^
  File "/home/rrangesi/goinfre/full-stack/p2p/backend/.venv/lib/python3.12/site-packages/telegram/ext/_extbot.py", line 680, in get_updates
    updates = await super().get_updates(
              ^^^^^^^^^^^^^^^^^^^^^^^^^^
  File "/home/rrangesi/goinfre/full-stack/p2p/backend/.venv/lib/python3.12/site-packages/telegram/_bot.py", line 4767, in get_updates
    await self._post(
  File "/home/rrangesi/goinfre/full-stack/p2p/backend/.venv/lib/python3.12/site-packages/telegram/_bot.py", line 712, in _post
    return await self._do_post(
           ^^^^^^^^^^^^^^^^^^^^
  File "/home/rrangesi/goinfre/full-stack/p2p/backend/.venv/lib/python3.12/site-packages/telegram/ext/_extbot.py", line 378, in _do_post
    return await super()._do_post(
           ^^^^^^^^^^^^^^^^^^^^^^^
  File "/home/rrangesi/goinfre/full-stack/p2p/backend/.venv/lib/python3.12/site-packages/telegram/_bot.py", line 741, in _do_post
    result = await request.post(
             ^^^^^^^^^^^^^^^^^^^
  File "/home/rrangesi/goinfre/full-stack/p2p/backend/.venv/lib/python3.12/site-packages/telegram/request/_baserequest.py", line 198, in post
    result = await self._request_wrapper(
             ^^^^^^^^^^^^^^^^^^^^^^^^^^^^
  File "/home/rrangesi/goinfre/full-stack/p2p/backend/.venv/lib/python3.12/site-packages/telegram/request/_baserequest.py", line 375, in 2026-07-25 22:31:39,349 INFO [httpx] HTTP Request: POST https://api.telegram.org/bot8994609682:AAH26IXXBB1NJJRTvg_xWsx1I6rVuOym7pE/getUpdates "HTTP/1.1 409 Conf2026-07-25 22:31:47,589 INFO [httpx] HTTP Request: POST https://api.telegram.org/bot8994609682:AAH26IXXBB1NJJRTvg_xWsx1I6rVuOym7pE/getUpdates "HTTP/1.1 409 Conflict"
2026-07-25 22:31:47,590 ERROR [telegram.ext.Application] No error handlers are registered, logging exception.
Traceback (most recent call last):
  File "/home/rrangesi/goinfre/full-stack/p2p/backend/.venv/lib/python3.12/site-packages/telegram/ext/_utils/networkloop.py", line 161, in network_retry_loop
    await do_action()
  File "/home/rrangesi/goinfre/full-stack/p2p/backend/.venv/lib/python3.12/site-packages/telegram/ext/_utils/networkloop.py", line 154, in do_action
    action_cb_task.result()
  File "/home/rrangesi/goinfre/full-stack/p2p/backend/.venv/lib/python3.12/site-packages/telegram/ext/_updater.py", line 340, in polling_action_cb
    updates = await self.bot.get_updates(
              ^^^^^^^^^^^^^^^^^^^^^^^^^^^
  File "/home/rrangesi/goinfre/full-stack/p2p/backend/.venv/lib/python3.12/site-packages/telegram/ext/_extbot.py", line 680, in get_updates
    updates = await super().get_updates(
              ^^^^^^^^^^^^^^^^^^^^^^^^^^
  File "/home/rrangesi/goinfre/full-stack/p2p/backend/.venv/lib/python3.12/site-packages/telegram/_bot.py", line 4767, in get_updates
    await self._post(
  File "/home/rrangesi/goinfre/full-stack/p2p/backend/.venv/lib/python3.12/site-packages/telegram/_bot.py", line 712, in _post
    return await self._do_post(
           ^^^^^^^^^^^^^^^^^^^^
  File "/home/rrangesi/goinfre/full-stack/p2p/backend/.venv/lib/python3.12/site-packages/telegram/ext/_extbot.py", line 378, in _do_post
    return await super()._do_post(
           ^^^^^^^^^^^^^^^^^^^^^^^
  File "/home/rrangesi/goinfre/full-stack/p2p/backend/.venv/lib/python3.12/site-packages/telegram/_bot.py", line 741, in _do_post
    result = await request.post(
             ^^^^^^^^^^^^^^^^^^^
  File "/home/rrangesi/goinfre/full-stack/p2p/backend/.venv/lib/python3.12/site-packages/telegram/request/_baserequest.py", line 198, in post
    result = await self._request_wrapper(
             ^^^^^^^^^^^^^^^^^^^^^^^^^^^^
  File "/home/rrangesi/goinfre/full-stack/p2p/backend/.venv/lib/python3.12/site-packages/telegram/request/_baserequest.py", lin2026-07-25 22:32:13,766 INFO [httpx] HTTP Request: POST https://api.telegram.org/bot8994609682:AAH26IXXBB1NJJRTvg_xWsx1I6rVuOym7pE/getUpdates "HTTP/1.1 409 Conflict"
20262026-07-25 22:32:22,545 INFO [httpx] HTTP Request: POST https://api.telegram.org/bot8994609682:AAH26IXXBB1NJJRTvg_xWsx1I6rVuOym7pE/getUpdates "HTTP/1.1 409 Conflict"
2026-07-25 22:32:22,546 ERROR [telegram.ext.Application] No error handlers are registered, logging exception.
Traceback (most recent call last):
  File "/home/rrangesi/goinfre/full-stack/p2p/backend/.venv/lib/python3.12/site-packages/telegram/ext/_utils/networkloop.py", line 161, in network_retry_loop
    await do_action()
  File "/home/rrangesi/goinfre/full-stack/p2p/backend/.venv/lib/python3.12/site-packages/telegram/ext/_utils/networkloop.py", line 154, in do_action
    action_cb_task.result()
  File "/home/rrangesi/goinfre/full-stack/p2p/backend/.venv/lib/python3.12/site-packages/telegram/ext/_updater.py", line 340, in polling_action_cb
    updates = await self.bot.get_updates(
              ^^^^^^^^^^^^^^^^^^^^^^^^^^^
  File "/home/rrangesi/goinfre/full-stack/p2p/backend/.venv/lib/python3.12/site-packages/telegram/ext/_extbot.py", line 680, in get_updates
    updates = await super().get_updates(
              ^^^^^^^^^^^^^^^^^^^^^^^^^^
  File "/home/rrangesi/goinfre/full-stack/p2p/backend/.venv/lib/python3.12/site-packages/telegram/_bot.py", line 4767, in get_updates
    await self._post(
  File "/home/rrangesi/goinfre/full-stack/p2p/backend/.venv/lib/python3.12/site-packages/telegram/_bot.py", line 712, in _post
    return await self._do_post(
           ^^^^^^^^^^^^^^^^^^^^
  File "/home/rrangesi/goinfre/full-stack/p2p/backend/.venv/lib/python3.12/site-packages/telegram/ext/_extbot.py", line 378, in _do_post
    return await super()._do_post(
           ^^^^^^^^^^^^^^^^^^^^^^^
  File "/home/rrangesi/goinfre/full-stack/p2p/backend/.venv/lib/python3.12/site-packages/telegram/_bot.py", line 741, in _do_post
    result = await request.post(
             ^^^^^^^^^^^^^^^^^^^
  File "/home/rrangesi/goinfre/full-stack/p2p/backend/.venv/lib/python3.12/site-packages/telegram/request/_baserequest.py", line 198, in post
    result = await self._request_wrapper(
             ^^^^^^^^^^^^^^^^^^^^^^^^^^^^
  File "/home/rrangesi/goinfre/full-stack/p2p/backend/.venv/lib/python3.12/site-packages/telegram/request/_basereques2026-07-25 22:32:48,207 INFO [httpx] HTTP Request: POST https://api.telegram.org/bot8994609682:AAH26IXXBB1NJJRTvg_xWsx1I6rVuOym7pE/getUpdates "HTTP/1.1 409 Conflict"
2026-07-25 22:2026-07-25 22:32:57,471 INFO [httpx] HTTP Request: POST https://api.telegram.org/bot8994609682:AAH26IXXBB1NJJRTvg_xWsx1I6rVuOym7pE/getUpdates "HTTP/1.1 409 Conflict"
2026-07-25 22:32:57,472 ERROR [telegram.ext.Application] No error handlers are registered, logging exception.
Traceback (most recent call last):
  File "/home/rrangesi/goinfre/full-stack/p2p/backend/.venv/lib/python3.12/site-packages/telegram/ext/_utils/networkloop.py", line 161, in network_retry_loop
    await do_action()
  File "/home/rrangesi/goinfre/full-stack/p2p/backend/.venv/lib/python3.12/site-packages/telegram/ext/_utils/networkloop.py", line 154, in do_action
    action_cb_task.result()
  File "/home/rrangesi/goinfre/full-stack/p2p/backend/.venv/lib/python3.12/site-packages/telegram/ext/_updater.py", line 340, in polling_action_cb
    updates = await self.bot.get_updates(
              ^^^^^^^^^^^^^^^^^^^^^^^^^^^
  File "/home/rrangesi/goinfre/full-stack/p2p/backend/.venv/lib/python3.12/site-packages/telegram/ext/_extbot.py", line 680, in get_updates
    updates = await super().get_updates(
              ^^^^^^^^^^^^^^^^^^^^^^^^^^
  File "/home/rrangesi/goinfre/full-stack/p2p/backend/.venv/lib/python3.12/site-packages/telegram/_bot.py", line 4767, in get_updates
    await self._post(
  File "/home/rrangesi/goinfre/full-stack/p2p/backend/.venv/lib/python3.12/site-packages/telegram/_bot.py", line 712, in _post
    return await self._do_post(
           ^^^^^^^^^^^^^^^^^^^^
  File "/home/rrangesi/goinfre/full-stack/p2p/backend/.venv/lib/python3.12/site-packages/telegram/ext/_extbot.py", line 378, in _do_post
    return await super()._do_post(
           ^^^^^^^^^^^^^^^^^^^^^^^
  File "/home/rrangesi/goinfre/full-stack/p2p/backend/.venv/lib/python3.12/site-packages/telegram/_bot.py", line 741, in _do_post
    result = await request.post(
             ^^^^^^^^^^^^^^^^^^^
  File "/home/rrangesi/goinfre/full-stack/p2p/backend/.venv/lib/python3.12/site-packages/telegram/request/_baserequest.py", line 198, in post
    result = await self._request_wrapper(
             ^^^^^^^^^^^^^^^^^^^^^^^^^^^^
  File "/home/rrangesi/goinfre/full-stack/p2p/backend/.venv/lib/python3.12/site-packages/telegram/request/_2026-07-25 22:33:22,658 INFO [httpx] HTTP Request: POST https://api.telegram.org/bot8994609682:AAH26IXXBB1NJJRTvg_xWsx1I6rVuOym7pE/getUpdates "HTTP/1.1 409 Conflict"
2026-07-25 22:33:22,659 2026-07-25 22:33:32,431 INFO [httpx] HTTP Request: POST https://api.telegram.org/bot8994609682:AAH26IXXBB1NJJRTvg_xWsx1I6rVuOym7pE/getUpdates "HTTP/1.1 409 Conflict"
2026-07-25 22:33:32,432 ERROR [telegram.ext.Application] No error handlers are registered, logging exception.
Traceback (most recent call last):
  File "/home/rrangesi/goinfre/full-stack/p2p/backend/.venv/lib/python3.12/site-packages/telegram/ext/_utils/networkloop.py", line 161, in network_retry_loop
    await do_action()
  File "/home/rrangesi/goinfre/full-stack/p2p/backend/.venv/lib/python3.12/site-packages/telegram/ext/_utils/networkloop.py", line 154, in do_action
    action_cb_task.result()
  File "/home/rrangesi/goinfre/full-stack/p2p/backend/.venv/lib/python3.12/site-packages/telegram/ext/_updater.py", line 340, in polling_action_cb
    updates = await self.bot.get_updates(
              ^^^^^^^^^^^^^^^^^^^^^^^^^^^
  File "/home/rrangesi/goinfre/full-stack/p2p/backend/.venv/lib/python3.12/site-packages/telegram/ext/_extbot.py", line 680, in get_updates
    updates = await super().get_updates(
              ^^^^^^^^^^^^^^^^^^^^^^^^^^
  File "/home/rrangesi/goinfre/full-stack/p2p/backend/.venv/lib/python3.12/site-packages/telegram/_bot.py", line 4767, in get_updates
    await self._post(
  File "/home/rrangesi/goinfre/full-stack/p2p/backend/.venv/lib/python3.12/site-packages/telegram/_bot.py", line 712, in _post
    return await self._do_post(
           ^^^^^^^^^^^^^^^^^^^^
  File "/home/rrangesi/goinfre/full-stack/p2p/backend/.venv/lib/python3.12/site-packages/telegram/ext/_extbot.py", line 378, in _do_post
    return await super()._do_post(
           ^^^^^^^^^^^^^^^^^^^^^^^
  File "/home/rrangesi/goinfre/full-stack/p2p/backend/.venv/lib/python3.12/site-packages/telegram/_bot.py", line 741, in _do_post
    result = await request.post(
             ^^^^^^^^^^^^^^^^^^^
  File "/home/rrangesi/goinfre/full-stack/p2p/backend/.venv/lib/python3.12/site-packages/telegram/request/_baserequest.py", line 198, in post
    result = await self._request_wrapper(
             ^^^^^^^^^^^^^^^^^^^^^^^^^^^^
  File "/home/rrangesi/goinfre/full-stack/p2p/backend/.venv/lib/python3.12/site-packages/telegram2026-07-25 22:33:57,075 INFO [httpx] HTTP Request: POST https://api.telegram.org/bot8994609682:AAH26IXXBB1NJJRTvg_xWsx1I6rVuOym7pE/getUpdates "HTTP/1.1 409 Conflict"
2026-07-25 22:33:57,076 ERROR [tel2026-07-25 22:34:07,380 INFO [httpx] HTTP Request: POST https://api.telegram.org/bot8994609682:AAH26IXXBB1NJJRTvg_xWsx1I6rVuOym7pE/getUpdates "HTTP/1.1 409 Conflict"
2026-07-25 22:34:07,381 ERROR [telegram.ext.Application] No error handlers are registered, logging exception.
Traceback (most recent call last):
  File "/home/rrangesi/goinfre/full-stack/p2p/backend/.venv/lib/python3.12/site-packages/telegram/ext/_utils/networkloop.py", line 161, in network_retry_loop
    await do_action()
  File "/home/rrangesi/goinfre/full-stack/p2p/backend/.venv/lib/python3.12/site-packages/telegram/ext/_utils/networkloop.py", line 154, in do_action
    action_cb_task.result()
  File "/home/rrangesi/goinfre/full-stack/p2p/backend/.venv/lib/python3.12/site-packages/telegram/ext/_updater.py", line 340, in polling_action_cb
    updates = await self.bot.get_updates(
              ^^^^^^^^^^^^^^^^^^^^^^^^^^^
  File "/home/rrangesi/goinfre/full-stack/p2p/backend/.venv/lib/python3.12/site-packages/telegram/ext/_extbot.py", line 680, in get_updates
    updates = await super().get_updates(
              ^^^^^^^^^^^^^^^^^^^^^^^^^^
  File "/home/rrangesi/goinfre/full-stack/p2p/backend/.venv/lib/python3.12/site-packages/telegram/_bot.py", line 4767, in get_updates
    await self._post(
  File "/home/rrangesi/goinfre/full-stack/p2p/backend/.venv/lib/python3.12/site-packages/telegram/_bot.py", line 712, in _post
    return await self._do_post(
           ^^^^^^^^^^^^^^^^^^^^
  File "/home/rrangesi/goinfre/full-stack/p2p/backend/.venv/lib/python3.12/site-packages/telegram/ext/_extbot.py", line 378, in _do_post
    return await super()._do_post(
           ^^^^^^^^^^^^^^^^^^^^^^^
  File "/home/rrangesi/goinfre/full-stack/p2p/backend/.venv/lib/python3.12/site-packages/telegram/_bot.py", line 741, in _do_post
    result = await request.post(
             ^^^^^^^^^^^^^^^^^^^
  File "/home/rrangesi/goinfre/full-stack/p2p/backend/.venv/lib/python3.12/site-packages/telegram/request/_baserequest.py", line 198, in post
    result = await self._request_wrapper(
             ^^^^^^^^^^^^^^^^^^^^^^^^^^^^
  File "/home/rrangesi/goinfre/full-stack/p2p/backend/.venv/lib/python3.12/site-package2026-07-25 22:34:31,512 INFO [httpx] HTTP Request: POST https://api.telegram.org/bot8994609682:AAH26IXXBB1NJJRTvg_xWsx1I6rVuOym7pE/getUpdates "HTTP/1.1 409 Conflict"
2026-07-25 22:34:31,512 ERROR [telegram.ext.2026-07-25 22:34:42,413 INFO [httpx] HTTP Request: POST https://api.telegram.org/bot8994609682:AAH26IXXBB1NJJRTvg_xWsx1I6rVuOym7pE/getUpdates "HTTP/1.1 409 Conflict"
2026-07-25 22:34:42,414 ERROR [telegram.ext.Application] No error handlers are registered, logging exception.
Traceback (most recent call last):
  File "/home/rrangesi/goinfre/full-stack/p2p/backend/.venv/lib/python3.12/site-packages/telegram/ext/_utils/networkloop.py", line 161, in network_retry_loop
    await do_action()
  File "/home/rrangesi/goinfre/full-stack/p2p/backend/.venv/lib/python3.12/site-packages/telegram/ext/_utils/networkloop.py", line 154, in do_action
    action_cb_task.result()
  File "/home/rrangesi/goinfre/full-stack/p2p/backend/.venv/lib/python3.12/site-packages/telegram/ext/_updater.py", line 340, in polling_action_cb
    updates = await self.bot.get_updates(
              ^^^^^^^^^^^^^^^^^^^^^^^^^^^
  File "/home/rrangesi/goinfre/full-stack/p2p/backend/.venv/lib/python3.12/site-packages/telegram/ext/_extbot.py", line 680, in get_updates
    updates = await super().get_updates(
              ^^^^^^^^^^^^^^^^^^^^^^^^^^
  File "/home/rrangesi/goinfre/full-stack/p2p/backend/.venv/lib/python3.12/site-packages/telegram/_bot.py", line 4767, in get_updates
    await self._post(
  File "/home/rrangesi/goinfre/full-stack/p2p/backend/.venv/lib/python3.12/site-packages/telegram/_bot.py", line 712, in _post
    return await self._do_post(
           ^^^^^^^^^^^^^^^^^^^^
  File "/home/rrangesi/goinfre/full-stack/p2p/backend/.venv/lib/python3.12/site-packages/telegram/ext/_extbot.py", line 378, in _do_post
    return await super()._do_post(
           ^^^^^^^^^^^^^^^^^^^^^^^
  File "/home/rrangesi/goinfre/full-stack/p2p/backend/.venv/lib/python3.12/site-packages/telegram/_bot.py", line 741, in _do_post
    result = await request.post(
             ^^^^^^^^^^^^^^^^^^^
  File "/home/rrangesi/goinfre/full-stack/p2p/backend/.venv/lib/python3.12/site-packages/telegram/request/_baserequest.py", line 198, in post
    result = await self._request_wrapper(
             ^^^^^^^^^^^^^^^^^^^^^^^^^^^^
  File "/home/rrangesi/goinfre/full-stack/p2p/backend/.venv/lib/python3.12/si2026-07-25 22:35:06,044 INFO [httpx] HTTP Request: POST https://api.telegram.org/bot8994609682:AAH26IXXBB1NJJRTvg_xWsx1I6rVuOym7pE/getUpdates "HTTP/1.1 409 Conflict"
2026-07-25 22:35:06,045 ERROR [telegram.ext.Applicatio2026-07-25 22:35:17,350 INFO [httpx] HTTP Request: POST https://api.telegram.org/bot8994609682:AAH26IXXBB1NJJRTvg_xWsx1I6rVuOym7pE/getUpdates "HTTP/1.1 409 Conflict"
2026-07-25 22:35:17,351 ERROR [telegram.ext.Application] No error handlers are registered, logging exception.
Traceback (most recent call last):
  File "/home/rrangesi/goinfre/full-stack/p2p/backend/.venv/lib/python3.12/site-packages/telegram/ext/_utils/networkloop.py", line 161, in network_retry_loop
    await do_action()
  File "/home/rrangesi/goinfre/full-stack/p2p/backend/.venv/lib/python3.12/site-packages/telegram/ext/_utils/networkloop.py", line 154, in do_action
    action_cb_task.result()
  File "/home/rrangesi/goinfre/full-stack/p2p/backend/.venv/lib/python3.12/site-packages/telegram/ext/_updater.py", line 340, in polling_action_cb
    updates = await self.bot.get_updates(
              ^^^^^^^^^^^^^^^^^^^^^^^^^^^
  File "/home/rrangesi/goinfre/full-stack/p2p/backend/.venv/lib/python3.12/site-packages/telegram/ext/_extbot.py", line 680, in get_updates
    updates = await super().get_updates(
              ^^^^^^^^^^^^^^^^^^^^^^^^^^
  File "/home/rrangesi/goinfre/full-stack/p2p/backend/.venv/lib/python3.12/site-packages/telegram/_bot.py", line 4767, in get_updates
    await self._post(
  File "/home/rrangesi/goinfre/full-stack/p2p/backend/.venv/lib/python3.12/site-packages/telegram/_bot.py", line 712, in _post
    return await self._do_post(
           ^^^^^^^^^^^^^^^^^^^^
  File "/home/rrangesi/goinfre/full-stack/p2p/backend/.venv/lib/python3.12/site-packages/telegram/ext/_extbot.py", line 378, in _do_post
    return await super()._do_post(
           ^^^^^^^^^^^^^^^^^^^^^^^
  File "/home/rrangesi/goinfre/full-stack/p2p/backend/.venv/lib/python3.12/site-packages/telegram/_bot.py", line 741, in _do_post
    result = await request.post(
             ^^^^^^^^^^^^^^^^^^^
  File "/home/rrangesi/goinfre/full-stack/p2p/backend/.venv/lib/python3.12/site-packages/telegram/request/_baserequest.py", line 198, in post
    result = await self._request_wrapper(
             ^^^^^^^^^^^^^^^^^^^^^^^^^^^^
  File "/home/rrangesi/goinfre/full-stack/p2p/backend/.venv/lib/pyt2026-07-25 22:35:40,492 INFO [httpx] HTTP Request: POST https://api.telegram.org/bot8994609682:AAH26IXXBB1NJJRTvg_xWsx1I6rVuOym7pE/getUpdates "HTTP/1.1 409 Conflict"
2026-07-25 22:35:40,493 ERROR [telegram.ext.Application] No erro2026-07-25 22:35:51,781 INFO [httpx] HTTP Request: POST https://api.telegram.org/bot8994609682:AAH26IXXBB1NJJRTvg_xWsx1I6rVuOym7pE/getUpdates "HTTP/1.1 409 Conflict"
2026-07-25 22:35:51,782 ERROR [telegram.ext.Application] No error handlers are registered, logging exception.
Traceback (most recent call last):
  File "/home/rrangesi/goinfre/full-stack/p2p/backend/.venv/lib/python3.12/site-packages/telegram/ext/_utils/networkloop.py", line 161, in network_retry_loop
    await do_action()
  File "/home/rrangesi/goinfre/full-stack/p2p/backend/.venv/lib/python3.12/site-packages/telegram/ext/_utils/networkloop.py", line 154, in do_action
    action_cb_task.result()
  File "/home/rrangesi/goinfre/full-stack/p2p/backend/.venv/lib/python3.12/site-packages/telegram/ext/_updater.py", line 340, in polling_action_cb
    updates = await self.bot.get_updates(
              ^^^^^^^^^^^^^^^^^^^^^^^^^^^
  File "/home/rrangesi/goinfre/full-stack/p2p/backend/.venv/lib/python3.12/site-packages/telegram/ext/_extbot.py", line 680, in get_updates
    updates = await super().get_updates(
              ^^^^^^^^^^^^^^^^^^^^^^^^^^
  File "/home/rrangesi/goinfre/full-stack/p2p/backend/.venv/lib/python3.12/site-packages/telegram/_bot.py", line 4767, in get_updates
    await self._post(
  File "/home/rrangesi/goinfre/full-stack/p2p/backend/.venv/lib/python3.12/site-packages/telegram/_bot.py", line 712, in _post
    return await self._do_post(
           ^^^^^^^^^^^^^^^^^^^^
  File "/home/rrangesi/goinfre/full-stack/p2p/backend/.venv/lib/python3.12/site-packages/telegram/ext/_extbot.py", line 378, in _do_post
    return await super()._do_post(
           ^^^^^^^^^^^^^^^^^^^^^^^
  File "/home/rrangesi/goinfre/full-stack/p2p/backend/.venv/lib/python3.12/site-packages/telegram/_bot.py", line 741, in _do_post
    result = await request.post(
             ^^^^^^^^^^^^^^^^^^^
  File "/home/rrangesi/goinfre/full-stack/p2p/backend/.venv/lib/python3.12/site-packages/telegram/request/_baserequest.py", line 198, in post
    result = await self._request_wrapper(
             ^^^^^^^^^^^^^^^^^^^^^^^^^^^^
  File "/home/rrangesi/goinfre/full-stack/p2p/backend/.ve2026-07-25 22:36:14,928 INFO [httpx] HTTP Request: POST https://api.telegram.org/bot8994609682:AAH26IXXBB1NJJRTvg_xWsx1I6rVuOym7pE/getUpdates "HTTP/1.1 409 Conflict"
2026-07-25 22:36:14,930 ERROR [telegram.ext.Application] No error handlers2026-07-25 22:36:26,235 INFO [httpx] HTTP Request: POST https://api.telegram.org/bot8994609682:AAH26IXXBB1NJJRTvg_xWsx1I6rVuOym7pE/getUpdates "HTTP/1.1 409 Conflict"
2026-07-25 22:36:26,235 ERROR [telegram.ext.Application] No error handlers are registered, logging exception.
Traceback (most recent call last):
  File "/home/rrangesi/goinfre/full-stack/p2p/backend/.venv/lib/python3.12/site-packages/telegram/ext/_utils/networkloop.py", line 161, in network_retry_loop
    await do_action()
  File "/home/rrangesi/goinfre/full-stack/p2p/backend/.venv/lib/python3.12/site-packages/telegram/ext/_utils/networkloop.py", line 154, in do_action
    action_cb_task.result()
  File "/home/rrangesi/goinfre/full-stack/p2p/backend/.venv/lib/python3.12/site-packages/telegram/ext/_updater.py", line 340, in polling_action_cb
    updates = await self.bot.get_updates(
              ^^^^^^^^^^^^^^^^^^^^^^^^^^^
  File "/home/rrangesi/goinfre/full-stack/p2p/backend/.venv/lib/python3.12/site-packages/telegram/ext/_extbot.py", line 680, in get_updates
    updates = await super().get_updates(
              ^^^^^^^^^^^^^^^^^^^^^^^^^^
  File "/home/rrangesi/goinfre/full-stack/p2p/backend/.venv/lib/python3.12/site-packages/telegram/_bot.py", line 4767, in get_updates
    await self._post(
  File "/home/rrangesi/goinfre/full-stack/p2p/backend/.venv/lib/python3.12/site-packages/telegram/_bot.py", line 712, in _post
    return await self._do_post(
           ^^^^^^^^^^^^^^^^^^^^
  File "/home/rrangesi/goinfre/full-stack/p2p/backend/.venv/lib/python3.12/site-packages/telegram/ext/_extbot.py", line 378, in _do_post
    return await super()._do_post(
           ^^^^^^^^^^^^^^^^^^^^^^^
  File "/home/rrangesi/goinfre/full-stack/p2p/backend/.venv/lib/python3.12/site-packages/telegram/_bot.py", line 741, in _do_post
    result = await request.post(
             ^^^^^^^^^^^^^^^^^^^
  File "/home/rrangesi/goinfre/full-stack/p2p/backend/.venv/lib/python3.12/site-packages/telegram/request/_baserequest.py", line 198, in post
    result = await self._request_wrapper(
             ^^^^^^^^^^^^^^^^^^^^^^^^^^^^
  File "/home/rrangesi/goinfre/full-stack/p2p/b2026-07-25 22:36:49,364 INFO [httpx] HTTP Request: POST https://api.telegram.org/bot8994609682:AAH26IXXBB1NJJRTvg_xWsx1I6rVuOym7pE/getUpdates "HTTP/1.1 409 Conflict"
2026-07-25 22:36:49,365 ERROR [telegram.ext.Application] No error handlers are regis2026-07-25 22:37:00,670 INFO [httpx] HTTP Request: POST https://api.telegram.org/bot8994609682:AAH26IXXBB1NJJRTvg_xWsx1I6rVuOym7pE/getUpdates "HTTP/1.1 409 Conflict"
2026-07-25 22:37:00,673 ERROR [telegram.ext.Application] No error handlers are registered, logging exception.
Traceback (most recent call last):
  File "/home/rrangesi/goinfre/full-stack/p2p/backend/.venv/lib/python3.12/site-packages/telegram/ext/_utils/networkloop.py", line 161, in network_retry_loop
    await do_action()
  File "/home/rrangesi/goinfre/full-stack/p2p/backend/.venv/lib/python3.12/site-packages/telegram/ext/_utils/networkloop.py", line 154, in do_action
    action_cb_task.result()
  File "/home/rrangesi/goinfre/full-stack/p2p/backend/.venv/lib/python3.12/site-packages/telegram/ext/_updater.py", line 340, in polling_action_cb
    updates = await self.bot.get_updates(
              ^^^^^^^^^^^^^^^^^^^^^^^^^^^
  File "/home/rrangesi/goinfre/full-stack/p2p/backend/.venv/lib/python3.12/site-packages/telegram/ext/_extbot.py", line 680, in get_updates
    updates = await super().get_updates(
              ^^^^^^^^^^^^^^^^^^^^^^^^^^
  File "/home/rrangesi/goinfre/full-stack/p2p/backend/.venv/lib/python3.12/site-packages/telegram/_bot.py", line 4767, in get_updates
    await self._post(
  File "/home/rrangesi/goinfre/full-stack/p2p/backend/.venv/lib/python3.12/site-packages/telegram/_bot.py", line 712, in _post
    return await self._do_post(
           ^^^^^^^^^^^^^^^^^^^^
  File "/home/rrangesi/goinfre/full-stack/p2p/backend/.venv/lib/python3.12/site-packages/telegram/ext/_extbot.py", line 378, in _do_post
    return await super()._do_post(
           ^^^^^^^^^^^^^^^^^^^^^^^
  File "/home/rrangesi/goinfre/full-stack/p2p/backend/.venv/lib/python3.12/site-packages/telegram/_bot.py", line 741, in _do_post
    result = await request.post(
             ^^^^^^^^^^^^^^^^^^^
  File "/home/rrangesi/goinfre/full-stack/p2p/backend/.venv/lib/python3.12/site-packages/telegram/request/_baserequest.py", line 198, in post
    result = await self._request_wrapper(
             ^^^^^^^^^^^^^^^^^^^^^^^^^^^^
  File "/home/rrangesi/goinfre/full-s2026-07-25 22:37:23,799 INFO [httpx] HTTP Request: POST https://api.telegram.org/bot8994609682:AAH26IXXBB1NJJRTvg_xWsx1I6rVuOym7pE/getUpdates "HTTP/1.1 409 Conflict"
2026-07-25 22:37:23,799 ERROR [telegram.ext.Application] No error handlers are registered, log2026-07-25 22:37:35,130 INFO [httpx] HTTP Request: POST https://api.telegram.org/bot8994609682:AAH26IXXBB1NJJRTvg_xWsx1I6rVuOym7pE/getUpdates "HTTP/1.1 409 Conflict"
2026-07-25 22:37:35,131 ERROR [telegram.ext.Application] No error handlers are registered, logging exception.
Traceback (most recent call last):
  File "/home/rrangesi/goinfre/full-stack/p2p/backend/.venv/lib/python3.12/site-packages/telegram/ext/_utils/networkloop.py", line 161, in network_retry_loop
    await do_action()
  File "/home/rrangesi/goinfre/full-stack/p2p/backend/.venv/lib/python3.12/site-packages/telegram/ext/_utils/networkloop.py", line 154, in do_action
    action_cb_task.result()
  File "/home/rrangesi/goinfre/full-stack/p2p/backend/.venv/lib/python3.12/site-packages/telegram/ext/_updater.py", line 340, in polling_action_cb
    updates = await self.bot.get_updates(
              ^^^^^^^^^^^^^^^^^^^^^^^^^^^
  File "/home/rrangesi/goinfre/full-stack/p2p/backend/.venv/lib/python3.12/site-packages/telegram/ext/_extbot.py", line 680, in get_updates
    updates = await super().get_updates(
              ^^^^^^^^^^^^^^^^^^^^^^^^^^
  File "/home/rrangesi/goinfre/full-stack/p2p/backend/.venv/lib/python3.12/site-packages/telegram/_bot.py", line 4767, in get_updates
    await self._post(
  File "/home/rrangesi/goinfre/full-stack/p2p/backend/.venv/lib/python3.12/site-packages/telegram/_bot.py", line 712, in _post
    return await self._do_post(
           ^^^^^^^^^^^^^^^^^^^^
  File "/home/rrangesi/goinfre/full-stack/p2p/backend/.venv/lib/python3.12/site-packages/telegram/ext/_extbot.py", line 378, in _do_post
    return await super()._do_post(
           ^^^^^^^^^^^^^^^^^^^^^^^
  File "/home/rrangesi/goinfre/full-stack/p2p/backend/.venv/lib/python3.12/site-packages/telegram/_bot.py", line 741, in _do_post
    result = await request.post(
             ^^^^^^^^^^^^^^^^^^^
  File "/home/rrangesi/goinfre/full-stack/p2p/backend/.venv/lib/python3.12/site-packages/telegram/request/_baserequest.py", line 198, in post
    result = await self._request_wrapper(
             ^^^^^^^^^^^^^^^^^^^^^^^^^^^^
  File "/home/rrangesi/goin2026-07-25 22:37:58,246 INFO [httpx] HTTP Request: POST https://api.telegram.org/bot8994609682:AAH26IXXBB1NJJRTvg_xWsx1I6rVuOym7pE/getUpdates "HTTP/1.1 409 Conflict"
2026-07-25 22:37:58,247 ERROR [telegram.ext.Application] No error handlers are registered, logging excep2026-07-25 22:38:09,570 INFO [httpx] HTTP Request: POST https://api.telegram.org/bot8994609682:AAH26IXXBB1NJJRTvg_xWsx1I6rVuOym7pE/getUpdates "HTTP/1.1 409 Conflict"
2026-07-25 22:38:09,571 ERROR [telegram.ext.Application] No error handlers are registered, logging exception.
Traceback (most recent call last):
  File "/home/rrangesi/goinfre/full-stack/p2p/backend/.venv/lib/python3.12/site-packages/telegram/ext/_utils/networkloop.py", line 161, in network_retry_loop
    await do_action()
  File "/home/rrangesi/goinfre/full-stack/p2p/backend/.venv/lib/python3.12/site-packages/telegram/ext/_utils/networkloop.py", line 154, in do_action
    action_cb_task.result()
  File "/home/rrangesi/goinfre/full-stack/p2p/backend/.venv/lib/python3.12/site-packages/telegram/ext/_updater.py", line 340, in polling_action_cb
    updates = await self.bot.get_updates(
              ^^^^^^^^^^^^^^^^^^^^^^^^^^^
  File "/home/rrangesi/goinfre/full-stack/p2p/backend/.venv/lib/python3.12/site-packages/telegram/ext/_extbot.py", line 680, in get_updates
    updates = await super().get_updates(
              ^^^^^^^^^^^^^^^^^^^^^^^^^^
  File "/home/rrangesi/goinfre/full-stack/p2p/backend/.venv/lib/python3.12/site-packages/telegram/_bot.py", line 4767, in get_updates
    await self._post(
  File "/home/rrangesi/goinfre/full-stack/p2p/backend/.venv/lib/python3.12/site-packages/telegram/_bot.py", line 712, in _post
    return await self._do_post(
           ^^^^^^^^^^^^^^^^^^^^
  File "/home/rrangesi/goinfre/full-stack/p2p/backend/.venv/lib/python3.12/site-packages/telegram/ext/_extbot.py", line 378, in _do_post
    return await super()._do_post(
           ^^^^^^^^^^^^^^^^^^^^^^^
  File "/home/rrangesi/goinfre/full-stack/p2p/backend/.venv/lib/python3.12/site-packages/telegram/_bot.py", line 741, in _do_post
    result = await request.post(
             ^^^^^^^^^^^^^^^^^^^
  File "/home/rrangesi/goinfre/full-stack/p2p/backend/.venv/lib/python3.12/site-packages/telegram/request/_baserequest.py", line 198, in post
    result = await self._request_wrapper(
             ^^^^^^^^^^^^^^^^^^^^^^^^^^^^
  File "/home/rra2026-07-25 22:38:32,684 INFO [httpx] HTTP Request: POST https://api.telegram.org/bot8994609682:AAH26IXXBB1NJJRTvg_xWsx1I6rVuOym7pE/getUpdates "HTTP/1.1 409 Conflict"
2026-07-25 22:38:32,684 ERROR [telegram.ext.Application] No error handlers are registered, logging exception.
Trac2026-07-25 22:38:43,998 INFO [httpx] HTTP Request: POST https://api.telegram.org/bot8994609682:AAH26IXXBB1NJJRTvg_xWsx1I6rVuOym7pE/getUpdates "HTTP/1.1 409 Conflict"
2026-07-25 22:38:43,999 ERROR [telegram.ext.Application] No error handlers are registered, logging exception.
Traceback (most recent call last):
  File "/home/rrangesi/goinfre/full-stack/p2p/backend/.venv/lib/python3.12/site-packages/telegram/ext/_utils/networkloop.py", line 161, in network_retry_loop
    await do_action()
  File "/home/rrangesi/goinfre/full-stack/p2p/backend/.venv/lib/python3.12/site-packages/telegram/ext/_utils/networkloop.py", line 154, in do_action
    action_cb_task.result()
  File "/home/rrangesi/goinfre/full-stack/p2p/backend/.venv/lib/python3.12/site-packages/telegram/ext/_updater.py", line 340, in polling_action_cb
    updates = await self.bot.get_updates(
              ^^^^^^^^^^^^^^^^^^^^^^^^^^^
  File "/home/rrangesi/goinfre/full-stack/p2p/backend/.venv/lib/python3.12/site-packages/telegram/ext/_extbot.py", line 680, in get_updates
    updates = await super().get_updates(
              ^^^^^^^^^^^^^^^^^^^^^^^^^^
  File "/home/rrangesi/goinfre/full-stack/p2p/backend/.venv/lib/python3.12/site-packages/telegram/_bot.py", line 4767, in get_updates
    await self._post(
  File "/home/rrangesi/goinfre/full-stack/p2p/backend/.venv/lib/python3.12/site-packages/telegram/_bot.py", line 712, in _post
    return await self._do_post(
           ^^^^^^^^^^^^^^^^^^^^
  File "/home/rrangesi/goinfre/full-stack/p2p/backend/.venv/lib/python3.12/site-packages/telegram/ext/_extbot.py", line 378, in _do_post
    return await super()._do_post(
           ^^^^^^^^^^^^^^^^^^^^^^^
  File "/home/rrangesi/goinfre/full-stack/p2p/backend/.venv/lib/python3.12/site-packages/telegram/_bot.py", line 741, in _do_post
    result = await request.post(
             ^^^^^^^^^^^^^^^^^^^
  File "/home/rrangesi/goinfre/full-stack/p2p/backend/.venv/lib/python3.12/site-packages/telegram/request/_baserequest.py", line 198, in post
    result = await self._request_wrapper(
             ^^^^^^^^^^^^^^^^^^^^^^^^^^^^
  File 2026-07-25 22:39:07,118 INFO [httpx] HTTP Request: POST https://api.telegram.org/bot8994609682:AAH26IXXBB1NJJRTvg_xWsx1I6rVuOym7pE/getUpdates "HTTP/1.1 409 Conflict"
2026-07-25 22:39:07,118 ERROR [telegram.ext.Application] No error handlers are registered, logging exception.
Traceback (mos2026-07-25 22:39:18,461 INFO [httpx] HTTP Request: POST https://api.telegram.org/bot8994609682:AAH26IXXBB1NJJRTvg_xWsx1I6rVuOym7pE/getUpdates "HTTP/1.1 409 Conflict"
2026-07-25 22:39:18,462 ERROR [telegram.ext.Application] No error handlers are registered, logging exception.
Traceback (most recent call last):
  File "/home/rrangesi/goinfre/full-stack/p2p/backend/.venv/lib/python3.12/site-packages/telegram/ext/_utils/networkloop.py", line 161, in network_retry_loop
    await do_action()
  File "/home/rrangesi/goinfre/full-stack/p2p/backend/.venv/lib/python3.12/site-packages/telegram/ext/_utils/networkloop.py", line 154, in do_action
    action_cb_task.result()
  File "/home/rrangesi/goinfre/full-stack/p2p/backend/.venv/lib/python3.12/site-packages/telegram/ext/_updater.py", line 340, in polling_action_cb
    updates = await self.bot.get_updates(
              ^^^^^^^^^^^^^^^^^^^^^^^^^^^
  File "/home/rrangesi/goinfre/full-stack/p2p/backend/.venv/lib/python3.12/site-packages/telegram/ext/_extbot.py", line 680, in get_updates
    updates = await super().get_updates(
              ^^^^^^^^^^^^^^^^^^^^^^^^^^
  File "/home/rrangesi/goinfre/full-stack/p2p/backend/.venv/lib/python3.12/site-packages/telegram/_bot.py", line 4767, in get_updates
    await self._post(
  File "/home/rrangesi/goinfre/full-stack/p2p/backend/.venv/lib/python3.12/site-packages/telegram/_bot.py", line 712, in _post
    return await self._do_post(
           ^^^^^^^^^^^^^^^^^^^^
  File "/home/rrangesi/goinfre/full-stack/p2p/backend/.venv/lib/python3.12/site-packages/telegram/ext/_extbot.py", line 378, in _do_post
    return await super()._do_post(
           ^^^^^^^^^^^^^^^^^^^^^^^
  File "/home/rrangesi/goinfre/full-stack/p2p/backend/.venv/lib/python3.12/site-packages/telegram/_bot.py", line 741, in _do_post
    result = await request.post(
             ^^^^^^^^^^^^^^^^^^^
  File "/home/rrangesi/goinfre/full-stack/p2p/backend/.venv/lib/python3.12/site-packages/telegram/request/_baserequest.py", line 198, in post
    result = await self._request_wrapper(
             ^^^^^^^^^^^^^^^^^^^^^^^^^^2026-07-25 22:39:41,535 INFO [httpx] HTTP Request: POST https://api.telegram.org/bot8994609682:AAH26IXXBB1NJJRTvg_xWsx1I6rVuOym7pE/getUpdates "HTTP/1.1 409 Conflict"
2026-07-25 22:39:41,536 ERROR [telegram.ext.Application] No error handlers are registered, logging exception.
Traceback (most recent c2026-07-25 22:39:52,893 INFO [httpx] HTTP Request: POST https://api.telegram.org/bot8994609682:AAH26IXXBB1NJJRTvg_xWsx1I6rVuOym7pE/getUpdates "HTTP/1.1 409 Conflict"
2026-07-25 22:39:52,893 ERROR [telegram.ext.Application] No error handlers are registered, logging exception.
Traceback (most recent call last):
  File "/home/rrangesi/goinfre/full-stack/p2p/backend/.venv/lib/python3.12/site-packages/telegram/ext/_utils/networkloop.py", line 161, in network_retry_loop
    await do_action()
  File "/home/rrangesi/goinfre/full-stack/p2p/backend/.venv/lib/python3.12/site-packages/telegram/ext/_utils/networkloop.py", line 154, in do_action
    action_cb_task.result()
  File "/home/rrangesi/goinfre/full-stack/p2p/backend/.venv/lib/python3.12/site-packages/telegram/ext/_updater.py", line 340, in polling_action_cb
    updates = await self.bot.get_updates(
              ^^^^^^^^^^^^^^^^^^^^^^^^^^^
  File "/home/rrangesi/goinfre/full-stack/p2p/backend/.venv/lib/python3.12/site-packages/telegram/ext/_extbot.py", line 680, in get_updates
    updates = await super().get_updates(
              ^^^^^^^^^^^^^^^^^^^^^^^^^^
  File "/home/rrangesi/goinfre/full-stack/p2p/backend/.venv/lib/python3.12/site-packages/telegram/_bot.py", line 4767, in get_updates
    await self._post(
  File "/home/rrangesi/goinfre/full-stack/p2p/backend/.venv/lib/python3.12/site-packages/telegram/_bot.py", line 712, in _post
    return await self._do_post(
           ^^^^^^^^^^^^^^^^^^^^
  File "/home/rrangesi/goinfre/full-stack/p2p/backend/.venv/lib/python3.12/site-packages/telegram/ext/_extbot.py", line 378, in _do_post
    return await super()._do_post(
           ^^^^^^^^^^^^^^^^^^^^^^^
  File "/home/rrangesi/goinfre/full-stack/p2p/backend/.venv/lib/python3.12/site-packages/telegram/_bot.py", line 741, in _do_post
    result = await request.post(
             ^^^^^^^^^^^^^^^^^^^
  File "/home/rrangesi/goinfre/full-stack/p2p/backend/.venv/lib/python3.12/site-packages/telegram/request/_baserequest.py", line 198, in post
    result = await self._request_wrapper(
             ^^^^^^^^^^^^^^^^2026-07-25 22:40:15,979 INFO [httpx] HTTP Request: POST https://api.telegram.org/bot8994609682:AAH26IXXBB1NJJRTvg_xWsx1I6rVuOym7pE/getUpdates "HTTP/1.1 409 Conflict"
2026-07-25 22:40:15,980 ERROR [telegram.ext.Application] No error handlers are registered, logging exception.
Traceback (most recent call last):2026-07-25 22:40:27,334 INFO [httpx] HTTP Request: POST https://api.telegram.org/bot8994609682:AAH26IXXBB1NJJRTvg_xWsx1I6rVuOym7pE/getUpdates "HTTP/1.1 409 Conflict"
2026-07-25 22:40:27,334 ERROR [telegram.ext.Application] No error handlers are registered, logging exception.
Traceback (most recent call last):
  File "/home/rrangesi/goinfre/full-stack/p2p/backend/.venv/lib/python3.12/site-packages/telegram/ext/_utils/networkloop.py", line 161, in network_retry_loop
    await do_action()
  File "/home/rrangesi/goinfre/full-stack/p2p/backend/.venv/lib/python3.12/site-packages/telegram/ext/_utils/networkloop.py", line 154, in do_action
    action_cb_task.result()
  File "/home/rrangesi/goinfre/full-stack/p2p/backend/.venv/lib/python3.12/site-packages/telegram/ext/_updater.py", line 340, in polling_action_cb
    updates = await self.bot.get_updates(
              ^^^^^^^^^^^^^^^^^^^^^^^^^^^
  File "/home/rrangesi/goinfre/full-stack/p2p/backend/.venv/lib/python3.12/site-packages/telegram/ext/_extbot.py", line 680, in get_updates
    updates = await super().get_updates(
              ^^^^^^^^^^^^^^^^^^^^^^^^^^
  File "/home/rrangesi/goinfre/full-stack/p2p/backend/.venv/lib/python3.12/site-packages/telegram/_bot.py", line 4767, in get_updates
    await self._post(
  File "/home/rrangesi/goinfre/full-stack/p2p/backend/.venv/lib/python3.12/site-packages/telegram/_bot.py", line 712, in _post
    return await self._do_post(
           ^^^^^^^^^^^^^^^^^^^^
  File "/home/rrangesi/goinfre/full-stack/p2p/backend/.venv/lib/python3.12/site-packages/telegram/ext/_extbot.py", line 378, in _do_post
    return await super()._do_post(
           ^^^^^^^^^^^^^^^^^^^^^^^
  File "/home/rrangesi/goinfre/full-stack/p2p/backend/.venv/lib/python3.12/site-packages/telegram/_bot.py", line 741, in _do_post
    result = await request.post(
             ^^^^^^^^^^^^^^^^^^^
  File "/home/rrangesi/goinfre/full-stack/p2p/backend/.venv/lib/python3.12/site-packages/telegram/request/_baserequest.py", line 198, in post
    result = await self._request_wrapper(
             ^^^^^^2026-07-25 22:40:50,404 INFO [httpx] HTTP Request: POST https://api.telegram.org/bot8994609682:AAH26IXXBB1NJJRTvg_xWsx1I6rVuOym7pE/getUpdates "HTTP/1.1 409 Conflict"
2026-07-25 22:40:50,405 ERROR [telegram.ext.Application] No error handlers are registered, logging exception.
Traceback (most recent call last):
  File "/2026-07-25 22:41:01,774 INFO [httpx] HTTP Request: POST https://api.telegram.org/bot8994609682:AAH26IXXBB1NJJRTvg_xWsx1I6rVuOym7pE/getUpdates "HTTP/1.1 409 Conflict"
2026-07-25 22:41:01,775 ERROR [telegram.ext.Application] No error handlers are registered, logging exception.
Traceback (most recent call last):
  File "/home/rrangesi/goinfre/full-stack/p2p/backend/.venv/lib/python3.12/site-packages/telegram/ext/_utils/networkloop.py", line 161, in network_retry_loop
    await do_action()
  File "/home/rrangesi/goinfre/full-stack/p2p/backend/.venv/lib/python3.12/site-packages/telegram/ext/_utils/networkloop.py", line 154, in do_action
    action_cb_task.result()
  File "/home/rrangesi/goinfre/full-stack/p2p/backend/.venv/lib/python3.12/site-packages/telegram/ext/_updater.py", line 340, in polling_action_cb
    updates = await self.bot.get_updates(
              ^^^^^^^^^^^^^^^^^^^^^^^^^^^
  File "/home/rrangesi/goinfre/full-stack/p2p/backend/.venv/lib/python3.12/site-packages/telegram/ext/_extbot.py", line 680, in get_updates
    updates = await super().get_updates(
              ^^^^^^^^^^^^^^^^^^^^^^^^^^
  File "/home/rrangesi/goinfre/full-stack/p2p/backend/.venv/lib/python3.12/site-packages/telegram/_bot.py", line 4767, in get_updates
    await self._post(
  File "/home/rrangesi/goinfre/full-stack/p2p/backend/.venv/lib/python3.12/site-packages/telegram/_bot.py", line 712, in _post
    return await self._do_post(
           ^^^^^^^^^^^^^^^^^^^^
  File "/home/rrangesi/goinfre/full-stack/p2p/backend/.venv/lib/python3.12/site-packages/telegram/ext/_extbot.py", line 378, in _do_post
    return await super()._do_post(
           ^^^^^^^^^^^^^^^^^^^^^^^
  File "/home/rrangesi/goinfre/full-stack/p2p/backend/.venv/lib/python3.12/site-packages/telegram/_bot.py", line 741, in _do_post
    result = await request.post(
             ^^^^^^^^^^^^^^^^^^^
  File "/home/rrangesi/goinfre/full-stack/p2p/backend/.venv/lib/python3.12/site-packages/telegram/request/_baserequest.py", line 198, in post
    result = await self._request_wrapper(
         2026-07-25 22:41:24,844 INFO [httpx] HTTP Request: POST https://api.telegram.org/bot8994609682:AAH26IXXBB1NJJRTvg_xWsx1I6rVuOym7pE/getUpdates "HTTP/1.1 409 Conflict"
2026-07-25 22:41:24,845 ERROR [telegram.ext.Application] No error handlers are registered, logging exception.
Traceback (most recent call last):
  File "/opt/goinfr2026-07-25 22:41:36,227 INFO [httpx] HTTP Request: POST https://api.telegram.org/bot8994609682:AAH26IXXBB1NJJRTvg_xWsx1I6rVuOym7pE/getUpdates "HTTP/1.1 409 Conflict"
2026-07-25 22:41:36,227 ERROR [telegram.ext.Application] No error handlers are registered, logging exception.
Traceback (most recent call last):
  File "/home/rrangesi/goinfre/full-stack/p2p/backend/.venv/lib/python3.12/site-packages/telegram/ext/_utils/networkloop.py", line 161, in network_retry_loop
    await do_action()
  File "/home/rrangesi/goinfre/full-stack/p2p/backend/.venv/lib/python3.12/site-packages/telegram/ext/_utils/networkloop.py", line 154, in do_action
    action_cb_task.result()
  File "/home/rrangesi/goinfre/full-stack/p2p/backend/.venv/lib/python3.12/site-packages/telegram/ext/_updater.py", line 340, in polling_action_cb
    updates = await self.bot.get_updates(
              ^^^^^^^^^^^^^^^^^^^^^^^^^^^
  File "/home/rrangesi/goinfre/full-stack/p2p/backend/.venv/lib/python3.12/site-packages/telegram/ext/_extbot.py", line 680, in get_updates
    updates = await super().get_updates(
              ^^^^^^^^^^^^^^^^^^^^^^^^^^
  File "/home/rrangesi/goinfre/full-stack/p2p/backend/.venv/lib/python3.12/site-packages/telegram/_bot.py", line 4767, in get_updates
    await self._post(
  File "/home/rrangesi/goinfre/full-stack/p2p/backend/.venv/lib/python3.12/site-packages/telegram/_bot.py", line 712, in _post
    return await self._do_post(
           ^^^^^^^^^^^^^^^^^^^^
  File "/home/rrangesi/goinfre/full-stack/p2p/backend/.venv/lib/python3.12/site-packages/telegram/ext/_extbot.py", line 378, in _do_post
    return await super()._do_post(
           ^^^^^^^^^^^^^^^^^^^^^^^
  File "/home/rrangesi/goinfre/full-stack/p2p/backend/.venv/lib/python3.12/site-packages/telegram/_bot.py", line 741, in _do_post
    result = await request.post(
             ^^^^^^^^^^^^^^^^^^^
  File "/home/rrangesi/goinfre/full-stack/p2p/backend/.venv/lib/python3.12/site-packages/telegram/request/_baserequest.py", line 198, in post
    result = await self._request_wrapper(2026-07-25 22:41:59,282 INFO [httpx] HTTP Request: POST https://api.telegram.org/bot8994609682:AAH26IXXBB1NJJRTvg_xWsx1I6rVuOym7pE/getUpdates "HTTP/1.1 409 Conflict"
2026-07-25 22:41:59,283 ERROR [telegram.ext.Application] No error handlers are registered, logging exception.
Traceback (most recent call last):
  File "/opt/goinfre/rrangesi2026-07-25 22:42:10,670 INFO [httpx] HTTP Request: POST https://api.telegram.org/bot8994609682:AAH26IXXBB1NJJRTvg_xWsx1I6rVuOym7pE/getUpdates "HTTP/1.1 409 Conflict"
2026-07-25 22:42:10,671 ERROR [telegram.ext.Application] No error handlers are registered, logging exception.
Traceback (most recent call last):
  File "/home/rrangesi/goinfre/full-stack/p2p/backend/.venv/lib/python3.12/site-packages/telegram/ext/_utils/networkloop.py", line 161, in network_retry_loop
    await do_action()
  File "/home/rrangesi/goinfre/full-stack/p2p/backend/.venv/lib/python3.12/site-packages/telegram/ext/_utils/networkloop.py", line 154, in do_action
    action_cb_task.result()
  File "/home/rrangesi/goinfre/full-stack/p2p/backend/.venv/lib/python3.12/site-packages/telegram/ext/_updater.py", line 340, in polling_action_cb
    updates = await self.bot.get_updates(
              ^^^^^^^^^^^^^^^^^^^^^^^^^^^
  File "/home/rrangesi/goinfre/full-stack/p2p/backend/.venv/lib/python3.12/site-packages/telegram/ext/_extbot.py", line 680, in get_updates
    updates = await super().get_updates(
              ^^^^^^^^^^^^^^^^^^^^^^^^^^
  File "/home/rrangesi/goinfre/full-stack/p2p/backend/.venv/lib/python3.12/site-packages/telegram/_bot.py", line 4767, in get_updates
    await self._post(
  File "/home/rrangesi/goinfre/full-stack/p2p/backend/.venv/lib/python3.12/site-packages/telegram/_bot.py", line 712, in _post
    return await self._do_post(
           ^^^^^^^^^^^^^^^^^^^^
  File "/home/rrangesi/goinfre/full-stack/p2p/backend/.venv/lib/python3.12/site-packages/telegram/ext/_extbot.py", line 378, in _do_post
    return await super()._do_post(
           ^^^^^^^^^^^^^^^^^^^^^^^
  File "/home/rrangesi/goinfre/full-stack/p2p/backend/.venv/lib/python3.12/site-packages/telegram/_bot.py", line 741, in _do_post
    result = await request.post(
             ^^^^^^^^^^^^^^^^^^^
  File "/home/rrangesi/goinfre/full-stack/p2p/backend/.venv/lib/python3.12/site-packages/telegram/request/_baserequest.py", line 198, in post
    result = await self._reques2026-07-25 22:42:33,731 INFO [httpx] HTTP Request: POST https://api.telegram.org/bot8994609682:AAH26IXXBB1NJJRTvg_xWsx1I6rVuOym7pE/getUpdates "HTTP/1.1 409 Conflict"
2026-07-25 22:42:33,731 ERROR [telegram.ext.Application] No error handlers are registered, logging exception.
Traceback (most recent call last):
  File "/opt/goinfre/rrangesi/full-stac2026-07-25 22:42:45,100 INFO [httpx] HTTP Request: POST https://api.telegram.org/bot8994609682:AAH26IXXBB1NJJRTvg_xWsx1I6rVuOym7pE/getUpdates "HTTP/1.1 409 Conflict"
2026-07-25 22:42:45,101 ERROR [telegram.ext.Application] No error handlers are registered, logging exception.
Traceback (most recent call last):
  File "/home/rrangesi/goinfre/full-stack/p2p/backend/.venv/lib/python3.12/site-packages/telegram/ext/_utils/networkloop.py", line 161, in network_retry_loop
    await do_action()
  File "/home/rrangesi/goinfre/full-stack/p2p/backend/.venv/lib/python3.12/site-packages/telegram/ext/_utils/networkloop.py", line 154, in do_action
    action_cb_task.result()
  File "/home/rrangesi/goinfre/full-stack/p2p/backend/.venv/lib/python3.12/site-packages/telegram/ext/_updater.py", line 340, in polling_action_cb
    updates = await self.bot.get_updates(
              ^^^^^^^^^^^^^^^^^^^^^^^^^^^
  File "/home/rrangesi/goinfre/full-stack/p2p/backend/.venv/lib/python3.12/site-packages/telegram/ext/_extbot.py", line 680, in get_updates
    updates = await super().get_updates(
              ^^^^^^^^^^^^^^^^^^^^^^^^^^
  File "/home/rrangesi/goinfre/full-stack/p2p/backend/.venv/lib/python3.12/site-packages/telegram/_bot.py", line 4767, in get_updates
    await self._post(
  File "/home/rrangesi/goinfre/full-stack/p2p/backend/.venv/lib/python3.12/site-packages/telegram/_bot.py", line 712, in _post
    return await self._do_post(
           ^^^^^^^^^^^^^^^^^^^^
  File "/home/rrangesi/goinfre/full-stack/p2p/backend/.venv/lib/python3.12/site-packages/telegram/ext/_extbot.py", line 378, in _do_post
    return await super()._do_post(
           ^^^^^^^^^^^^^^^^^^^^^^^
  File "/home/rrangesi/goinfre/full-stack/p2p/backend/.venv/lib/python3.12/site-packages/telegram/_bot.py", line 741, in _do_post
    result = await request.post(
             ^^^^^^^^^^^^^^^^^^^
  File "/home/rrangesi/goinfre/full-stack/p2p/backend/.venv/lib/python3.12/site-packages/telegram/request/_baserequest.py", line 198, in post
    result = await se2026-07-25 22:43:08,175 INFO [httpx] HTTP Request: POST https://api.telegram.org/bot8994609682:AAH26IXXBB1NJJRTvg_xWsx1I6rVuOym7pE/getUpdates "HTTP/1.1 409 Conflict"
2026-07-25 22:43:08,176 ERROR [telegram.ext.Application] No error handlers are registered, logging exception.
Traceback (most recent call last):
  File "/opt/goinfre/rrangesi/full-stack/p2p/back2026-07-25 22:43:19,564 INFO [httpx] HTTP Request: POST https://api.telegram.org/bot8994609682:AAH26IXXBB1NJJRTvg_xWsx1I6rVuOym7pE/getUpdates "HTTP/1.1 409 Conflict"
2026-07-25 22:43:19,565 ERROR [telegram.ext.Application] No error handlers are registered, logging exception.
Traceback (most recent call last):
  File "/home/rrangesi/goinfre/full-stack/p2p/backend/.venv/lib/python3.12/site-packages/telegram/ext/_utils/networkloop.py", line 161, in network_retry_loop
    await do_action()
  File "/home/rrangesi/goinfre/full-stack/p2p/backend/.venv/lib/python3.12/site-packages/telegram/ext/_utils/networkloop.py", line 154, in do_action
    action_cb_task.result()
  File "/home/rrangesi/goinfre/full-stack/p2p/backend/.venv/lib/python3.12/site-packages/telegram/ext/_updater.py", line 340, in polling_action_cb
    updates = await self.bot.get_updates(
              ^^^^^^^^^^^^^^^^^^^^^^^^^^^
  File "/home/rrangesi/goinfre/full-stack/p2p/backend/.venv/lib/python3.12/site-packages/telegram/ext/_extbot.py", line 680, in get_updates
    updates = await super().get_updates(
              ^^^^^^^^^^^^^^^^^^^^^^^^^^
  File "/home/rrangesi/goinfre/full-stack/p2p/backend/.venv/lib/python3.12/site-packages/telegram/_bot.py", line 4767, in get_updates
    await self._post(
  File "/home/rrangesi/goinfre/full-stack/p2p/backend/.venv/lib/python3.12/site-packages/telegram/_bot.py", line 712, in _post
    return await self._do_post(
           ^^^^^^^^^^^^^^^^^^^^
  File "/home/rrangesi/goinfre/full-stack/p2p/backend/.venv/lib/python3.12/site-packages/telegram/ext/_extbot.py", line 378, in _do_post
    return await super()._do_post(
           ^^^^^^^^^^^^^^^^^^^^^^^
  File "/home/rrangesi/goinfre/full-stack/p2p/backend/.venv/lib/python3.12/site-packages/telegram/_bot.py", line 741, in _do_post
    result = await request.post(
             ^^^^^^^^^^^^^^^^^^^
  File "/home/rrangesi/goinfre/full-stack/p2p/backend/.venv/lib/python3.12/site-packages/telegram/request/_baserequest.py", line 198, in post
    result 2026-07-25 22:43:42,625 INFO [httpx] HTTP Request: POST https://api.telegram.org/bot8994609682:AAH26IXXBB1NJJRTvg_xWsx1I6rVuOym7pE/getUpdates "HTTP/1.1 409 Conflict"
2026-07-25 22:43:42,627 ERROR [telegram.ext.Application] No error handlers are registered, logging exception.
Traceback (most recent call last):
  File "/opt/goinfre/rrangesi/full-stack/p2p/backend/.venv/2026-07-25 22:43:54,027 INFO [httpx] HTTP Request: POST https://api.telegram.org/bot8994609682:AAH26IXXBB1NJJRTvg_xWsx1I6rVuOym7pE/getUpdates "HTTP/1.1 409 Conflict"
2026-07-25 22:43:54,027 ERROR [telegram.ext.Application] No error handlers are registered, logging exception.
Traceback (most recent call last):
  File "/home/rrangesi/goinfre/full-stack/p2p/backend/.venv/lib/python3.12/site-packages/telegram/ext/_utils/networkloop.py", line 161, in network_retry_loop
    await do_action()
  File "/home/rrangesi/goinfre/full-stack/p2p/backend/.venv/lib/python3.12/site-packages/telegram/ext/_utils/networkloop.py", line 154, in do_action
    action_cb_task.result()
  File "/home/rrangesi/goinfre/full-stack/p2p/backend/.venv/lib/python3.12/site-packages/telegram/ext/_updater.py", line 340, in polling_action_cb
    updates = await self.bot.get_updates(
              ^^^^^^^^^^^^^^^^^^^^^^^^^^^
  File "/home/rrangesi/goinfre/full-stack/p2p/backend/.venv/lib/python3.12/site-packages/telegram/ext/_extbot.py", line 680, in get_updates
    updates = await super().get_updates(
              ^^^^^^^^^^^^^^^^^^^^^^^^^^
  File "/home/rrangesi/goinfre/full-stack/p2p/backend/.venv/lib/python3.12/site-packages/telegram/_bot.py", line 4767, in get_updates
    await self._post(
  File "/home/rrangesi/goinfre/full-stack/p2p/backend/.venv/lib/python3.12/site-packages/telegram/_bot.py", line 712, in _post
    return await self._do_post(
           ^^^^^^^^^^^^^^^^^^^^
  File "/home/rrangesi/goinfre/full-stack/p2p/backend/.venv/lib/python3.12/site-packages/telegram/ext/_extbot.py", line 378, in _do_post
    return await super()._do_post(
           ^^^^^^^^^^^^^^^^^^^^^^^
  File "/home/rrangesi/goinfre/full-stack/p2p/backend/.venv/lib/python3.12/site-packages/telegram/_bot.py", line 741, in _do_post
    result = await request.post(
             ^^^^^^^^^^^^^^^^^^^
  File "/home/rrangesi/goinfre/full-stack/p2p/backend/.venv/lib/python3.12/site-packages/telegram/request/_baserequest.py", line 198, in post
 2026-07-25 22:44:17,093 INFO [httpx] HTTP Request: POST https://api.telegram.org/bot8994609682:AAH26IXXBB1NJJRTvg_xWsx1I6rVuOym7pE/getUpdates "HTTP/1.1 409 Conflict"
2026-07-25 22:44:17,094 ERROR [telegram.ext.Application] No error handlers are registered, logging exception.
Traceback (most recent call last):
  File "/opt/goinfre/rrangesi/full-stack/p2p/backend/.venv/lib/python2026-07-25 22:44:28,483 INFO [httpx] HTTP Request: POST https://api.telegram.org/bot8994609682:AAH26IXXBB1NJJRTvg_xWsx1I6rVuOym7pE/getUpdates "HTTP/1.1 409 Conflict"
2026-07-25 22:44:28,483 ERROR [telegram.ext.Application] No error handlers are registered, logging exception.
Traceback (most recent call last):
  File "/home/rrangesi/goinfre/full-stack/p2p/backend/.venv/lib/python3.12/site-packages/telegram/ext/_utils/networkloop.py", line 161, in network_retry_loop
    await do_action()
  File "/home/rrangesi/goinfre/full-stack/p2p/backend/.venv/lib/python3.12/site-packages/telegram/ext/_utils/networkloop.py", line 154, in do_action
    action_cb_task.result()
  File "/home/rrangesi/goinfre/full-stack/p2p/backend/.venv/lib/python3.12/site-packages/telegram/ext/_updater.py", line 340, in polling_action_cb
    updates = await self.bot.get_updates(
              ^^^^^^^^^^^^^^^^^^^^^^^^^^^
  File "/home/rrangesi/goinfre/full-stack/p2p/backend/.venv/lib/python3.12/site-packages/telegram/ext/_extbot.py", line 680, in get_updates
    updates = await super().get_updates(
              ^^^^^^^^^^^^^^^^^^^^^^^^^^
  File "/home/rrangesi/goinfre/full-stack/p2p/backend/.venv/lib/python3.12/site-packages/telegram/_bot.py", line 4767, in get_updates
    await self._post(
  File "/home/rrangesi/goinfre/full-stack/p2p/backend/.venv/lib/python3.12/site-packages/telegram/_bot.py", line 712, in _post
    return await self._do_post(
           ^^^^^^^^^^^^^^^^^^^^
  File "/home/rrangesi/goinfre/full-stack/p2p/backend/.venv/lib/python3.12/site-packages/telegram/ext/_extbot.py", line 378, in _do_post
    return await super()._do_post(
           ^^^^^^^^^^^^^^^^^^^^^^^
  File "/home/rrangesi/goinfre/full-stack/p2p/backend/.venv/lib/python3.12/site-packages/telegram/_bot.py", line 741, in _do_post
    result = await request.post(
             ^^^^^^^^^^^^^^^^^^^
  File "/home/rrangesi/goinfre/full-stack/p2p/backend/.venv/lib/python3.12/site-packages/telegram/request/_baserequest.py", line 198,2026-07-25 22:44:51,533 INFO [httpx] HTTP Request: POST https://api.telegram.org/bot8994609682:AAH26IXXBB1NJJRTvg_xWsx1I6rVuOym7pE/getUpdates "HTTP/1.1 409 Conflict"
2026-07-25 22:44:51,535 ERROR [telegram.ext.Application] No error handlers are registered, logging exception.
Traceback (most recent call last):
  File "/opt/goinfre/rrangesi/full-stack/p2p/backend/.venv/lib/python3.12/site-2026-07-25 22:45:02,920 INFO [httpx] HTTP Request: POST https://api.telegram.org/bot8994609682:AAH26IXXBB1NJJRTvg_xWsx1I6rVuOym7pE/getUpdates "HTTP/1.1 409 Conflict"
2026-07-25 22:45:02,921 ERROR [telegram.ext.Application] No error handlers are registered, logging exception.
Traceback (most recent call last):
  File "/home/rrangesi/goinfre/full-stack/p2p/backend/.venv/lib/python3.12/site-packages/telegram/ext/_utils/networkloop.py", line 161, in network_retry_loop
    await do_action()
  File "/home/rrangesi/goinfre/full-stack/p2p/backend/.venv/lib/python3.12/site-packages/telegram/ext/_utils/networkloop.py", line 154, in do_action
    action_cb_task.result()
  File "/home/rrangesi/goinfre/full-stack/p2p/backend/.venv/lib/python3.12/site-packages/telegram/ext/_updater.py", line 340, in polling_action_cb
    updates = await self.bot.get_updates(
              ^^^^^^^^^^^^^^^^^^^^^^^^^^^
  File "/home/rrangesi/goinfre/full-stack/p2p/backend/.venv/lib/python3.12/site-packages/telegram/ext/_extbot.py", line 680, in get_updates
    updates = await super().get_updates(
              ^^^^^^^^^^^^^^^^^^^^^^^^^^
  File "/home/rrangesi/goinfre/full-stack/p2p/backend/.venv/lib/python3.12/site-packages/telegram/_bot.py", line 4767, in get_updates
    await self._post(
  File "/home/rrangesi/goinfre/full-stack/p2p/backend/.venv/lib/python3.12/site-packages/telegram/_bot.py", line 712, in _post
    return await self._do_post(
           ^^^^^^^^^^^^^^^^^^^^
  File "/home/rrangesi/goinfre/full-stack/p2p/backend/.venv/lib/python3.12/site-packages/telegram/ext/_extbot.py", line 378, in _do_post
    return await super()._do_post(
           ^^^^^^^^^^^^^^^^^^^^^^^
  File "/home/rrangesi/goinfre/full-stack/p2p/backend/.venv/lib/python3.12/site-packages/telegram/_bot.py", line 741, in _do_post
    result = await request.post(
             ^^^^^^^^^^^^^^^^^^^
  File "/home/rrangesi/goinfre/full-stack/p2p/backend/.venv/lib/python3.12/site-packages/telegram/request/_baserequest.py",2026-07-25 22:45:25,984 INFO [httpx] HTTP Request: POST https://api.telegram.org/bot8994609682:AAH26IXXBB1NJJRTvg_xWsx1I6rVuOym7pE/getUpdates "HTTP/1.1 409 Conflict"
2026-07-25 22:45:25,985 ERROR [telegram.ext.Application] No error handlers are registered, logging exception.
Traceback (most recent call last):
  File "/opt/goinfre/rrangesi/full-stack/p2p/backend/.venv/lib/python3.12/site-packages/t2026-07-25 22:45:37,337 INFO [httpx] HTTP Request: POST https://api.telegram.org/bot8994609682:AAH26IXXBB1NJJRTvg_xWsx1I6rVuOym7pE/getUpdates "HTTP/1.1 409 Conflict"
2026-07-25 22:45:37,338 ERROR [telegram.ext.Application] No error handlers are registered, logging exception.
Traceback (most recent call last):
  File "/home/rrangesi/goinfre/full-stack/p2p/backend/.venv/lib/python3.12/site-packages/telegram/ext/_utils/networkloop.py", line 161, in network_retry_loop
    await do_action()
  File "/home/rrangesi/goinfre/full-stack/p2p/backend/.venv/lib/python3.12/site-packages/telegram/ext/_utils/networkloop.py", line 154, in do_action
    action_cb_task.result()
  File "/home/rrangesi/goinfre/full-stack/p2p/backend/.venv/lib/python3.12/site-packages/telegram/ext/_updater.py", line 340, in polling_action_cb
    updates = await self.bot.get_updates(
              ^^^^^^^^^^^^^^^^^^^^^^^^^^^
  File "/home/rrangesi/goinfre/full-stack/p2p/backend/.venv/lib/python3.12/site-packages/telegram/ext/_extbot.py", line 680, in get_updates
    updates = await super().get_updates(
              ^^^^^^^^^^^^^^^^^^^^^^^^^^
  File "/home/rrangesi/goinfre/full-stack/p2p/backend/.venv/lib/python3.12/site-packages/telegram/_bot.py", line 4767, in get_updates
    await self._post(
  File "/home/rrangesi/goinfre/full-stack/p2p/backend/.venv/lib/python3.12/site-packages/telegram/_bot.py", line 712, in _post
    return await self._do_post(
           ^^^^^^^^^^^^^^^^^^^^
  File "/home/rrangesi/goinfre/full-stack/p2p/backend/.venv/lib/python3.12/site-packages/telegram/ext/_extbot.py", line 378, in _do_post
    return await super()._do_post(
           ^^^^^^^^^^^^^^^^^^^^^^^
  File "/home/rrangesi/goinfre/full-stack/p2p/backend/.venv/lib/python3.12/site-packages/telegram/_bot.py", line 741, in _do_post
    result = await request.post(
             ^^^^^^^^^^^^^^^^^^^
  File "/home/rrangesi/goinfre/full-stack/p2p/backend/.venv/lib/python3.12/site-packages/telegram/request/_basere2026-07-25 22:46:00,430 INFO [httpx] HTTP Request: POST https://api.telegram.org/bot8994609682:AAH26IXXBB1NJJRTvg_xWsx1I6rVuOym7pE/getUpdates "HTTP/1.1 409 Conflict"
2026-07-25 22:46:00,431 ERROR [telegram.ext.Application] No error handlers are registered, logging exception.
Traceback (most recent call last):
  File "/opt/goinfre/rrangesi/full-stack/p2p/backend/.venv/lib/python3.12/site-packages/telegram/ex2026-07-25 22:46:11,781 INFO [httpx] HTTP Request: POST https://api.telegram.org/bot8994609682:AAH26IXXBB1NJJRTvg_xWsx1I6rVuOym7pE/getUpdates "HTTP/1.1 409 Conflict"
2026-07-25 22:46:11,782 ERROR [telegram.ext.Application] No error handlers are registered, logging exception.
Traceback (most recent call last):
  File "/home/rrangesi/goinfre/full-stack/p2p/backend/.venv/lib/python3.12/site-packages/telegram/ext/_utils/networkloop.py", line 161, in network_retry_loop
    await do_action()
  File "/home/rrangesi/goinfre/full-stack/p2p/backend/.venv/lib/python3.12/site-packages/telegram/ext/_utils/networkloop.py", line 154, in do_action
    action_cb_task.result()
  File "/home/rrangesi/goinfre/full-stack/p2p/backend/.venv/lib/python3.12/site-packages/telegram/ext/_updater.py", line 340, in polling_action_cb
    updates = await self.bot.get_updates(
              ^^^^^^^^^^^^^^^^^^^^^^^^^^^
  File "/home/rrangesi/goinfre/full-stack/p2p/backend/.venv/lib/python3.12/site-packages/telegram/ext/_extbot.py", line 680, in get_updates
    updates = await super().get_updates(
              ^^^^^^^^^^^^^^^^^^^^^^^^^^
  File "/home/rrangesi/goinfre/full-stack/p2p/backend/.venv/lib/python3.12/site-packages/telegram/_bot.py", line 4767, in get_updates
    await self._post(
  File "/home/rrangesi/goinfre/full-stack/p2p/backend/.venv/lib/python3.12/site-packages/telegram/_bot.py", line 712, in _post
    return await self._do_post(
           ^^^^^^^^^^^^^^^^^^^^
  File "/home/rrangesi/goinfre/full-stack/p2p/backend/.venv/lib/python3.12/site-packages/telegram/ext/_extbot.py", line 378, in _do_post
    return await super()._do_post(
           ^^^^^^^^^^^^^^^^^^^^^^^
  File "/home/rrangesi/goinfre/full-stack/p2p/backend/.venv/lib/python3.12/site-packages/telegram/_bot.py", line 741, in _do_post
    result = await request.post(
             ^^^^^^^^^^^^^^^^^^^
  File "/home/rrangesi/goinfre/full-stack/p2p/backend/.venv/lib/python3.12/site-packages/telegram/reque2026-07-25 22:46:34,864 INFO [httpx] HTTP Request: POST https://api.telegram.org/bot8994609682:AAH26IXXBB1NJJRTvg_xWsx1I6rVuOym7pE/getUpdates "HTTP/1.1 409 Conflict"
2026-07-25 22:46:34,865 ERROR [telegram.ext.Application] No error handlers are registered, logging exception.
Traceback (most recent call last):
  File "/opt/goinfre/rrangesi/full-stack/p2p/backend/.venv/lib/python3.12/site-packages/telegram/ext/_utils/n2026-07-25 22:46:46,223 INFO [httpx] HTTP Request: POST https://api.telegram.org/bot8994609682:AAH26IXXBB1NJJRTvg_xWsx1I6rVuOym7pE/getUpdates "HTTP/1.1 409 Conflict"
2026-07-25 22:46:46,223 ERROR [telegram.ext.Application] No error handlers are registered, logging exception.
Traceback (most recent call last):
  File "/home/rrangesi/goinfre/full-stack/p2p/backend/.venv/lib/python3.12/site-packages/telegram/ext/_utils/networkloop.py", line 161, in network_retry_loop
    await do_action()
  File "/home/rrangesi/goinfre/full-stack/p2p/backend/.venv/lib/python3.12/site-packages/telegram/ext/_utils/networkloop.py", line 154, in do_action
    action_cb_task.result()
  File "/home/rrangesi/goinfre/full-stack/p2p/backend/.venv/lib/python3.12/site-packages/telegram/ext/_updater.py", line 340, in polling_action_cb
    updates = await self.bot.get_updates(
              ^^^^^^^^^^^^^^^^^^^^^^^^^^^
  File "/home/rrangesi/goinfre/full-stack/p2p/backend/.venv/lib/python3.12/site-packages/telegram/ext/_extbot.py", line 680, in get_updates
    updates = await super().get_updates(
              ^^^^^^^^^^^^^^^^^^^^^^^^^^
  File "/home/rrangesi/goinfre/full-stack/p2p/backend/.venv/lib/python3.12/site-packages/telegram/_bot.py", line 4767, in get_updates
    await self._post(
  File "/home/rrangesi/goinfre/full-stack/p2p/backend/.venv/lib/python3.12/site-packages/telegram/_bot.py", line 712, in _post
    return await self._do_post(
           ^^^^^^^^^^^^^^^^^^^^
  File "/home/rrangesi/goinfre/full-stack/p2p/backend/.venv/lib/python3.12/site-packages/telegram/ext/_extbot.py", line 378, in _do_post
    return await super()._do_post(
           ^^^^^^^^^^^^^^^^^^^^^^^
  File "/home/rrangesi/goinfre/full-stack/p2p/backend/.venv/lib/python3.12/site-packages/telegram/_bot.py", line 741, in _do_post
    result = await request.post(
             ^^^^^^^^^^^^^^^^^^^
  File "/home/rrangesi/goinfre/full-stack/p2p/backend/.venv/lib/python3.12/site-packages/tele2026-07-25 22:47:09,331 INFO [httpx] HTTP Request: POST https://api.telegram.org/bot8994609682:AAH26IXXBB1NJJRTvg_xWsx1I6rVuOym7pE/getUpdates "HTTP/1.1 409 Conflict"
2026-07-25 22:47:09,332 ERROR [telegram.ext.Application] No error handlers are registered, logging exception.
Traceback (most recent call last):
  File "/opt/goinfre/rrangesi/full-stack/p2p/backend/.venv/lib/python3.12/site-packages/telegram/ext/_utils/networkloop2026-07-25 22:47:20,673 INFO [httpx] HTTP Request: POST https://api.telegram.org/bot8994609682:AAH26IXXBB1NJJRTvg_xWsx1I6rVuOym7pE/getUpdates "HTTP/1.1 409 Conflict"
2026-07-25 22:47:20,674 ERROR [telegram.ext.Application] No error handlers are registered, logging exception.
Traceback (most recent call last):
  File "/home/rrangesi/goinfre/full-stack/p2p/backend/.venv/lib/python3.12/site-packages/telegram/ext/_utils/networkloop.py", line 161, in network_retry_loop
    await do_action()
  File "/home/rrangesi/goinfre/full-stack/p2p/backend/.venv/lib/python3.12/site-packages/telegram/ext/_utils/networkloop.py", line 154, in do_action
    action_cb_task.result()
  File "/home/rrangesi/goinfre/full-stack/p2p/backend/.venv/lib/python3.12/site-packages/telegram/ext/_updater.py", line 340, in polling_action_cb
    updates = await self.bot.get_updates(
              ^^^^^^^^^^^^^^^^^^^^^^^^^^^
  File "/home/rrangesi/goinfre/full-stack/p2p/backend/.venv/lib/python3.12/site-packages/telegram/ext/_extbot.py", line 680, in get_updates
    updates = await super().get_updates(
              ^^^^^^^^^^^^^^^^^^^^^^^^^^
  File "/home/rrangesi/goinfre/full-stack/p2p/backend/.venv/lib/python3.12/site-packages/telegram/_bot.py", line 4767, in get_updates
    await self._post(
  File "/home/rrangesi/goinfre/full-stack/p2p/backend/.venv/lib/python3.12/site-packages/telegram/_bot.py", line 712, in _post
    return await self._do_post(
           ^^^^^^^^^^^^^^^^^^^^
  File "/home/rrangesi/goinfre/full-stack/p2p/backend/.venv/lib/python3.12/site-packages/telegram/ext/_extbot.py", line 378, in _do_post
    return await super()._do_post(
           ^^^^^^^^^^^^^^^^^^^^^^^
  File "/home/rrangesi/goinfre/full-stack/p2p/backend/.venv/lib/python3.12/site-packages/telegram/_bot.py", line 741, in _do_post
    result = await request.post(
             ^^^^^^^^^^^^^^^^^^^
  File "/home/rrangesi/goinfre/full-stack/p2p/backend/.venv/lib/python3.12/site-pac2026-07-25 22:47:43,767 INFO [httpx] HTTP Request: POST https://api.telegram.org/bot8994609682:AAH26IXXBB1NJJRTvg_xWsx1I6rVuOym7pE/getUpdates "HTTP/1.1 409 Conflict"
2026-07-25 22:47:43,768 ERROR [telegram.ext.Application] No error handlers are registered, logging exception.
Traceback (most recent call last):
  File "/opt/goinfre/rrangesi/full-stack/p2p/backend/.venv/lib/python3.12/site-packages/telegram/ext/_utils/networkloop.py", line2026-07-25 22:47:55,119 INFO [httpx] HTTP Request: POST https://api.telegram.org/bot8994609682:AAH26IXXBB1NJJRTvg_xWsx1I6rVuOym7pE/getUpdates "HTTP/1.1 409 Conflict"
2026-07-25 22:47:55,121 ERROR [telegram.ext.Application] No error handlers are registered, logging exception.
Traceback (most recent call last):
  File "/home/rrangesi/goinfre/full-stack/p2p/backend/.venv/lib/python3.12/site-packages/telegram/ext/_utils/networkloop.py", line 161, in network_retry_loop
    await do_action()
  File "/home/rrangesi/goinfre/full-stack/p2p/backend/.venv/lib/python3.12/site-packages/telegram/ext/_utils/networkloop.py", line 154, in do_action
    action_cb_task.result()
  File "/home/rrangesi/goinfre/full-stack/p2p/backend/.venv/lib/python3.12/site-packages/telegram/ext/_updater.py", line 340, in polling_action_cb
    updates = await self.bot.get_updates(
              ^^^^^^^^^^^^^^^^^^^^^^^^^^^
  File "/home/rrangesi/goinfre/full-stack/p2p/backend/.venv/lib/python3.12/site-packages/telegram/ext/_extbot.py", line 680, in get_updates
    updates = await super().get_updates(
              ^^^^^^^^^^^^^^^^^^^^^^^^^^
  File "/home/rrangesi/goinfre/full-stack/p2p/backend/.venv/lib/python3.12/site-packages/telegram/_bot.py", line 4767, in get_updates
    await self._post(
  File "/home/rrangesi/goinfre/full-stack/p2p/backend/.venv/lib/python3.12/site-packages/telegram/_bot.py", line 712, in _post
    return await self._do_post(
           ^^^^^^^^^^^^^^^^^^^^
  File "/home/rrangesi/goinfre/full-stack/p2p/backend/.venv/lib/python3.12/site-packages/telegram/ext/_extbot.py", line 378, in _do_post
    return await super()._do_post(
           ^^^^^^^^^^^^^^^^^^^^^^^
  File "/home/rrangesi/goinfre/full-stack/p2p/backend/.venv/lib/python3.12/site-packages/telegram/_bot.py", line 741, in _do_post
    result = await request.post(
             ^^^^^^^^^^^^^^^^^^^
  File "/home/rrangesi/goinfre/full-stack/p2p/backend/.venv/lib/python3.12026-07-25 22:48:18,222 INFO [httpx] HTTP Request: POST https://api.telegram.org/bot8994609682:AAH26IXXBB1NJJRTvg_xWsx1I6rVuOym7pE/getUpdates "HTTP/1.1 409 Conflict"
2026-07-25 22:48:18,223 ERROR [telegram.ext.Application] No error handlers are registered, logging exception.
Traceback (most recent call last):
  File "/opt/goinfre/rrangesi/full-stack/p2p/backend/.venv/lib/python3.12/site-packages/telegram/ext/_utils/networkloop.py", line 161, in n2026-07-25 22:48:29,564 INFO [httpx] HTTP Request: POST https://api.telegram.org/bot8994609682:AAH26IXXBB1NJJRTvg_xWsx1I6rVuOym7pE/getUpdates "HTTP/1.1 409 Conflict"
2026-07-25 22:48:29,565 ERROR [telegram.ext.Application] No error handlers are registered, logging exception.
Traceback (most recent call last):
  File "/home/rrangesi/goinfre/full-stack/p2p/backend/.venv/lib/python3.12/site-packages/telegram/ext/_utils/networkloop.py", line 161, in network_retry_loop
    await do_action()
  File "/home/rrangesi/goinfre/full-stack/p2p/backend/.venv/lib/python3.12/site-packages/telegram/ext/_utils/networkloop.py", line 154, in do_action
    action_cb_task.result()
  File "/home/rrangesi/goinfre/full-stack/p2p/backend/.venv/lib/python3.12/site-packages/telegram/ext/_updater.py", line 340, in polling_action_cb
    updates = await self.bot.get_updates(
              ^^^^^^^^^^^^^^^^^^^^^^^^^^^
  File "/home/rrangesi/goinfre/full-stack/p2p/backend/.venv/lib/python3.12/site-packages/telegram/ext/_extbot.py", line 680, in get_updates
    updates = await super().get_updates(
              ^^^^^^^^^^^^^^^^^^^^^^^^^^
  File "/home/rrangesi/goinfre/full-stack/p2p/backend/.venv/lib/python3.12/site-packages/telegram/_bot.py", line 4767, in get_updates
    await self._post(
  File "/home/rrangesi/goinfre/full-stack/p2p/backend/.venv/lib/python3.12/site-packages/telegram/_bot.py", line 712, in _post
    return await self._do_post(
           ^^^^^^^^^^^^^^^^^^^^
  File "/home/rrangesi/goinfre/full-stack/p2p/backend/.venv/lib/python3.12/site-packages/telegram/ext/_extbot.py", line 378, in _do_post
    return await super()._do_post(
           ^^^^^^^^^^^^^^^^^^^^^^^
  File "/home/rrangesi/goinfre/full-stack/p2p/backend/.venv/lib/python3.12/site-packages/telegram/_bot.py", line 741, in _do_post
    result = await request.post(
             ^^^^^^^^^^^^^^^^^^^
  File "/home/rrangesi/goinfre/full-stack/p2p/backend/.venv/lib2026-07-25 22:48:52,654 INFO [httpx] HTTP Request: POST https://api.telegram.org/bot8994609682:AAH26IXXBB1NJJRTvg_xWsx1I6rVuOym7pE/getUpdates "HTTP/1.1 409 Conflict"
2026-07-25 22:48:52,656 ERROR [telegram.ext.Application] No error handlers are registered, logging exception.
Traceback (most recent call last):
  File "/opt/goinfre/rrangesi/full-stack/p2p/backend/.venv/lib/python3.12/site-packages/telegram/ext/_utils/networkloop.py", line 161, in network_ret2026-07-25 22:49:04,009 INFO [httpx] HTTP Request: POST https://api.telegram.org/bot8994609682:AAH26IXXBB1NJJRTvg_xWsx1I6rVuOym7pE/getUpdates "HTTP/1.1 409 Conflict"
2026-07-25 22:49:04,010 ERROR [telegram.ext.Application] No error handlers are registered, logging exception.
Traceback (most recent call last):
  File "/home/rrangesi/goinfre/full-stack/p2p/backend/.venv/lib/python3.12/site-packages/telegram/ext/_utils/networkloop.py", line 161, in network_retry_loop
    await do_action()
  File "/home/rrangesi/goinfre/full-stack/p2p/backend/.venv/lib/python3.12/site-packages/telegram/ext/_utils/networkloop.py", line 154, in do_action
    action_cb_task.result()
  File "/home/rrangesi/goinfre/full-stack/p2p/backend/.venv/lib/python3.12/site-packages/telegram/ext/_updater.py", line 340, in polling_action_cb
    updates = await self.bot.get_updates(
              ^^^^^^^^^^^^^^^^^^^^^^^^^^^
  File "/home/rrangesi/goinfre/full-stack/p2p/backend/.venv/lib/python3.12/site-packages/telegram/ext/_extbot.py", line 680, in get_updates
    updates = await super().get_updates(
              ^^^^^^^^^^^^^^^^^^^^^^^^^^
  File "/home/rrangesi/goinfre/full-stack/p2p/backend/.venv/lib/python3.12/site-packages/telegram/_bot.py", line 4767, in get_updates
    await self._post(
  File "/home/rrangesi/goinfre/full-stack/p2p/backend/.venv/lib/python3.12/site-packages/telegram/_bot.py", line 712, in _post
    return await self._do_post(
           ^^^^^^^^^^^^^^^^^^^^
  File "/home/rrangesi/goinfre/full-stack/p2p/backend/.venv/lib/python3.12/site-packages/telegram/ext/_extbot.py", line 378, in _do_post
    return await super()._do_post(
           ^^^^^^^^^^^^^^^^^^^^^^^
  File "/home/rrangesi/goinfre/full-stack/p2p/backend/.venv/lib/python3.12/site-packages/telegram/_bot.py", line 741, in _do_post
    result = await request.post(
             ^^^^^^^^^^^^^^^^^^^
  File "/home/rrangesi/goinfre/full-stack/p2p/backend2026-07-25 22:49:27,070 INFO [httpx] HTTP Request: POST https://api.telegram.org/bot8994609682:AAH26IXXBB1NJJRTvg_xWsx1I6rVuOym7pE/getUpdates "HTTP/1.1 409 Conflict"
2026-07-25 22:49:27,071 ERROR [telegram.ext.Application] No error handlers are registered, logging exception.
Traceback (most recent call last):
  File "/opt/goinfre/rrangesi/full-stack/p2p/backend/.venv/lib/python3.12/site-packages/telegram/ext/_utils/networkloop.py", line 161, in network_retry_loop
  2026-07-25 22:49:34,514 INFO [httpx] HTTP Request: POST https://api.telegram.org/bot8994609682:AAH26IXXBB1NJJRTvg_xWsx1I6rVuOym7pE/getUpdates "HTTP/1.1 200 OK"
2026-07-25 22:49:34,518 INFO [telegram.ext.Application] Application is stopping. This might take a moment.
2026-07-25 22:49:34,518 INFO [telegram.ext.Application] Application.stop() complete
es = await self.bot.get_updates(
              ^^^^^^^^^^^^^^^^^^^^^^^^^^^
  File "/opt/goinfre/rrangesi/full-stack/p2p/backend/.venv/lib/python3.12/site-packages/telegram/ext/_extbot.py", line 680, in get_updates
    updates = await super().get_updates(
              ^^^^^^^^^^^^^^^^^^^^^^^^^^
  File "/opt/goinfre/rrangesi/full-stack/p2p/backend/.venv/lib/python3.12/site-packages/telegram/_bot.py", line 4767, in get_updates
    await self._post(
  File "/opt/goinfre/rrangesi/full-stack/p2p/backend/.venv/lib/python3.12/site-packages/telegram/_bot.py", line 712, in _post
    return await self._do_post(
           ^^^^^^^^^^^^^^^^^^^^
  File "/opt/goinfre/rrangesi/full-stack/p2p/backend/.venv/lib/python3.12/site-packages/telegram/ext/_extbot.py", line 378, in _do_post
    return await super()._do_post(
           ^^^^^^^^^^^^^^^^^^^^^^^
  File "/opt/goinfre/rrangesi/full-stack/p2p/backend/.venv/lib/python3.12/site-packages/telegram/_bot.py", line 741, in _do_post
    result = await request.post(
             ^^^^^^^^^^^^^^^^^^^
  File "/opt/goinfre/rrangesi/full-stack/p2p/backend/.venv/lib/python3.12/site-packages/telegram/request/_baserequest.py", line 198, in post
    result = await self._request_wrapper(
             ^^^^^^^^^^^^^^^^^^^^^^^^^^^^
  File "/opt/goinfre/rrangesi/full-stack/p2p/backend/.venv/lib/python3.12/site-packages/telegram/request/_baserequest.py", line 375, in _request_wrapper
    raise exception
telegram.error.Conflict: Conflict: terminated by other getUpdates request; make sure that only one bot instance is running
^^^^^^^^^^^^^^^^^^^^
  File "/opt/goinfre/rrangesi/full-stack/p2p/backend/.venv/lib/python3.12/site-packages/telegram/ext/_extbot.py", line 680, in get_updates
    updates = await super().get_updates(
              ^^^^^^^^^^^^^^^^^^^^^^^^^^
  File "/opt/goinfre/rrangesi/full-stack/p2p/backend/.venv/lib/python3.12/site-packages/telegram/_bot.py", line 4767, in get_updates
    await self._post(
  File "/opt/goinfre/rrangesi/full-stack/p2p/backend/.venv/lib/python3.12/site-packages/telegram/_bot.py", line 712, in _post
    return await self._do_post(
           ^^^^^^^^^^^^^^^^^^^^
  File "/opt/goinfre/rrangesi/full-stack/p2p/backend/.venv/lib/python3.12/site-packages/telegram/ext/_extbot.py", line 378, in _do_post
    return await super()._do_post(
           ^^^^^^^^^^^^^^^^^^^^^^^
  File "/opt/goinfre/rrangesi/full-stack/p2p/backend/.venv/lib/python3.12/site-packages/telegram/_bot.py", line 741, in _do_post
    result = await request.post(
             ^^^^^^^^^^^^^^^^^^^
  File "/opt/goinfre/rrangesi/full-stack/p2p/backend/.venv/lib/python3.12/site-packages/telegram/request/_baserequest.py", line 198, in post
    result = await self._request_wrapper(
             ^^^^^^^^^^^^^^^^^^^^^^^^^^^^
  File "/opt/goinfre/rrangesi/full-stack/p2p/backend/.venv/lib/python3.12/site-packages/telegram/request/_baserequest.py", line 375, in _request_wrapper
    raise exception
telegram.error.Conflict: Conflict: terminated by other getUpdates request; make sure that only one bot instance is running
2026-07-25 22:33:27,826 INFO [httpx] HTTP Request: POST https://api.telegram.org/bot8994609682:AAH26IXXBB1NJJRTvg_xWsx1I6rVuOym7pE/getUpdates "HTTP/1.1 409 Conflict"
2026-07-25 22:33:27,827 ERROR [telegram.ext.Application] No error handlers are registered, logging exception.
Traceback (most recent call last):
  File "/opt/goinfre/rrangesi/full-stack/p2p/backend/.venv/lib/python3.12/site-packages/telegram/ext/_utils/networkloop.py", line 161, in network_retry_loop
    await do_action()
  File "/opt/goinfre/rrangesi/full-stack/p2p/backend/.venv/lib/python3.12/site-packages/telegram/ext/_utils/networkloop.py", line 154, in do_action
    action_cb_task.result()
  File "/opt/goinfre/rrangesi/full-stack/p2p/backend/.venv/lib/python3.12/site-packages/telegram/ext/_updater.py", line 340, in polling_action_cb
    updates = await self.bot.get_updates(
              ^^^^^^^^^^^^^^^^^^^^^^^^^^^
  File "/opt/goinfre/rrangesi/full-stack/p2p/backend/.venv/lib/python3.12/site-packages/telegram/ext/_extbot.py", line 680, in get_updates
    updates = await super().get_updates(
              ^^^^^^^^^^^^^^^^^^^^^^^^^^
  File "/opt/goinfre/rrangesi/full-stack/p2p/backend/.venv/lib/python3.12/site-packages/telegram/_bot.py", line 4767, in get_updates
    await self._post(
  File "/opt/goinfre/rrangesi/full-stack/p2p/backend/.venv/lib/python3.12/site-packages/telegram/_bot.py", line 712, in _post
    return await self._do_post(
           ^^^^^^^^^^^^^^^^^^^^
  File "/opt/goinfre/rrangesi/full-stack/p2p/backend/.venv/lib/python3.12/site-packages/telegram/ext/_extbot.py", line 378, in _do_post
    return await super()._do_post(
           ^^^^^^^^^^^^^^^^^^^^^^^
  File "/opt/goinfre/rrangesi/full-stack/p2p/backend/.venv/lib/python3.12/site-packages/telegram/_bot.py", line 741, in _do_post
    result = await request.post(
             ^^^^^^^^^^^^^^^^^^^
  File "/opt/goinfre/rrangesi/full-stack/p2p/backend/.venv/lib/python3.12/site-packages/telegram/request/_baserequest.py", line 198, in post
    result = await self._request_wrapper(
             ^^^^^^^^^^^^^^^^^^^^^^^^^^^^
  File "/opt/goinfre/rrangesi/full-stack/p2p/backend/.venv/lib/python3.12/site-packages/telegram/request/_baserequest.py", line 375, in _request_wrapper
    raise exception
telegram.error.Conflict: Conflict: terminated by other getUpdates request; make sure that only one bot instance is running
2026-07-25 22:33:39,432 INFO [httpx] HTTP Request: POST https://api.telegram.org/bot8994609682:AAH26IXXBB1NJJRTvg_xWsx1I6rVuOym7pE/getUpdates "HTTP/1.1 200 OK"
2026-07-25 22:33:49,534 INFO [httpx] HTTP Request: POST https://api.telegram.org/bot8994609682:AAH26IXXBB1NJJRTvg_xWsx1I6rVuOym7pE/getUpdates "HTTP/1.1 200 OK"
2026-07-25 22:33:52,973 INFO [httpx] HTTP Request: POST https://api.telegram.org/bot8994609682:AAH26IXXBB1NJJRTvg_xWsx1I6rVuOym7pE/getUpdates "HTTP/1.1 409 Conflict"
2026-07-25 22:33:52,974 ERROR [telegram.ext.Application] No error handlers are registered, logging exception.
Traceback (most recent call last):
  File "/opt/goinfre/rrangesi/full-stack/p2p/backend/.venv/lib/python3.12/site-packages/telegram/ext/_utils/networkloop.py", line 161, in network_retry_loop
    await do_action()
  File "/opt/goinfre/rrangesi/full-stack/p2p/backend/.venv/lib/python3.12/site-packages/telegram/ext/_utils/networkloop.py", line 154, in do_action
    action_cb_task.result()
  File "/opt/goinfre/rrangesi/full-stack/p2p/backend/.venv/lib/python3.12/site-packages/telegram/ext/_updater.py", line 340, in polling_action_cb
    updates = await self.bot.get_updates(
              ^^^^^^^^^^^^^^^^^^^^^^^^^^^
  File "/opt/goinfre/rrangesi/full-stack/p2p/backend/.venv/lib/python3.12/site-packages/telegram/ext/_extbot.py", line 680, in get_updates
    updates = await super().get_updates(
              ^^^^^^^^^^^^^^^^^^^^^^^^^^
  File "/opt/goinfre/rrangesi/full-stack/p2p/backend/.venv/lib/python3.12/site-packages/telegram/_bot.py", line 4767, in get_updates
    await self._post(
  File "/opt/goinfre/rrangesi/full-stack/p2p/backend/.venv/lib/python3.12/site-packages/telegram/_bot.py", line 712, in _post
    return await self._do_post(
           ^^^^^^^^^^^^^^^^^^^^
  File "/opt/goinfre/rrangesi/full-stack/p2p/backend/.venv/lib/python3.12/site-packages/telegram/ext/_extbot.py", line 378, in _do_post
    return await super()._do_post(
           ^^^^^^^^^^^^^^^^^^^^^^^
  File "/opt/goinfre/rrangesi/full-stack/p2p/backend/.venv/lib/python3.12/site-packages/telegram/_bot.py", line 741, in _do_post
    result = await request.post(
             ^^^^^^^^^^^^^^^^^^^
  File "/opt/goinfre/rrangesi/full-stack/p2p/backend/.venv/lib/python3.12/site-packages/telegram/request/_baserequest.py", line 198, in post
    result = await self._request_wrapper(
             ^^^^^^^^^^^^^^^^^^^^^^^^^^^^
  File "/opt/goinfre/rrangesi/full-stack/p2p/backend/.venv/lib/python3.12/site-packages/telegram/request/_baserequest.py", line 375, in _request_wrapper
    raise exception
telegram.error.Conflict: Conflict: terminated by other getUpdates request; make sure that only one bot instance is running
2026-07-25 22:34:02,771 INFO [httpx] HTTP Request: POST https://api.telegram.org/bot8994609682:AAH26IXXBB1NJJRTvg_xWsx1I6rVuOym7pE/getUpdates "HTTP/1.1 409 Conflict"
2026-07-25 22:34:02,772 ERROR [telegram.ext.Application] No error handlers are registered, logging exception.
Traceback (most recent call last):
  File "/opt/goinfre/rrangesi/full-stack/p2p/backend/.venv/lib/python3.12/site-packages/telegram/ext/_utils/networkloop.py", line 161, in network_retry_loop
    await do_action()
  File "/opt/goinfre/rrangesi/full-stack/p2p/backend/.venv/lib/python3.12/site-packages/telegram/ext/_utils/networkloop.py", line 154, in do_action
    action_cb_task.result()
  File "/opt/goinfre/rrangesi/full-stack/p2p/backend/.venv/lib/python3.12/site-packages/telegram/ext/_updater.py", line 340, in polling_action_cb
    updates = await self.bot.get_updates(
              ^^^^^^^^^^^^^^^^^^^^^^^^^^^
  File "/opt/goinfre/rrangesi/full-stack/p2p/backend/.venv/lib/python3.12/site-packages/telegram/ext/_extbot.py", line 680, in get_updates
    updates = await super().get_updates(
              ^^^^^^^^^^^^^^^^^^^^^^^^^^
  File "/opt/goinfre/rrangesi/full-stack/p2p/backend/.venv/lib/python3.12/site-packages/telegram/_bot.py", line 4767, in get_updates
    await self._post(
  File "/opt/goinfre/rrangesi/full-stack/p2p/backend/.venv/lib/python3.12/site-packages/telegram/_bot.py", line 712, in _post
    return await self._do_post(
           ^^^^^^^^^^^^^^^^^^^^
  File "/opt/goinfre/rrangesi/full-stack/p2p/backend/.venv/lib/python3.12/site-packages/telegram/ext/_extbot.py", line 378, in _do_post
    return await super()._do_post(
           ^^^^^^^^^^^^^^^^^^^^^^^
  File "/opt/goinfre/rrangesi/full-stack/p2p/backend/.venv/lib/python3.12/site-packages/telegram/_bot.py", line 741, in _do_post
    result = await request.post(
             ^^^^^^^^^^^^^^^^^^^
  File "/opt/goinfre/rrangesi/full-stack/p2p/backend/.venv/lib/python3.12/site-packages/telegram/request/_baserequest.py", line 198, in post
    result = await self._request_wrapper(
             ^^^^^^^^^^^^^^^^^^^^^^^^^^^^
  File "/opt/goinfre/rrangesi/full-stack/p2p/backend/.venv/lib/python3.12/site-packages/telegram/request/_baserequest.py", line 375, in _request_wrapper
    raise exception
telegram.error.Conflict: Conflict: terminated by other getUpdates request; make sure that only one bot instance is running
2026-07-25 22:34:14,376 INFO [httpx] HTTP Request: POST https://api.telegram.org/bot8994609682:AAH26IXXBB1NJJRTvg_xWsx1I6rVuOym7pE/getUpdates "HTTP/1.1 200 OK"
2026-07-25 22:34:24,478 INFO [httpx] HTTP Request: POST https://api.telegram.org/bot8994609682:AAH26IXXBB1NJJRTvg_xWsx1I6rVuOym7pE/getUpdates "HTTP/1.1 200 OK"
2026-07-25 22:34:27,409 INFO [httpx] HTTP Request: POST https://api.telegram.org/bot8994609682:AAH26IXXBB1NJJRTvg_xWsx1I6rVuOym7pE/getUpdates "HTTP/1.1 409 Conflict"
2026-07-25 22:34:27,410 ERROR [telegram.ext.Application] No error handlers are registered, logging exception.
Traceback (most recent call last):
  File "/opt/goinfre/rrangesi/full-stack/p2p/backend/.venv/lib/python3.12/site-packages/telegram/ext/_utils/networkloop.py", line 161, in network_retry_loop
    await do_action()
  File "/opt/goinfre/rrangesi/full-stack/p2p/backend/.venv/lib/python3.12/site-packages/telegram/ext/_utils/networkloop.py", line 154, in do_action
    action_cb_task.result()
  File "/opt/goinfre/rrangesi/full-stack/p2p/backend/.venv/lib/python3.12/site-packages/telegram/ext/_updater.py", line 340, in polling_action_cb
    updates = await self.bot.get_updates(
              ^^^^^^^^^^^^^^^^^^^^^^^^^^^
  File "/opt/goinfre/rrangesi/full-stack/p2p/backend/.venv/lib/python3.12/site-packages/telegram/ext/_extbot.py", line 680, in get_updates
    updates = await super().get_updates(
              ^^^^^^^^^^^^^^^^^^^^^^^^^^
  File "/opt/goinfre/rrangesi/full-stack/p2p/backend/.venv/lib/python3.12/site-packages/telegram/_bot.py", line 4767, in get_updates
    await self._post(
  File "/opt/goinfre/rrangesi/full-stack/p2p/backend/.venv/lib/python3.12/site-packages/telegram/_bot.py", line 712, in _post
    return await self._do_post(
           ^^^^^^^^^^^^^^^^^^^^
  File "/opt/goinfre/rrangesi/full-stack/p2p/backend/.venv/lib/python3.12/site-packages/telegram/ext/_extbot.py", line 378, in _do_post
    return await super()._do_post(
           ^^^^^^^^^^^^^^^^^^^^^^^
  File "/opt/goinfre/rrangesi/full-stack/p2p/backend/.venv/lib/python3.12/site-packages/telegram/_bot.py", line 741, in _do_post
    result = await request.post(
             ^^^^^^^^^^^^^^^^^^^
  File "/opt/goinfre/rrangesi/full-stack/p2p/backend/.venv/lib/python3.12/site-packages/telegram/request/_baserequest.py", line 198, in post
    result = await self._request_wrapper(
             ^^^^^^^^^^^^^^^^^^^^^^^^^^^^
  File "/opt/goinfre/rrangesi/full-stack/p2p/backend/.venv/lib/python3.12/site-packages/telegram/request/_baserequest.py", line 375, in _request_wrapper
    raise exception
telegram.error.Conflict: Conflict: terminated by other getUpdates request; make sure that only one bot instance is running
2026-07-25 22:34:37,802 INFO [httpx] HTTP Request: POST https://api.telegram.org/bot8994609682:AAH26IXXBB1NJJRTvg_xWsx1I6rVuOym7pE/getUpdates "HTTP/1.1 409 Conflict"
2026-07-25 22:34:37,804 ERROR [telegram.ext.Application] No error handlers are registered, logging exception.
Traceback (most recent call last):
  File "/opt/goinfre/rrangesi/full-stack/p2p/backend/.venv/lib/python3.12/site-packages/telegram/ext/_utils/networkloop.py", line 161, in network_retry_loop
    await do_action()
  File "/opt/goinfre/rrangesi/full-stack/p2p/backend/.venv/lib/python3.12/site-packages/telegram/ext/_utils/networkloop.py", line 154, in do_action
    action_cb_task.result()
  File "/opt/goinfre/rrangesi/full-stack/p2p/backend/.venv/lib/python3.12/site-packages/telegram/ext/_updater.py", line 340, in polling_action_cb
    updates = await self.bot.get_updates(
              ^^^^^^^^^^^^^^^^^^^^^^^^^^^
  File "/opt/goinfre/rrangesi/full-stack/p2p/backend/.venv/lib/python3.12/site-packages/telegram/ext/_extbot.py", line 680, in get_updates
    updates = await super().get_updates(
              ^^^^^^^^^^^^^^^^^^^^^^^^^^
  File "/opt/goinfre/rrangesi/full-stack/p2p/backend/.venv/lib/python3.12/site-packages/telegram/_bot.py", line 4767, in get_updates
    await self._post(
  File "/opt/goinfre/rrangesi/full-stack/p2p/backend/.venv/lib/python3.12/site-packages/telegram/_bot.py", line 712, in _post
    return await self._do_post(
           ^^^^^^^^^^^^^^^^^^^^
  File "/opt/goinfre/rrangesi/full-stack/p2p/backend/.venv/lib/python3.12/site-packages/telegram/ext/_extbot.py", line 378, in _do_post
    return await super()._do_post(
           ^^^^^^^^^^^^^^^^^^^^^^^
  File "/opt/goinfre/rrangesi/full-stack/p2p/backend/.venv/lib/python3.12/site-packages/telegram/_bot.py", line 741, in _do_post
    result = await request.post(
             ^^^^^^^^^^^^^^^^^^^
  File "/opt/goinfre/rrangesi/full-stack/p2p/backend/.venv/lib/python3.12/site-packages/telegram/request/_baserequest.py", line 198, in post
    result = await self._request_wrapper(
             ^^^^^^^^^^^^^^^^^^^^^^^^^^^^
  File "/opt/goinfre/rrangesi/full-stack/p2p/backend/.venv/lib/python3.12/site-packages/telegram/request/_baserequest.py", line 375, in _request_wrapper
    raise exception
telegram.error.Conflict: Conflict: terminated by other getUpdates request; make sure that only one bot instance is running
2026-07-25 22:34:49,410 INFO [httpx] HTTP Request: POST https://api.telegram.org/bot8994609682:AAH26IXXBB1NJJRTvg_xWsx1I6rVuOym7pE/getUpdates "HTTP/1.1 200 OK"
2026-07-25 22:34:59,515 INFO [httpx] HTTP Request: POST https://api.telegram.org/bot8994609682:AAH26IXXBB1NJJRTvg_xWsx1I6rVuOym7pE/getUpdates "HTTP/1.1 200 OK"
2026-07-25 22:35:01,938 INFO [httpx] HTTP Request: POST https://api.telegram.org/bot8994609682:AAH26IXXBB1NJJRTvg_xWsx1I6rVuOym7pE/getUpdates "HTTP/1.1 409 Conflict"
2026-07-25 22:35:01,940 ERROR [telegram.ext.Application] No error handlers are registered, logging exception.
Traceback (most recent call last):
  File "/opt/goinfre/rrangesi/full-stack/p2p/backend/.venv/lib/python3.12/site-packages/telegram/ext/_utils/networkloop.py", line 161, in network_retry_loop
    await do_action()
  File "/opt/goinfre/rrangesi/full-stack/p2p/backend/.venv/lib/python3.12/site-packages/telegram/ext/_utils/networkloop.py", line 154, in do_action
    action_cb_task.result()
  File "/opt/goinfre/rrangesi/full-stack/p2p/backend/.venv/lib/python3.12/site-packages/telegram/ext/_updater.py", line 340, in polling_action_cb
    updates = await self.bot.get_updates(
              ^^^^^^^^^^^^^^^^^^^^^^^^^^^
  File "/opt/goinfre/rrangesi/full-stack/p2p/backend/.venv/lib/python3.12/site-packages/telegram/ext/_extbot.py", line 680, in get_updates
    updates = await super().get_updates(
              ^^^^^^^^^^^^^^^^^^^^^^^^^^
  File "/opt/goinfre/rrangesi/full-stack/p2p/backend/.venv/lib/python3.12/site-packages/telegram/_bot.py", line 4767, in get_updates
    await self._post(
  File "/opt/goinfre/rrangesi/full-stack/p2p/backend/.venv/lib/python3.12/site-packages/telegram/_bot.py", line 712, in _post
    return await self._do_post(
           ^^^^^^^^^^^^^^^^^^^^
  File "/opt/goinfre/rrangesi/full-stack/p2p/backend/.venv/lib/python3.12/site-packages/telegram/ext/_extbot.py", line 378, in _do_post
    return await super()._do_post(
           ^^^^^^^^^^^^^^^^^^^^^^^
  File "/opt/goinfre/rrangesi/full-stack/p2p/backend/.venv/lib/python3.12/site-packages/telegram/_bot.py", line 741, in _do_post
    result = await request.post(
             ^^^^^^^^^^^^^^^^^^^
  File "/opt/goinfre/rrangesi/full-stack/p2p/backend/.venv/lib/python3.12/site-packages/telegram/request/_baserequest.py", line 198, in post
    result = await self._request_wrapper(
             ^^^^^^^^^^^^^^^^^^^^^^^^^^^^
  File "/opt/goinfre/rrangesi/full-stack/p2p/backend/.venv/lib/python3.12/site-packages/telegram/request/_baserequest.py", line 375, in _request_wrapper
    raise exception
telegram.error.Conflict: Conflict: terminated by other getUpdates request; make sure that only one bot instance is running
2026-07-25 22:35:12,741 INFO [httpx] HTTP Request: POST https://api.telegram.org/bot8994609682:AAH26IXXBB1NJJRTvg_xWsx1I6rVuOym7pE/getUpdates "HTTP/1.1 409 Conflict"
2026-07-25 22:35:12,742 ERROR [telegram.ext.Application] No error handlers are registered, logging exception.
Traceback (most recent call last):
  File "/opt/goinfre/rrangesi/full-stack/p2p/backend/.venv/lib/python3.12/site-packages/telegram/ext/_utils/networkloop.py", line 161, in network_retry_loop
    await do_action()
  File "/opt/goinfre/rrangesi/full-stack/p2p/backend/.venv/lib/python3.12/site-packages/telegram/ext/_utils/networkloop.py", line 154, in do_action
    action_cb_task.result()
  File "/opt/goinfre/rrangesi/full-stack/p2p/backend/.venv/lib/python3.12/site-packages/telegram/ext/_updater.py", line 340, in polling_action_cb
    updates = await self.bot.get_updates(
              ^^^^^^^^^^^^^^^^^^^^^^^^^^^
  File "/opt/goinfre/rrangesi/full-stack/p2p/backend/.venv/lib/python3.12/site-packages/telegram/ext/_extbot.py", line 680, in get_updates
    updates = await super().get_updates(
              ^^^^^^^^^^^^^^^^^^^^^^^^^^
  File "/opt/goinfre/rrangesi/full-stack/p2p/backend/.venv/lib/python3.12/site-packages/telegram/_bot.py", line 4767, in get_updates
    await self._post(
  File "/opt/goinfre/rrangesi/full-stack/p2p/backend/.venv/lib/python3.12/site-packages/telegram/_bot.py", line 712, in _post
    return await self._do_post(
           ^^^^^^^^^^^^^^^^^^^^
  File "/opt/goinfre/rrangesi/full-stack/p2p/backend/.venv/lib/python3.12/site-packages/telegram/ext/_extbot.py", line 378, in _do_post
    return await super()._do_post(
           ^^^^^^^^^^^^^^^^^^^^^^^
  File "/opt/goinfre/rrangesi/full-stack/p2p/backend/.venv/lib/python3.12/site-packages/telegram/_bot.py", line 741, in _do_post
    result = await request.post(
             ^^^^^^^^^^^^^^^^^^^
  File "/opt/goinfre/rrangesi/full-stack/p2p/backend/.venv/lib/python3.12/site-packages/telegram/request/_baserequest.py", line 198, in post
    result = await self._request_wrapper(
             ^^^^^^^^^^^^^^^^^^^^^^^^^^^^
  File "/opt/goinfre/rrangesi/full-stack/p2p/backend/.venv/lib/python3.12/site-packages/telegram/request/_baserequest.py", line 375, in _request_wrapper
    raise exception
telegram.error.Conflict: Conflict: terminated by other getUpdates request; make sure that only one bot instance is running
2026-07-25 22:35:24,345 INFO [httpx] HTTP Request: POST https://api.telegram.org/bot8994609682:AAH26IXXBB1NJJRTvg_xWsx1I6rVuOym7pE/getUpdates "HTTP/1.1 200 OK"
2026-07-25 22:35:34,447 INFO [httpx] HTTP Request: POST https://api.telegram.org/bot8994609682:AAH26IXXBB1NJJRTvg_xWsx1I6rVuOym7pE/getUpdates "HTTP/1.1 200 OK"
2026-07-25 22:35:36,384 INFO [httpx] HTTP Request: POST https://api.telegram.org/bot8994609682:AAH26IXXBB1NJJRTvg_xWsx1I6rVuOym7pE/getUpdates "HTTP/1.1 409 Conflict"
2026-07-25 22:35:36,385 ERROR [telegram.ext.Application] No error handlers are registered, logging exception.
Traceback (most recent call last):
  File "/opt/goinfre/rrangesi/full-stack/p2p/backend/.venv/lib/python3.12/site-packages/telegram/ext/_utils/networkloop.py", line 161, in network_retry_loop
    await do_action()
  File "/opt/goinfre/rrangesi/full-stack/p2p/backend/.venv/lib/python3.12/site-packages/telegram/ext/_utils/networkloop.py", line 154, in do_action
    action_cb_task.result()
  File "/opt/goinfre/rrangesi/full-stack/p2p/backend/.venv/lib/python3.12/site-packages/telegram/ext/_updater.py", line 340, in polling_action_cb
    updates = await self.bot.get_updates(
              ^^^^^^^^^^^^^^^^^^^^^^^^^^^
  File "/opt/goinfre/rrangesi/full-stack/p2p/backend/.venv/lib/python3.12/site-packages/telegram/ext/_extbot.py", line 680, in get_updates
    updates = await super().get_updates(
              ^^^^^^^^^^^^^^^^^^^^^^^^^^
  File "/opt/goinfre/rrangesi/full-stack/p2p/backend/.venv/lib/python3.12/site-packages/telegram/_bot.py", line 4767, in get_updates
    await self._post(
  File "/opt/goinfre/rrangesi/full-stack/p2p/backend/.venv/lib/python3.12/site-packages/telegram/_bot.py", line 712, in _post
    return await self._do_post(
           ^^^^^^^^^^^^^^^^^^^^
  File "/opt/goinfre/rrangesi/full-stack/p2p/backend/.venv/lib/python3.12/site-packages/telegram/ext/_extbot.py", line 378, in _do_post
    return await super()._do_post(
           ^^^^^^^^^^^^^^^^^^^^^^^
  File "/opt/goinfre/rrangesi/full-stack/p2p/backend/.venv/lib/python3.12/site-packages/telegram/_bot.py", line 741, in _do_post
    result = await request.post(
             ^^^^^^^^^^^^^^^^^^^
  File "/opt/goinfre/rrangesi/full-stack/p2p/backend/.venv/lib/python3.12/site-packages/telegram/request/_baserequest.py", line 198, in post
    result = await self._request_wrapper(
             ^^^^^^^^^^^^^^^^^^^^^^^^^^^^
  File "/opt/goinfre/rrangesi/full-stack/p2p/backend/.venv/lib/python3.12/site-packages/telegram/request/_baserequest.py", line 375, in _request_wrapper
    raise exception
telegram.error.Conflict: Conflict: terminated by other getUpdates request; make sure that only one bot instance is running
2026-07-25 22:35:47,491 INFO [httpx] HTTP Request: POST https://api.telegram.org/bot8994609682:AAH26IXXBB1NJJRTvg_xWsx1I6rVuOym7pE/getUpdates "HTTP/1.1 200 OK"
2026-07-25 22:35:47,674 INFO [httpx] HTTP Request: POST https://api.telegram.org/bot8994609682:AAH26IXXBB1NJJRTvg_xWsx1I6rVuOym7pE/getUpdates "HTTP/1.1 409 Conflict"
2026-07-25 22:35:47,675 ERROR [telegram.ext.Application] No error handlers are registered, logging exception.
Traceback (most recent call last):
  File "/opt/goinfre/rrangesi/full-stack/p2p/backend/.venv/lib/python3.12/site-packages/telegram/ext/_utils/networkloop.py", line 161, in network_retry_loop
    await do_action()
  File "/opt/goinfre/rrangesi/full-stack/p2p/backend/.venv/lib/python3.12/site-packages/telegram/ext/_utils/networkloop.py", line 154, in do_action
    action_cb_task.result()
  File "/opt/goinfre/rrangesi/full-stack/p2p/backend/.venv/lib/python3.12/site-packages/telegram/ext/_updater.py", line 340, in polling_action_cb
    updates = await self.bot.get_updates(
              ^^^^^^^^^^^^^^^^^^^^^^^^^^^
  File "/opt/goinfre/rrangesi/full-stack/p2p/backend/.venv/lib/python3.12/site-packages/telegram/ext/_extbot.py", line 680, in get_updates
    updates = await super().get_updates(
              ^^^^^^^^^^^^^^^^^^^^^^^^^^
  File "/opt/goinfre/rrangesi/full-stack/p2p/backend/.venv/lib/python3.12/site-packages/telegram/_bot.py", line 4767, in get_updates
    await self._post(
  File "/opt/goinfre/rrangesi/full-stack/p2p/backend/.venv/lib/python3.12/site-packages/telegram/_bot.py", line 712, in _post
    return await self._do_post(
           ^^^^^^^^^^^^^^^^^^^^
  File "/opt/goinfre/rrangesi/full-stack/p2p/backend/.venv/lib/python3.12/site-packages/telegram/ext/_extbot.py", line 378, in _do_post
    return await super()._do_post(
           ^^^^^^^^^^^^^^^^^^^^^^^
  File "/opt/goinfre/rrangesi/full-stack/p2p/backend/.venv/lib/python3.12/site-packages/telegram/_bot.py", line 741, in _do_post
    result = await request.post(
             ^^^^^^^^^^^^^^^^^^^
  File "/opt/goinfre/rrangesi/full-stack/p2p/backend/.venv/lib/python3.12/site-packages/telegram/request/_baserequest.py", line 198, in post
    result = await self._request_wrapper(
             ^^^^^^^^^^^^^^^^^^^^^^^^^^^^
  File "/opt/goinfre/rrangesi/full-stack/p2p/backend/.venv/lib/python3.12/site-packages/telegram/request/_baserequest.py", line 375, in _request_wrapper
    raise exception
telegram.error.Conflict: Conflict: terminated by other getUpdates request; make sure that only one bot instance is running
2026-07-25 22:35:58,779 INFO [httpx] HTTP Request: POST https://api.telegram.org/bot8994609682:AAH26IXXBB1NJJRTvg_xWsx1I6rVuOym7pE/getUpdates "HTTP/1.1 200 OK"
2026-07-25 22:36:08,882 INFO [httpx] HTTP Request: POST https://api.telegram.org/bot8994609682:AAH26IXXBB1NJJRTvg_xWsx1I6rVuOym7pE/getUpdates "HTTP/1.1 200 OK"
2026-07-25 22:36:10,819 INFO [httpx] HTTP Request: POST https://api.telegram.org/bot8994609682:AAH26IXXBB1NJJRTvg_xWsx1I6rVuOym7pE/getUpdates "HTTP/1.1 409 Conflict"
2026-07-25 22:36:10,820 ERROR [telegram.ext.Application] No error handlers are registered, logging exception.
Traceback (most recent call last):
  File "/opt/goinfre/rrangesi/full-stack/p2p/backend/.venv/lib/python3.12/site-packages/telegram/ext/_utils/networkloop.py", line 161, in network_retry_loop
    await do_action()
  File "/opt/goinfre/rrangesi/full-stack/p2p/backend/.venv/lib/python3.12/site-packages/telegram/ext/_utils/networkloop.py", line 154, in do_action
    action_cb_task.result()
  File "/opt/goinfre/rrangesi/full-stack/p2p/backend/.venv/lib/python3.12/site-packages/telegram/ext/_updater.py", line 340, in polling_action_cb
    updates = await self.bot.get_updates(
              ^^^^^^^^^^^^^^^^^^^^^^^^^^^
  File "/opt/goinfre/rrangesi/full-stack/p2p/backend/.venv/lib/python3.12/site-packages/telegram/ext/_extbot.py", line 680, in get_updates
    updates = await super().get_updates(
              ^^^^^^^^^^^^^^^^^^^^^^^^^^
  File "/opt/goinfre/rrangesi/full-stack/p2p/backend/.venv/lib/python3.12/site-packages/telegram/_bot.py", line 4767, in get_updates
    await self._post(
  File "/opt/goinfre/rrangesi/full-stack/p2p/backend/.venv/lib/python3.12/site-packages/telegram/_bot.py", line 712, in _post
    return await self._do_post(
           ^^^^^^^^^^^^^^^^^^^^
  File "/opt/goinfre/rrangesi/full-stack/p2p/backend/.venv/lib/python3.12/site-packages/telegram/ext/_extbot.py", line 378, in _do_post
    return await super()._do_post(
           ^^^^^^^^^^^^^^^^^^^^^^^
  File "/opt/goinfre/rrangesi/full-stack/p2p/backend/.venv/lib/python3.12/site-packages/telegram/_bot.py", line 741, in _do_post
    result = await request.post(
             ^^^^^^^^^^^^^^^^^^^
  File "/opt/goinfre/rrangesi/full-stack/p2p/backend/.venv/lib/python3.12/site-packages/telegram/request/_baserequest.py", line 198, in post
    result = await self._request_wrapper(
             ^^^^^^^^^^^^^^^^^^^^^^^^^^^^
  File "/opt/goinfre/rrangesi/full-stack/p2p/backend/.venv/lib/python3.12/site-packages/telegram/request/_baserequest.py", line 375, in _request_wrapper
    raise exception
telegram.error.Conflict: Conflict: terminated by other getUpdates request; make sure that only one bot instance is running
2026-07-25 22:36:21,925 INFO [httpx] HTTP Request: POST https://api.telegram.org/bot8994609682:AAH26IXXBB1NJJRTvg_xWsx1I6rVuOym7pE/getUpdates "HTTP/1.1 200 OK"
2026-07-25 22:36:22,126 INFO [httpx] HTTP Request: POST https://api.telegram.org/bot8994609682:AAH26IXXBB1NJJRTvg_xWsx1I6rVuOym7pE/getUpdates "HTTP/1.1 409 Conflict"
2026-07-25 22:36:22,127 ERROR [telegram.ext.Application] No error handlers are registered, logging exception.
Traceback (most recent call last):
  File "/opt/goinfre/rrangesi/full-stack/p2p/backend/.venv/lib/python3.12/site-packages/telegram/ext/_utils/networkloop.py", line 161, in network_retry_loop
    await do_action()
  File "/opt/goinfre/rrangesi/full-stack/p2p/backend/.venv/lib/python3.12/site-packages/telegram/ext/_utils/networkloop.py", line 154, in do_action
    action_cb_task.result()
  File "/opt/goinfre/rrangesi/full-stack/p2p/backend/.venv/lib/python3.12/site-packages/telegram/ext/_updater.py", line 340, in polling_action_cb
    updates = await self.bot.get_updates(
              ^^^^^^^^^^^^^^^^^^^^^^^^^^^
  File "/opt/goinfre/rrangesi/full-stack/p2p/backend/.venv/lib/python3.12/site-packages/telegram/ext/_extbot.py", line 680, in get_updates
    updates = await super().get_updates(
              ^^^^^^^^^^^^^^^^^^^^^^^^^^
  File "/opt/goinfre/rrangesi/full-stack/p2p/backend/.venv/lib/python3.12/site-packages/telegram/_bot.py", line 4767, in get_updates
    await self._post(
  File "/opt/goinfre/rrangesi/full-stack/p2p/backend/.venv/lib/python3.12/site-packages/telegram/_bot.py", line 712, in _post
    return await self._do_post(
           ^^^^^^^^^^^^^^^^^^^^
  File "/opt/goinfre/rrangesi/full-stack/p2p/backend/.venv/lib/python3.12/site-packages/telegram/ext/_extbot.py", line 378, in _do_post
    return await super()._do_post(
           ^^^^^^^^^^^^^^^^^^^^^^^
  File "/opt/goinfre/rrangesi/full-stack/p2p/backend/.venv/lib/python3.12/site-packages/telegram/_bot.py", line 741, in _do_post
    result = await request.post(
             ^^^^^^^^^^^^^^^^^^^
  File "/opt/goinfre/rrangesi/full-stack/p2p/backend/.venv/lib/python3.12/site-packages/telegram/request/_baserequest.py", line 198, in post
    result = await self._request_wrapper(
             ^^^^^^^^^^^^^^^^^^^^^^^^^^^^
  File "/opt/goinfre/rrangesi/full-stack/p2p/backend/.venv/lib/python3.12/site-packages/telegram/request/_baserequest.py", line 375, in _request_wrapper
    raise exception
telegram.error.Conflict: Conflict: terminated by other getUpdates request; make sure that only one bot instance is running
2026-07-25 22:36:33,231 INFO [httpx] HTTP Request: POST https://api.telegram.org/bot8994609682:AAH26IXXBB1NJJRTvg_xWsx1I6rVuOym7pE/getUpdates "HTTP/1.1 200 OK"
2026-07-25 22:36:43,334 INFO [httpx] HTTP Request: POST https://api.telegram.org/bot8994609682:AAH26IXXBB1NJJRTvg_xWsx1I6rVuOym7pE/getUpdates "HTTP/1.1 200 OK"
2026-07-25 22:36:45,261 INFO [httpx] HTTP Request: POST https://api.telegram.org/bot8994609682:AAH26IXXBB1NJJRTvg_xWsx1I6rVuOym7pE/getUpdates "HTTP/1.1 409 Conflict"
2026-07-25 22:36:45,261 ERROR [telegram.ext.Application] No error handlers are registered, logging exception.
Traceback (most recent call last):
  File "/opt/goinfre/rrangesi/full-stack/p2p/backend/.venv/lib/python3.12/site-packages/telegram/ext/_utils/networkloop.py", line 161, in network_retry_loop
    await do_action()
  File "/opt/goinfre/rrangesi/full-stack/p2p/backend/.venv/lib/python3.12/site-packages/telegram/ext/_utils/networkloop.py", line 154, in do_action
    action_cb_task.result()
  File "/opt/goinfre/rrangesi/full-stack/p2p/backend/.venv/lib/python3.12/site-packages/telegram/ext/_updater.py", line 340, in polling_action_cb
    updates = await self.bot.get_updates(
              ^^^^^^^^^^^^^^^^^^^^^^^^^^^
  File "/opt/goinfre/rrangesi/full-stack/p2p/backend/.venv/lib/python3.12/site-packages/telegram/ext/_extbot.py", line 680, in get_updates
    updates = await super().get_updates(
              ^^^^^^^^^^^^^^^^^^^^^^^^^^
  File "/opt/goinfre/rrangesi/full-stack/p2p/backend/.venv/lib/python3.12/site-packages/telegram/_bot.py", line 4767, in get_updates
    await self._post(
  File "/opt/goinfre/rrangesi/full-stack/p2p/backend/.venv/lib/python3.12/site-packages/telegram/_bot.py", line 712, in _post
    return await self._do_post(
           ^^^^^^^^^^^^^^^^^^^^
  File "/opt/goinfre/rrangesi/full-stack/p2p/backend/.venv/lib/python3.12/site-packages/telegram/ext/_extbot.py", line 378, in _do_post
    return await super()._do_post(
           ^^^^^^^^^^^^^^^^^^^^^^^
  File "/opt/goinfre/rrangesi/full-stack/p2p/backend/.venv/lib/python3.12/site-packages/telegram/_bot.py", line 741, in _do_post
    result = await request.post(
             ^^^^^^^^^^^^^^^^^^^
  File "/opt/goinfre/rrangesi/full-stack/p2p/backend/.venv/lib/python3.12/site-packages/telegram/request/_baserequest.py", line 198, in post
    result = await self._request_wrapper(
             ^^^^^^^^^^^^^^^^^^^^^^^^^^^^
  File "/opt/goinfre/rrangesi/full-stack/p2p/backend/.venv/lib/python3.12/site-packages/telegram/request/_baserequest.py", line 375, in _request_wrapper
    raise exception
telegram.error.Conflict: Conflict: terminated by other getUpdates request; make sure that only one bot instance is running
2026-07-25 22:36:56,365 INFO [httpx] HTTP Request: POST https://api.telegram.org/bot8994609682:AAH26IXXBB1NJJRTvg_xWsx1I6rVuOym7pE/getUpdates "HTTP/1.1 200 OK"
2026-07-25 22:36:56,562 INFO [httpx] HTTP Request: POST https://api.telegram.org/bot8994609682:AAH26IXXBB1NJJRTvg_xWsx1I6rVuOym7pE/getUpdates "HTTP/1.1 409 Conflict"
2026-07-25 22:36:56,562 ERROR [telegram.ext.Application] No error handlers are registered, logging exception.
Traceback (most recent call last):
  File "/opt/goinfre/rrangesi/full-stack/p2p/backend/.venv/lib/python3.12/site-packages/telegram/ext/_utils/networkloop.py", line 161, in network_retry_loop
    await do_action()
  File "/opt/goinfre/rrangesi/full-stack/p2p/backend/.venv/lib/python3.12/site-packages/telegram/ext/_utils/networkloop.py", line 154, in do_action
    action_cb_task.result()
  File "/opt/goinfre/rrangesi/full-stack/p2p/backend/.venv/lib/python3.12/site-packages/telegram/ext/_updater.py", line 340, in polling_action_cb
    updates = await self.bot.get_updates(
              ^^^^^^^^^^^^^^^^^^^^^^^^^^^
  File "/opt/goinfre/rrangesi/full-stack/p2p/backend/.venv/lib/python3.12/site-packages/telegram/ext/_extbot.py", line 680, in get_updates
    updates = await super().get_updates(
              ^^^^^^^^^^^^^^^^^^^^^^^^^^
  File "/opt/goinfre/rrangesi/full-stack/p2p/backend/.venv/lib/python3.12/site-packages/telegram/_bot.py", line 4767, in get_updates
    await self._post(
  File "/opt/goinfre/rrangesi/full-stack/p2p/backend/.venv/lib/python3.12/site-packages/telegram/_bot.py", line 712, in _post
    return await self._do_post(
           ^^^^^^^^^^^^^^^^^^^^
  File "/opt/goinfre/rrangesi/full-stack/p2p/backend/.venv/lib/python3.12/site-packages/telegram/ext/_extbot.py", line 378, in _do_post
    return await super()._do_post(
           ^^^^^^^^^^^^^^^^^^^^^^^
  File "/opt/goinfre/rrangesi/full-stack/p2p/backend/.venv/lib/python3.12/site-packages/telegram/_bot.py", line 741, in _do_post
    result = await request.post(
             ^^^^^^^^^^^^^^^^^^^
  File "/opt/goinfre/rrangesi/full-stack/p2p/backend/.venv/lib/python3.12/site-packages/telegram/request/_baserequest.py", line 198, in post
    result = await self._request_wrapper(
             ^^^^^^^^^^^^^^^^^^^^^^^^^^^^
  File "/opt/goinfre/rrangesi/full-stack/p2p/backend/.venv/lib/python3.12/site-packages/telegram/request/_baserequest.py", line 375, in _request_wrapper
    raise exception
telegram.error.Conflict: Conflict: terminated by other getUpdates request; make sure that only one bot instance is running
2026-07-25 22:37:07,667 INFO [httpx] HTTP Request: POST https://api.telegram.org/bot8994609682:AAH26IXXBB1NJJRTvg_xWsx1I6rVuOym7pE/getUpdates "HTTP/1.1 200 OK"
2026-07-25 22:37:17,769 INFO [httpx] HTTP Request: POST https://api.telegram.org/bot8994609682:AAH26IXXBB1NJJRTvg_xWsx1I6rVuOym7pE/getUpdates "HTTP/1.1 200 OK"
2026-07-25 22:37:19,697 INFO [httpx] HTTP Request: POST https://api.telegram.org/bot8994609682:AAH26IXXBB1NJJRTvg_xWsx1I6rVuOym7pE/getUpdates "HTTP/1.1 409 Conflict"
2026-07-25 22:37:19,698 ERROR [telegram.ext.Application] No error handlers are registered, logging exception.
Traceback (most recent call last):
  File "/opt/goinfre/rrangesi/full-stack/p2p/backend/.venv/lib/python3.12/site-packages/telegram/ext/_utils/networkloop.py", line 161, in network_retry_loop
    await do_action()
  File "/opt/goinfre/rrangesi/full-stack/p2p/backend/.venv/lib/python3.12/site-packages/telegram/ext/_utils/networkloop.py", line 154, in do_action
    action_cb_task.result()
  File "/opt/goinfre/rrangesi/full-stack/p2p/backend/.venv/lib/python3.12/site-packages/telegram/ext/_updater.py", line 340, in polling_action_cb
    updates = await self.bot.get_updates(
              ^^^^^^^^^^^^^^^^^^^^^^^^^^^
  File "/opt/goinfre/rrangesi/full-stack/p2p/backend/.venv/lib/python3.12/site-packages/telegram/ext/_extbot.py", line 680, in get_updates
    updates = await super().get_updates(
              ^^^^^^^^^^^^^^^^^^^^^^^^^^
  File "/opt/goinfre/rrangesi/full-stack/p2p/backend/.venv/lib/python3.12/site-packages/telegram/_bot.py", line 4767, in get_updates
    await self._post(
  File "/opt/goinfre/rrangesi/full-stack/p2p/backend/.venv/lib/python3.12/site-packages/telegram/_bot.py", line 712, in _post
    return await self._do_post(
           ^^^^^^^^^^^^^^^^^^^^
  File "/opt/goinfre/rrangesi/full-stack/p2p/backend/.venv/lib/python3.12/site-packages/telegram/ext/_extbot.py", line 378, in _do_post
    return await super()._do_post(
           ^^^^^^^^^^^^^^^^^^^^^^^
  File "/opt/goinfre/rrangesi/full-stack/p2p/backend/.venv/lib/python3.12/site-packages/telegram/_bot.py", line 741, in _do_post
    result = await request.post(
             ^^^^^^^^^^^^^^^^^^^
  File "/opt/goinfre/rrangesi/full-stack/p2p/backend/.venv/lib/python3.12/site-packages/telegram/request/_baserequest.py", line 198, in post
    result = await self._request_wrapper(
             ^^^^^^^^^^^^^^^^^^^^^^^^^^^^
  File "/opt/goinfre/rrangesi/full-stack/p2p/backend/.venv/lib/python3.12/site-packages/telegram/request/_baserequest.py", line 375, in _request_wrapper
    raise exception
telegram.error.Conflict: Conflict: terminated by other getUpdates request; make sure that only one bot instance is running
2026-07-25 22:37:30,802 INFO [httpx] HTTP Request: POST https://api.telegram.org/bot8994609682:AAH26IXXBB1NJJRTvg_xWsx1I6rVuOym7pE/getUpdates "HTTP/1.1 200 OK"
2026-07-25 22:37:31,019 INFO [httpx] HTTP Request: POST https://api.telegram.org/bot8994609682:AAH26IXXBB1NJJRTvg_xWsx1I6rVuOym7pE/getUpdates "HTTP/1.1 409 Conflict"
2026-07-25 22:37:31,020 ERROR [telegram.ext.Application] No error handlers are registered, logging exception.
Traceback (most recent call last):
  File "/opt/goinfre/rrangesi/full-stack/p2p/backend/.venv/lib/python3.12/site-packages/telegram/ext/_utils/networkloop.py", line 161, in network_retry_loop
    await do_action()
  File "/opt/goinfre/rrangesi/full-stack/p2p/backend/.venv/lib/python3.12/site-packages/telegram/ext/_utils/networkloop.py", line 154, in do_action
    action_cb_task.result()
  File "/opt/goinfre/rrangesi/full-stack/p2p/backend/.venv/lib/python3.12/site-packages/telegram/ext/_updater.py", line 340, in polling_action_cb
    updates = await self.bot.get_updates(
              ^^^^^^^^^^^^^^^^^^^^^^^^^^^
  File "/opt/goinfre/rrangesi/full-stack/p2p/backend/.venv/lib/python3.12/site-packages/telegram/ext/_extbot.py", line 680, in get_updates
    updates = await super().get_updates(
              ^^^^^^^^^^^^^^^^^^^^^^^^^^
  File "/opt/goinfre/rrangesi/full-stack/p2p/backend/.venv/lib/python3.12/site-packages/telegram/_bot.py", line 4767, in get_updates
    await self._post(
  File "/opt/goinfre/rrangesi/full-stack/p2p/backend/.venv/lib/python3.12/site-packages/telegram/_bot.py", line 712, in _post
    return await self._do_post(
           ^^^^^^^^^^^^^^^^^^^^
  File "/opt/goinfre/rrangesi/full-stack/p2p/backend/.venv/lib/python3.12/site-packages/telegram/ext/_extbot.py", line 378, in _do_post
    return await super()._do_post(
           ^^^^^^^^^^^^^^^^^^^^^^^
  File "/opt/goinfre/rrangesi/full-stack/p2p/backend/.venv/lib/python3.12/site-packages/telegram/_bot.py", line 741, in _do_post
    result = await request.post(
             ^^^^^^^^^^^^^^^^^^^
  File "/opt/goinfre/rrangesi/full-stack/p2p/backend/.venv/lib/python3.12/site-packages/telegram/request/_baserequest.py", line 198, in post
    result = await self._request_wrapper(
             ^^^^^^^^^^^^^^^^^^^^^^^^^^^^
  File "/opt/goinfre/rrangesi/full-stack/p2p/backend/.venv/lib/python3.12/site-packages/telegram/request/_baserequest.py", line 375, in _request_wrapper
    raise exception
telegram.error.Conflict: Conflict: terminated by other getUpdates request; make sure that only one bot instance is running
2026-07-25 22:37:42,124 INFO [httpx] HTTP Request: POST https://api.telegram.org/bot8994609682:AAH26IXXBB1NJJRTvg_xWsx1I6rVuOym7pE/getUpdates "HTTP/1.1 200 OK"
2026-07-25 22:37:52,228 INFO [httpx] HTTP Request: POST https://api.telegram.org/bot8994609682:AAH26IXXBB1NJJRTvg_xWsx1I6rVuOym7pE/getUpdates "HTTP/1.1 200 OK"
2026-07-25 22:37:54,141 INFO [httpx] HTTP Request: POST https://api.telegram.org/bot8994609682:AAH26IXXBB1NJJRTvg_xWsx1I6rVuOym7pE/getUpdates "HTTP/1.1 409 Conflict"
2026-07-25 22:37:54,142 ERROR [telegram.ext.Application] No error handlers are registered, logging exception.
Traceback (most recent call last):
  File "/opt/goinfre/rrangesi/full-stack/p2p/backend/.venv/lib/python3.12/site-packages/telegram/ext/_utils/networkloop.py", line 161, in network_retry_loop
    await do_action()
  File "/opt/goinfre/rrangesi/full-stack/p2p/backend/.venv/lib/python3.12/site-packages/telegram/ext/_utils/networkloop.py", line 154, in do_action
    action_cb_task.result()
  File "/opt/goinfre/rrangesi/full-stack/p2p/backend/.venv/lib/python3.12/site-packages/telegram/ext/_updater.py", line 340, in polling_action_cb
    updates = await self.bot.get_updates(
              ^^^^^^^^^^^^^^^^^^^^^^^^^^^
  File "/opt/goinfre/rrangesi/full-stack/p2p/backend/.venv/lib/python3.12/site-packages/telegram/ext/_extbot.py", line 680, in get_updates
    updates = await super().get_updates(
              ^^^^^^^^^^^^^^^^^^^^^^^^^^
  File "/opt/goinfre/rrangesi/full-stack/p2p/backend/.venv/lib/python3.12/site-packages/telegram/_bot.py", line 4767, in get_updates
    await self._post(
  File "/opt/goinfre/rrangesi/full-stack/p2p/backend/.venv/lib/python3.12/site-packages/telegram/_bot.py", line 712, in _post
    return await self._do_post(
           ^^^^^^^^^^^^^^^^^^^^
  File "/opt/goinfre/rrangesi/full-stack/p2p/backend/.venv/lib/python3.12/site-packages/telegram/ext/_extbot.py", line 378, in _do_post
    return await super()._do_post(
           ^^^^^^^^^^^^^^^^^^^^^^^
  File "/opt/goinfre/rrangesi/full-stack/p2p/backend/.venv/lib/python3.12/site-packages/telegram/_bot.py", line 741, in _do_post
    result = await request.post(
             ^^^^^^^^^^^^^^^^^^^
  File "/opt/goinfre/rrangesi/full-stack/p2p/backend/.venv/lib/python3.12/site-packages/telegram/request/_baserequest.py", line 198, in post
    result = await self._request_wrapper(
             ^^^^^^^^^^^^^^^^^^^^^^^^^^^^
  File "/opt/goinfre/rrangesi/full-stack/p2p/backend/.venv/lib/python3.12/site-packages/telegram/request/_baserequest.py", line 375, in _request_wrapper
    raise exception
telegram.error.Conflict: Conflict: terminated by other getUpdates request; make sure that only one bot instance is running
2026-07-25 22:38:05,245 INFO [httpx] HTTP Request: POST https://api.telegram.org/bot8994609682:AAH26IXXBB1NJJRTvg_xWsx1I6rVuOym7pE/getUpdates "HTTP/1.1 200 OK"
2026-07-25 22:38:05,459 INFO [httpx] HTTP Request: POST https://api.telegram.org/bot8994609682:AAH26IXXBB1NJJRTvg_xWsx1I6rVuOym7pE/getUpdates "HTTP/1.1 409 Conflict"
2026-07-25 22:38:05,460 ERROR [telegram.ext.Application] No error handlers are registered, logging exception.
Traceback (most recent call last):
  File "/opt/goinfre/rrangesi/full-stack/p2p/backend/.venv/lib/python3.12/site-packages/telegram/ext/_utils/networkloop.py", line 161, in network_retry_loop
    await do_action()
  File "/opt/goinfre/rrangesi/full-stack/p2p/backend/.venv/lib/python3.12/site-packages/telegram/ext/_utils/networkloop.py", line 154, in do_action
    action_cb_task.result()
  File "/opt/goinfre/rrangesi/full-stack/p2p/backend/.venv/lib/python3.12/site-packages/telegram/ext/_updater.py", line 340, in polling_action_cb
    updates = await self.bot.get_updates(
              ^^^^^^^^^^^^^^^^^^^^^^^^^^^
  File "/opt/goinfre/rrangesi/full-stack/p2p/backend/.venv/lib/python3.12/site-packages/telegram/ext/_extbot.py", line 680, in get_updates
    updates = await super().get_updates(
              ^^^^^^^^^^^^^^^^^^^^^^^^^^
  File "/opt/goinfre/rrangesi/full-stack/p2p/backend/.venv/lib/python3.12/site-packages/telegram/_bot.py", line 4767, in get_updates
    await self._post(
  File "/opt/goinfre/rrangesi/full-stack/p2p/backend/.venv/lib/python3.12/site-packages/telegram/_bot.py", line 712, in _post
    return await self._do_post(
           ^^^^^^^^^^^^^^^^^^^^
  File "/opt/goinfre/rrangesi/full-stack/p2p/backend/.venv/lib/python3.12/site-packages/telegram/ext/_extbot.py", line 378, in _do_post
    return await super()._do_post(
           ^^^^^^^^^^^^^^^^^^^^^^^
  File "/opt/goinfre/rrangesi/full-stack/p2p/backend/.venv/lib/python3.12/site-packages/telegram/_bot.py", line 741, in _do_post
    result = await request.post(
             ^^^^^^^^^^^^^^^^^^^
  File "/opt/goinfre/rrangesi/full-stack/p2p/backend/.venv/lib/python3.12/site-packages/telegram/request/_baserequest.py", line 198, in post
    result = await self._request_wrapper(
             ^^^^^^^^^^^^^^^^^^^^^^^^^^^^
  File "/opt/goinfre/rrangesi/full-stack/p2p/backend/.venv/lib/python3.12/site-packages/telegram/request/_baserequest.py", line 375, in _request_wrapper
    raise exception
telegram.error.Conflict: Conflict: terminated by other getUpdates request; make sure that only one bot instance is running
2026-07-25 22:38:16,563 INFO [httpx] HTTP Request: POST https://api.telegram.org/bot8994609682:AAH26IXXBB1NJJRTvg_xWsx1I6rVuOym7pE/getUpdates "HTTP/1.1 200 OK"
2026-07-25 22:38:26,666 INFO [httpx] HTTP Request: POST https://api.telegram.org/bot8994609682:AAH26IXXBB1NJJRTvg_xWsx1I6rVuOym7pE/getUpdates "HTTP/1.1 200 OK"
2026-07-25 22:38:28,580 INFO [httpx] HTTP Request: POST https://api.telegram.org/bot8994609682:AAH26IXXBB1NJJRTvg_xWsx1I6rVuOym7pE/getUpdates "HTTP/1.1 409 Conflict"
2026-07-25 22:38:28,581 ERROR [telegram.ext.Application] No error handlers are registered, logging exception.
Traceback (most recent call last):
  File "/opt/goinfre/rrangesi/full-stack/p2p/backend/.venv/lib/python3.12/site-packages/telegram/ext/_utils/networkloop.py", line 161, in network_retry_loop
    await do_action()
  File "/opt/goinfre/rrangesi/full-stack/p2p/backend/.venv/lib/python3.12/site-packages/telegram/ext/_utils/networkloop.py", line 154, in do_action
    action_cb_task.result()
  File "/opt/goinfre/rrangesi/full-stack/p2p/backend/.venv/lib/python3.12/site-packages/telegram/ext/_updater.py", line 340, in polling_action_cb
    updates = await self.bot.get_updates(
              ^^^^^^^^^^^^^^^^^^^^^^^^^^^
  File "/opt/goinfre/rrangesi/full-stack/p2p/backend/.venv/lib/python3.12/site-packages/telegram/ext/_extbot.py", line 680, in get_updates
    updates = await super().get_updates(
              ^^^^^^^^^^^^^^^^^^^^^^^^^^
  File "/opt/goinfre/rrangesi/full-stack/p2p/backend/.venv/lib/python3.12/site-packages/telegram/_bot.py", line 4767, in get_updates
    await self._post(
  File "/opt/goinfre/rrangesi/full-stack/p2p/backend/.venv/lib/python3.12/site-packages/telegram/_bot.py", line 712, in _post
    return await self._do_post(
           ^^^^^^^^^^^^^^^^^^^^
  File "/opt/goinfre/rrangesi/full-stack/p2p/backend/.venv/lib/python3.12/site-packages/telegram/ext/_extbot.py", line 378, in _do_post
    return await super()._do_post(
           ^^^^^^^^^^^^^^^^^^^^^^^
  File "/opt/goinfre/rrangesi/full-stack/p2p/backend/.venv/lib/python3.12/site-packages/telegram/_bot.py", line 741, in _do_post
    result = await request.post(
             ^^^^^^^^^^^^^^^^^^^
  File "/opt/goinfre/rrangesi/full-stack/p2p/backend/.venv/lib/python3.12/site-packages/telegram/request/_baserequest.py", line 198, in post
    result = await self._request_wrapper(
             ^^^^^^^^^^^^^^^^^^^^^^^^^^^^
  File "/opt/goinfre/rrangesi/full-stack/p2p/backend/.venv/lib/python3.12/site-packages/telegram/request/_baserequest.py", line 375, in _request_wrapper
    raise exception
telegram.error.Conflict: Conflict: terminated by other getUpdates request; make sure that only one bot instance is running
2026-07-25 22:38:39,683 INFO [httpx] HTTP Request: POST https://api.telegram.org/bot8994609682:AAH26IXXBB1NJJRTvg_xWsx1I6rVuOym7pE/getUpdates "HTTP/1.1 200 OK"
2026-07-25 22:38:39,892 INFO [httpx] HTTP Request: POST https://api.telegram.org/bot8994609682:AAH26IXXBB1NJJRTvg_xWsx1I6rVuOym7pE/getUpdates "HTTP/1.1 409 Conflict"
2026-07-25 22:38:39,892 ERROR [telegram.ext.Application] No error handlers are registered, logging exception.
Traceback (most recent call last):
  File "/opt/goinfre/rrangesi/full-stack/p2p/backend/.venv/lib/python3.12/site-packages/telegram/ext/_utils/networkloop.py", line 161, in network_retry_loop
    await do_action()
  File "/opt/goinfre/rrangesi/full-stack/p2p/backend/.venv/lib/python3.12/site-packages/telegram/ext/_utils/networkloop.py", line 154, in do_action
    action_cb_task.result()
  File "/opt/goinfre/rrangesi/full-stack/p2p/backend/.venv/lib/python3.12/site-packages/telegram/ext/_updater.py", line 340, in polling_action_cb
    updates = await self.bot.get_updates(
              ^^^^^^^^^^^^^^^^^^^^^^^^^^^
  File "/opt/goinfre/rrangesi/full-stack/p2p/backend/.venv/lib/python3.12/site-packages/telegram/ext/_extbot.py", line 680, in get_updates
    updates = await super().get_updates(
              ^^^^^^^^^^^^^^^^^^^^^^^^^^
  File "/opt/goinfre/rrangesi/full-stack/p2p/backend/.venv/lib/python3.12/site-packages/telegram/_bot.py", line 4767, in get_updates
    await self._post(
  File "/opt/goinfre/rrangesi/full-stack/p2p/backend/.venv/lib/python3.12/site-packages/telegram/_bot.py", line 712, in _post
    return await self._do_post(
           ^^^^^^^^^^^^^^^^^^^^
  File "/opt/goinfre/rrangesi/full-stack/p2p/backend/.venv/lib/python3.12/site-packages/telegram/ext/_extbot.py", line 378, in _do_post
    return await super()._do_post(
           ^^^^^^^^^^^^^^^^^^^^^^^
  File "/opt/goinfre/rrangesi/full-stack/p2p/backend/.venv/lib/python3.12/site-packages/telegram/_bot.py", line 741, in _do_post
    result = await request.post(
             ^^^^^^^^^^^^^^^^^^^
  File "/opt/goinfre/rrangesi/full-stack/p2p/backend/.venv/lib/python3.12/site-packages/telegram/request/_baserequest.py", line 198, in post
    result = await self._request_wrapper(
             ^^^^^^^^^^^^^^^^^^^^^^^^^^^^
  File "/opt/goinfre/rrangesi/full-stack/p2p/backend/.venv/lib/python3.12/site-packages/telegram/request/_baserequest.py", line 375, in _request_wrapper
    raise exception
telegram.error.Conflict: Conflict: terminated by other getUpdates request; make sure that only one bot instance is running
2026-07-25 22:38:50,995 INFO [httpx] HTTP Request: POST https://api.telegram.org/bot8994609682:AAH26IXXBB1NJJRTvg_xWsx1I6rVuOym7pE/getUpdates "HTTP/1.1 200 OK"
2026-07-25 22:39:01,098 INFO [httpx] HTTP Request: POST https://api.telegram.org/bot8994609682:AAH26IXXBB1NJJRTvg_xWsx1I6rVuOym7pE/getUpdates "HTTP/1.1 200 OK"
2026-07-25 22:39:03,016 INFO [httpx] HTTP Request: POST https://api.telegram.org/bot8994609682:AAH26IXXBB1NJJRTvg_xWsx1I6rVuOym7pE/getUpdates "HTTP/1.1 409 Conflict"
2026-07-25 22:39:03,017 ERROR [telegram.ext.Application] No error handlers are registered, logging exception.
Traceback (most recent call last):
  File "/opt/goinfre/rrangesi/full-stack/p2p/backend/.venv/lib/python3.12/site-packages/telegram/ext/_utils/networkloop.py", line 161, in network_retry_loop
    await do_action()
  File "/opt/goinfre/rrangesi/full-stack/p2p/backend/.venv/lib/python3.12/site-packages/telegram/ext/_utils/networkloop.py", line 154, in do_action
    action_cb_task.result()
  File "/opt/goinfre/rrangesi/full-stack/p2p/backend/.venv/lib/python3.12/site-packages/telegram/ext/_updater.py", line 340, in polling_action_cb
    updates = await self.bot.get_updates(
              ^^^^^^^^^^^^^^^^^^^^^^^^^^^
  File "/opt/goinfre/rrangesi/full-stack/p2p/backend/.venv/lib/python3.12/site-packages/telegram/ext/_extbot.py", line 680, in get_updates
    updates = await super().get_updates(
              ^^^^^^^^^^^^^^^^^^^^^^^^^^
  File "/opt/goinfre/rrangesi/full-stack/p2p/backend/.venv/lib/python3.12/site-packages/telegram/_bot.py", line 4767, in get_updates
    await self._post(
  File "/opt/goinfre/rrangesi/full-stack/p2p/backend/.venv/lib/python3.12/site-packages/telegram/_bot.py", line 712, in _post
    return await self._do_post(
           ^^^^^^^^^^^^^^^^^^^^
  File "/opt/goinfre/rrangesi/full-stack/p2p/backend/.venv/lib/python3.12/site-packages/telegram/ext/_extbot.py", line 378, in _do_post
    return await super()._do_post(
           ^^^^^^^^^^^^^^^^^^^^^^^
  File "/opt/goinfre/rrangesi/full-stack/p2p/backend/.venv/lib/python3.12/site-packages/telegram/_bot.py", line 741, in _do_post
    result = await request.post(
             ^^^^^^^^^^^^^^^^^^^
  File "/opt/goinfre/rrangesi/full-stack/p2p/backend/.venv/lib/python3.12/site-packages/telegram/request/_baserequest.py", line 198, in post
    result = await self._request_wrapper(
             ^^^^^^^^^^^^^^^^^^^^^^^^^^^^
  File "/opt/goinfre/rrangesi/full-stack/p2p/backend/.venv/lib/python3.12/site-packages/telegram/request/_baserequest.py", line 375, in _request_wrapper
    raise exception
telegram.error.Conflict: Conflict: terminated by other getUpdates request; make sure that only one bot instance is running
2026-07-25 22:39:14,120 INFO [httpx] HTTP Request: POST https://api.telegram.org/bot8994609682:AAH26IXXBB1NJJRTvg_xWsx1I6rVuOym7pE/getUpdates "HTTP/1.1 200 OK"
2026-07-25 22:39:14,350 INFO [httpx] HTTP Request: POST https://api.telegram.org/bot8994609682:AAH26IXXBB1NJJRTvg_xWsx1I6rVuOym7pE/getUpdates "HTTP/1.1 409 Conflict"
2026-07-25 22:39:14,351 ERROR [telegram.ext.Application] No error handlers are registered, logging exception.
Traceback (most recent call last):
  File "/opt/goinfre/rrangesi/full-stack/p2p/backend/.venv/lib/python3.12/site-packages/telegram/ext/_utils/networkloop.py", line 161, in network_retry_loop
    await do_action()
  File "/opt/goinfre/rrangesi/full-stack/p2p/backend/.venv/lib/python3.12/site-packages/telegram/ext/_utils/networkloop.py", line 154, in do_action
    action_cb_task.result()
  File "/opt/goinfre/rrangesi/full-stack/p2p/backend/.venv/lib/python3.12/site-packages/telegram/ext/_updater.py", line 340, in polling_action_cb
    updates = await self.bot.get_updates(
              ^^^^^^^^^^^^^^^^^^^^^^^^^^^
  File "/opt/goinfre/rrangesi/full-stack/p2p/backend/.venv/lib/python3.12/site-packages/telegram/ext/_extbot.py", line 680, in get_updates
    updates = await super().get_updates(
              ^^^^^^^^^^^^^^^^^^^^^^^^^^
  File "/opt/goinfre/rrangesi/full-stack/p2p/backend/.venv/lib/python3.12/site-packages/telegram/_bot.py", line 4767, in get_updates
    await self._post(
  File "/opt/goinfre/rrangesi/full-stack/p2p/backend/.venv/lib/python3.12/site-packages/telegram/_bot.py", line 712, in _post
    return await self._do_post(
           ^^^^^^^^^^^^^^^^^^^^
  File "/opt/goinfre/rrangesi/full-stack/p2p/backend/.venv/lib/python3.12/site-packages/telegram/ext/_extbot.py", line 378, in _do_post
    return await super()._do_post(
           ^^^^^^^^^^^^^^^^^^^^^^^
  File "/opt/goinfre/rrangesi/full-stack/p2p/backend/.venv/lib/python3.12/site-packages/telegram/_bot.py", line 741, in _do_post
    result = await request.post(
             ^^^^^^^^^^^^^^^^^^^
  File "/opt/goinfre/rrangesi/full-stack/p2p/backend/.venv/lib/python3.12/site-packages/telegram/request/_baserequest.py", line 198, in post
    result = await self._request_wrapper(
             ^^^^^^^^^^^^^^^^^^^^^^^^^^^^
  File "/opt/goinfre/rrangesi/full-stack/p2p/backend/.venv/lib/python3.12/site-packages/telegram/request/_baserequest.py", line 375, in _request_wrapper
    raise exception
telegram.error.Conflict: Conflict: terminated by other getUpdates request; make sure that only one bot instance is running
2026-07-25 22:39:25,454 INFO [httpx] HTTP Request: POST https://api.telegram.org/bot8994609682:AAH26IXXBB1NJJRTvg_xWsx1I6rVuOym7pE/getUpdates "HTTP/1.1 200 OK"
2026-07-25 22:39:35,558 INFO [httpx] HTTP Request: POST https://api.telegram.org/bot8994609682:AAH26IXXBB1NJJRTvg_xWsx1I6rVuOym7pE/getUpdates "HTTP/1.1 200 OK"
2026-07-25 22:39:37,433 INFO [httpx] HTTP Request: POST https://api.telegram.org/bot8994609682:AAH26IXXBB1NJJRTvg_xWsx1I6rVuOym7pE/getUpdates "HTTP/1.1 409 Conflict"
2026-07-25 22:39:37,434 ERROR [telegram.ext.Application] No error handlers are registered, logging exception.
Traceback (most recent call last):
  File "/opt/goinfre/rrangesi/full-stack/p2p/backend/.venv/lib/python3.12/site-packages/telegram/ext/_utils/networkloop.py", line 161, in network_retry_loop
    await do_action()
  File "/opt/goinfre/rrangesi/full-stack/p2p/backend/.venv/lib/python3.12/site-packages/telegram/ext/_utils/networkloop.py", line 154, in do_action
    action_cb_task.result()
  File "/opt/goinfre/rrangesi/full-stack/p2p/backend/.venv/lib/python3.12/site-packages/telegram/ext/_updater.py", line 340, in polling_action_cb
    updates = await self.bot.get_updates(
              ^^^^^^^^^^^^^^^^^^^^^^^^^^^
  File "/opt/goinfre/rrangesi/full-stack/p2p/backend/.venv/lib/python3.12/site-packages/telegram/ext/_extbot.py", line 680, in get_updates
    updates = await super().get_updates(
              ^^^^^^^^^^^^^^^^^^^^^^^^^^
  File "/opt/goinfre/rrangesi/full-stack/p2p/backend/.venv/lib/python3.12/site-packages/telegram/_bot.py", line 4767, in get_updates
    await self._post(
  File "/opt/goinfre/rrangesi/full-stack/p2p/backend/.venv/lib/python3.12/site-packages/telegram/_bot.py", line 712, in _post
    return await self._do_post(
           ^^^^^^^^^^^^^^^^^^^^
  File "/opt/goinfre/rrangesi/full-stack/p2p/backend/.venv/lib/python3.12/site-packages/telegram/ext/_extbot.py", line 378, in _do_post
    return await super()._do_post(
           ^^^^^^^^^^^^^^^^^^^^^^^
  File "/opt/goinfre/rrangesi/full-stack/p2p/backend/.venv/lib/python3.12/site-packages/telegram/_bot.py", line 741, in _do_post
    result = await request.post(
             ^^^^^^^^^^^^^^^^^^^
  File "/opt/goinfre/rrangesi/full-stack/p2p/backend/.venv/lib/python3.12/site-packages/telegram/request/_baserequest.py", line 198, in post
    result = await self._request_wrapper(
             ^^^^^^^^^^^^^^^^^^^^^^^^^^^^
  File "/opt/goinfre/rrangesi/full-stack/p2p/backend/.venv/lib/python3.12/site-packages/telegram/request/_baserequest.py", line 375, in _request_wrapper
    raise exception
telegram.error.Conflict: Conflict: terminated by other getUpdates request; make sure that only one bot instance is running
2026-07-25 22:39:48,537 INFO [httpx] HTTP Request: POST https://api.telegram.org/bot8994609682:AAH26IXXBB1NJJRTvg_xWsx1I6rVuOym7pE/getUpdates "HTTP/1.1 200 OK"
2026-07-25 22:39:48,793 INFO [httpx] HTTP Request: POST https://api.telegram.org/bot8994609682:AAH26IXXBB1NJJRTvg_xWsx1I6rVuOym7pE/getUpdates "HTTP/1.1 409 Conflict"
2026-07-25 22:39:48,793 ERROR [telegram.ext.Application] No error handlers are registered, logging exception.
Traceback (most recent call last):
  File "/opt/goinfre/rrangesi/full-stack/p2p/backend/.venv/lib/python3.12/site-packages/telegram/ext/_utils/networkloop.py", line 161, in network_retry_loop
    await do_action()
  File "/opt/goinfre/rrangesi/full-stack/p2p/backend/.venv/lib/python3.12/site-packages/telegram/ext/_utils/networkloop.py", line 154, in do_action
    action_cb_task.result()
  File "/opt/goinfre/rrangesi/full-stack/p2p/backend/.venv/lib/python3.12/site-packages/telegram/ext/_updater.py", line 340, in polling_action_cb
    updates = await self.bot.get_updates(
              ^^^^^^^^^^^^^^^^^^^^^^^^^^^
  File "/opt/goinfre/rrangesi/full-stack/p2p/backend/.venv/lib/python3.12/site-packages/telegram/ext/_extbot.py", line 680, in get_updates
    updates = await super().get_updates(
              ^^^^^^^^^^^^^^^^^^^^^^^^^^
  File "/opt/goinfre/rrangesi/full-stack/p2p/backend/.venv/lib/python3.12/site-packages/telegram/_bot.py", line 4767, in get_updates
    await self._post(
  File "/opt/goinfre/rrangesi/full-stack/p2p/backend/.venv/lib/python3.12/site-packages/telegram/_bot.py", line 712, in _post
    return await self._do_post(
           ^^^^^^^^^^^^^^^^^^^^
  File "/opt/goinfre/rrangesi/full-stack/p2p/backend/.venv/lib/python3.12/site-packages/telegram/ext/_extbot.py", line 378, in _do_post
    return await super()._do_post(
           ^^^^^^^^^^^^^^^^^^^^^^^
  File "/opt/goinfre/rrangesi/full-stack/p2p/backend/.venv/lib/python3.12/site-packages/telegram/_bot.py", line 741, in _do_post
    result = await request.post(
             ^^^^^^^^^^^^^^^^^^^
  File "/opt/goinfre/rrangesi/full-stack/p2p/backend/.venv/lib/python3.12/site-packages/telegram/request/_baserequest.py", line 198, in post
    result = await self._request_wrapper(
             ^^^^^^^^^^^^^^^^^^^^^^^^^^^^
  File "/opt/goinfre/rrangesi/full-stack/p2p/backend/.venv/lib/python3.12/site-packages/telegram/request/_baserequest.py", line 375, in _request_wrapper
    raise exception
telegram.error.Conflict: Conflict: terminated by other getUpdates request; make sure that only one bot instance is running
2026-07-25 22:39:59,897 INFO [httpx] HTTP Request: POST https://api.telegram.org/bot8994609682:AAH26IXXBB1NJJRTvg_xWsx1I6rVuOym7pE/getUpdates "HTTP/1.1 200 OK"
2026-07-25 22:40:10,000 INFO [httpx] HTTP Request: POST https://api.telegram.org/bot8994609682:AAH26IXXBB1NJJRTvg_xWsx1I6rVuOym7pE/getUpdates "HTTP/1.1 200 OK"
2026-07-25 22:40:11,874 INFO [httpx] HTTP Request: POST https://api.telegram.org/bot8994609682:AAH26IXXBB1NJJRTvg_xWsx1I6rVuOym7pE/getUpdates "HTTP/1.1 409 Conflict"
2026-07-25 22:40:11,874 ERROR [telegram.ext.Application] No error handlers are registered, logging exception.
Traceback (most recent call last):
  File "/opt/goinfre/rrangesi/full-stack/p2p/backend/.venv/lib/python3.12/site-packages/telegram/ext/_utils/networkloop.py", line 161, in network_retry_loop
    await do_action()
  File "/opt/goinfre/rrangesi/full-stack/p2p/backend/.venv/lib/python3.12/site-packages/telegram/ext/_utils/networkloop.py", line 154, in do_action
    action_cb_task.result()
  File "/opt/goinfre/rrangesi/full-stack/p2p/backend/.venv/lib/python3.12/site-packages/telegram/ext/_updater.py", line 340, in polling_action_cb
    updates = await self.bot.get_updates(
              ^^^^^^^^^^^^^^^^^^^^^^^^^^^
  File "/opt/goinfre/rrangesi/full-stack/p2p/backend/.venv/lib/python3.12/site-packages/telegram/ext/_extbot.py", line 680, in get_updates
    updates = await super().get_updates(
              ^^^^^^^^^^^^^^^^^^^^^^^^^^
  File "/opt/goinfre/rrangesi/full-stack/p2p/backend/.venv/lib/python3.12/site-packages/telegram/_bot.py", line 4767, in get_updates
    await self._post(
  File "/opt/goinfre/rrangesi/full-stack/p2p/backend/.venv/lib/python3.12/site-packages/telegram/_bot.py", line 712, in _post
    return await self._do_post(
           ^^^^^^^^^^^^^^^^^^^^
  File "/opt/goinfre/rrangesi/full-stack/p2p/backend/.venv/lib/python3.12/site-packages/telegram/ext/_extbot.py", line 378, in _do_post
    return await super()._do_post(
           ^^^^^^^^^^^^^^^^^^^^^^^
  File "/opt/goinfre/rrangesi/full-stack/p2p/backend/.venv/lib/python3.12/site-packages/telegram/_bot.py", line 741, in _do_post
    result = await request.post(
             ^^^^^^^^^^^^^^^^^^^
  File "/opt/goinfre/rrangesi/full-stack/p2p/backend/.venv/lib/python3.12/site-packages/telegram/request/_baserequest.py", line 198, in post
    result = await self._request_wrapper(
             ^^^^^^^^^^^^^^^^^^^^^^^^^^^^
  File "/opt/goinfre/rrangesi/full-stack/p2p/backend/.venv/lib/python3.12/site-packages/telegram/request/_baserequest.py", line 375, in _request_wrapper
    raise exception
telegram.error.Conflict: Conflict: terminated by other getUpdates request; make sure that only one bot instance is running
2026-07-25 22:40:22,977 INFO [httpx] HTTP Request: POST https://api.telegram.org/bot8994609682:AAH26IXXBB1NJJRTvg_xWsx1I6rVuOym7pE/getUpdates "HTTP/1.1 200 OK"
2026-07-25 22:40:23,225 INFO [httpx] HTTP Request: POST https://api.telegram.org/bot8994609682:AAH26IXXBB1NJJRTvg_xWsx1I6rVuOym7pE/getUpdates "HTTP/1.1 409 Conflict"
2026-07-25 22:40:23,226 ERROR [telegram.ext.Application] No error handlers are registered, logging exception.
Traceback (most recent call last):
  File "/opt/goinfre/rrangesi/full-stack/p2p/backend/.venv/lib/python3.12/site-packages/telegram/ext/_utils/networkloop.py", line 161, in network_retry_loop
    await do_action()
  File "/opt/goinfre/rrangesi/full-stack/p2p/backend/.venv/lib/python3.12/site-packages/telegram/ext/_utils/networkloop.py", line 154, in do_action
    action_cb_task.result()
  File "/opt/goinfre/rrangesi/full-stack/p2p/backend/.venv/lib/python3.12/site-packages/telegram/ext/_updater.py", line 340, in polling_action_cb
    updates = await self.bot.get_updates(
              ^^^^^^^^^^^^^^^^^^^^^^^^^^^
  File "/opt/goinfre/rrangesi/full-stack/p2p/backend/.venv/lib/python3.12/site-packages/telegram/ext/_extbot.py", line 680, in get_updates
    updates = await super().get_updates(
              ^^^^^^^^^^^^^^^^^^^^^^^^^^
  File "/opt/goinfre/rrangesi/full-stack/p2p/backend/.venv/lib/python3.12/site-packages/telegram/_bot.py", line 4767, in get_updates
    await self._post(
  File "/opt/goinfre/rrangesi/full-stack/p2p/backend/.venv/lib/python3.12/site-packages/telegram/_bot.py", line 712, in _post
    return await self._do_post(
           ^^^^^^^^^^^^^^^^^^^^
  File "/opt/goinfre/rrangesi/full-stack/p2p/backend/.venv/lib/python3.12/site-packages/telegram/ext/_extbot.py", line 378, in _do_post
    return await super()._do_post(
           ^^^^^^^^^^^^^^^^^^^^^^^
  File "/opt/goinfre/rrangesi/full-stack/p2p/backend/.venv/lib/python3.12/site-packages/telegram/_bot.py", line 741, in _do_post
    result = await request.post(
             ^^^^^^^^^^^^^^^^^^^
  File "/opt/goinfre/rrangesi/full-stack/p2p/backend/.venv/lib/python3.12/site-packages/telegram/request/_baserequest.py", line 198, in post
    result = await self._request_wrapper(
             ^^^^^^^^^^^^^^^^^^^^^^^^^^^^
  File "/opt/goinfre/rrangesi/full-stack/p2p/backend/.venv/lib/python3.12/site-packages/telegram/request/_baserequest.py", line 375, in _request_wrapper
    raise exception
telegram.error.Conflict: Conflict: terminated by other getUpdates request; make sure that only one bot instance is running
2026-07-25 22:40:34,329 INFO [httpx] HTTP Request: POST https://api.telegram.org/bot8994609682:AAH26IXXBB1NJJRTvg_xWsx1I6rVuOym7pE/getUpdates "HTTP/1.1 200 OK"
2026-07-25 22:40:44,432 INFO [httpx] HTTP Request: POST https://api.telegram.org/bot8994609682:AAH26IXXBB1NJJRTvg_xWsx1I6rVuOym7pE/getUpdates "HTTP/1.1 200 OK"
2026-07-25 22:40:46,300 INFO [httpx] HTTP Request: POST https://api.telegram.org/bot8994609682:AAH26IXXBB1NJJRTvg_xWsx1I6rVuOym7pE/getUpdates "HTTP/1.1 409 Conflict"
2026-07-25 22:40:46,300 ERROR [telegram.ext.Application] No error handlers are registered, logging exception.
Traceback (most recent call last):
  File "/opt/goinfre/rrangesi/full-stack/p2p/backend/.venv/lib/python3.12/site-packages/telegram/ext/_utils/networkloop.py", line 161, in network_retry_loop
    await do_action()
  File "/opt/goinfre/rrangesi/full-stack/p2p/backend/.venv/lib/python3.12/site-packages/telegram/ext/_utils/networkloop.py", line 154, in do_action
    action_cb_task.result()
  File "/opt/goinfre/rrangesi/full-stack/p2p/backend/.venv/lib/python3.12/site-packages/telegram/ext/_updater.py", line 340, in polling_action_cb
    updates = await self.bot.get_updates(
              ^^^^^^^^^^^^^^^^^^^^^^^^^^^
  File "/opt/goinfre/rrangesi/full-stack/p2p/backend/.venv/lib/python3.12/site-packages/telegram/ext/_extbot.py", line 680, in get_updates
    updates = await super().get_updates(
              ^^^^^^^^^^^^^^^^^^^^^^^^^^
  File "/opt/goinfre/rrangesi/full-stack/p2p/backend/.venv/lib/python3.12/site-packages/telegram/_bot.py", line 4767, in get_updates
    await self._post(
  File "/opt/goinfre/rrangesi/full-stack/p2p/backend/.venv/lib/python3.12/site-packages/telegram/_bot.py", line 712, in _post
    return await self._do_post(
           ^^^^^^^^^^^^^^^^^^^^
  File "/opt/goinfre/rrangesi/full-stack/p2p/backend/.venv/lib/python3.12/site-packages/telegram/ext/_extbot.py", line 378, in _do_post
    return await super()._do_post(
           ^^^^^^^^^^^^^^^^^^^^^^^
  File "/opt/goinfre/rrangesi/full-stack/p2p/backend/.venv/lib/python3.12/site-packages/telegram/_bot.py", line 741, in _do_post
    result = await request.post(
             ^^^^^^^^^^^^^^^^^^^
  File "/opt/goinfre/rrangesi/full-stack/p2p/backend/.venv/lib/python3.12/site-packages/telegram/request/_baserequest.py", line 198, in post
    result = await self._request_wrapper(
             ^^^^^^^^^^^^^^^^^^^^^^^^^^^^
  File "/opt/goinfre/rrangesi/full-stack/p2p/backend/.venv/lib/python3.12/site-packages/telegram/request/_baserequest.py", line 375, in _request_wrapper
    raise exception
telegram.error.Conflict: Conflict: terminated by other getUpdates request; make sure that only one bot instance is running
2026-07-25 22:40:57,406 INFO [httpx] HTTP Request: POST https://api.telegram.org/bot8994609682:AAH26IXXBB1NJJRTvg_xWsx1I6rVuOym7pE/getUpdates "HTTP/1.1 200 OK"
2026-07-25 22:40:57,670 INFO [httpx] HTTP Request: POST https://api.telegram.org/bot8994609682:AAH26IXXBB1NJJRTvg_xWsx1I6rVuOym7pE/getUpdates "HTTP/1.1 409 Conflict"
2026-07-25 22:40:57,671 ERROR [telegram.ext.Application] No error handlers are registered, logging exception.
Traceback (most recent call last):
  File "/opt/goinfre/rrangesi/full-stack/p2p/backend/.venv/lib/python3.12/site-packages/telegram/ext/_utils/networkloop.py", line 161, in network_retry_loop
    await do_action()
  File "/opt/goinfre/rrangesi/full-stack/p2p/backend/.venv/lib/python3.12/site-packages/telegram/ext/_utils/networkloop.py", line 154, in do_action
    action_cb_task.result()
  File "/opt/goinfre/rrangesi/full-stack/p2p/backend/.venv/lib/python3.12/site-packages/telegram/ext/_updater.py", line 340, in polling_action_cb
    updates = await self.bot.get_updates(
              ^^^^^^^^^^^^^^^^^^^^^^^^^^^
  File "/opt/goinfre/rrangesi/full-stack/p2p/backend/.venv/lib/python3.12/site-packages/telegram/ext/_extbot.py", line 680, in get_updates
    updates = await super().get_updates(
              ^^^^^^^^^^^^^^^^^^^^^^^^^^
  File "/opt/goinfre/rrangesi/full-stack/p2p/backend/.venv/lib/python3.12/site-packages/telegram/_bot.py", line 4767, in get_updates
    await self._post(
  File "/opt/goinfre/rrangesi/full-stack/p2p/backend/.venv/lib/python3.12/site-packages/telegram/_bot.py", line 712, in _post
    return await self._do_post(
           ^^^^^^^^^^^^^^^^^^^^
  File "/opt/goinfre/rrangesi/full-stack/p2p/backend/.venv/lib/python3.12/site-packages/telegram/ext/_extbot.py", line 378, in _do_post
    return await super()._do_post(
           ^^^^^^^^^^^^^^^^^^^^^^^
  File "/opt/goinfre/rrangesi/full-stack/p2p/backend/.venv/lib/python3.12/site-packages/telegram/_bot.py", line 741, in _do_post
    result = await request.post(
             ^^^^^^^^^^^^^^^^^^^
  File "/opt/goinfre/rrangesi/full-stack/p2p/backend/.venv/lib/python3.12/site-packages/telegram/request/_baserequest.py", line 198, in post
    result = await self._request_wrapper(
             ^^^^^^^^^^^^^^^^^^^^^^^^^^^^
  File "/opt/goinfre/rrangesi/full-stack/p2p/backend/.venv/lib/python3.12/site-packages/telegram/request/_baserequest.py", line 375, in _request_wrapper
    raise exception
telegram.error.Conflict: Conflict: terminated by other getUpdates request; make sure that only one bot instance is running
2026-07-25 22:41:08,774 INFO [httpx] HTTP Request: POST https://api.telegram.org/bot8994609682:AAH26IXXBB1NJJRTvg_xWsx1I6rVuOym7pE/getUpdates "HTTP/1.1 200 OK"
2026-07-25 22:41:18,878 INFO [httpx] HTTP Request: POST https://api.telegram.org/bot8994609682:AAH26IXXBB1NJJRTvg_xWsx1I6rVuOym7pE/getUpdates "HTTP/1.1 200 OK"
2026-07-25 22:41:20,738 INFO [httpx] HTTP Request: POST https://api.telegram.org/bot8994609682:AAH26IXXBB1NJJRTvg_xWsx1I6rVuOym7pE/getUpdates "HTTP/1.1 409 Conflict"
2026-07-25 22:41:20,739 ERROR [telegram.ext.Application] No error handlers are registered, logging exception.
Traceback (most recent call last):
  File "/opt/goinfre/rrangesi/full-stack/p2p/backend/.venv/lib/python3.12/site-packages/telegram/ext/_utils/networkloop.py", line 161, in network_retry_loop
    await do_action()
  File "/opt/goinfre/rrangesi/full-stack/p2p/backend/.venv/lib/python3.12/site-packages/telegram/ext/_utils/networkloop.py", line 154, in do_action
    action_cb_task.result()
  File "/opt/goinfre/rrangesi/full-stack/p2p/backend/.venv/lib/python3.12/site-packages/telegram/ext/_updater.py", line 340, in polling_action_cb
    updates = await self.bot.get_updates(
              ^^^^^^^^^^^^^^^^^^^^^^^^^^^
  File "/opt/goinfre/rrangesi/full-stack/p2p/backend/.venv/lib/python3.12/site-packages/telegram/ext/_extbot.py", line 680, in get_updates
    updates = await super().get_updates(
              ^^^^^^^^^^^^^^^^^^^^^^^^^^
  File "/opt/goinfre/rrangesi/full-stack/p2p/backend/.venv/lib/python3.12/site-packages/telegram/_bot.py", line 4767, in get_updates
    await self._post(
  File "/opt/goinfre/rrangesi/full-stack/p2p/backend/.venv/lib/python3.12/site-packages/telegram/_bot.py", line 712, in _post
    return await self._do_post(
           ^^^^^^^^^^^^^^^^^^^^
  File "/opt/goinfre/rrangesi/full-stack/p2p/backend/.venv/lib/python3.12/site-packages/telegram/ext/_extbot.py", line 378, in _do_post
    return await super()._do_post(
           ^^^^^^^^^^^^^^^^^^^^^^^
  File "/opt/goinfre/rrangesi/full-stack/p2p/backend/.venv/lib/python3.12/site-packages/telegram/_bot.py", line 741, in _do_post
    result = await request.post(
             ^^^^^^^^^^^^^^^^^^^
  File "/opt/goinfre/rrangesi/full-stack/p2p/backend/.venv/lib/python3.12/site-packages/telegram/request/_baserequest.py", line 198, in post
    result = await self._request_wrapper(
             ^^^^^^^^^^^^^^^^^^^^^^^^^^^^
  File "/opt/goinfre/rrangesi/full-stack/p2p/backend/.venv/lib/python3.12/site-packages/telegram/request/_baserequest.py", line 375, in _request_wrapper
    raise exception
telegram.error.Conflict: Conflict: terminated by other getUpdates request; make sure that only one bot instance is running
2026-07-25 22:41:31,847 INFO [httpx] HTTP Request: POST https://api.telegram.org/bot8994609682:AAH26IXXBB1NJJRTvg_xWsx1I6rVuOym7pE/getUpdates "HTTP/1.1 200 OK"
2026-07-25 22:41:32,118 INFO [httpx] HTTP Request: POST https://api.telegram.org/bot8994609682:AAH26IXXBB1NJJRTvg_xWsx1I6rVuOym7pE/getUpdates "HTTP/1.1 409 Conflict"
2026-07-25 22:41:32,118 ERROR [telegram.ext.Application] No error handlers are registered, logging exception.
Traceback (most recent call last):
  File "/opt/goinfre/rrangesi/full-stack/p2p/backend/.venv/lib/python3.12/site-packages/telegram/ext/_utils/networkloop.py", line 161, in network_retry_loop
    await do_action()
  File "/opt/goinfre/rrangesi/full-stack/p2p/backend/.venv/lib/python3.12/site-packages/telegram/ext/_utils/networkloop.py", line 154, in do_action
    action_cb_task.result()
  File "/opt/goinfre/rrangesi/full-stack/p2p/backend/.venv/lib/python3.12/site-packages/telegram/ext/_updater.py", line 340, in polling_action_cb
    updates = await self.bot.get_updates(
              ^^^^^^^^^^^^^^^^^^^^^^^^^^^
  File "/opt/goinfre/rrangesi/full-stack/p2p/backend/.venv/lib/python3.12/site-packages/telegram/ext/_extbot.py", line 680, in get_updates
    updates = await super().get_updates(
              ^^^^^^^^^^^^^^^^^^^^^^^^^^
  File "/opt/goinfre/rrangesi/full-stack/p2p/backend/.venv/lib/python3.12/site-packages/telegram/_bot.py", line 4767, in get_updates
    await self._post(
  File "/opt/goinfre/rrangesi/full-stack/p2p/backend/.venv/lib/python3.12/site-packages/telegram/_bot.py", line 712, in _post
    return await self._do_post(
           ^^^^^^^^^^^^^^^^^^^^
  File "/opt/goinfre/rrangesi/full-stack/p2p/backend/.venv/lib/python3.12/site-packages/telegram/ext/_extbot.py", line 378, in _do_post
    return await super()._do_post(
           ^^^^^^^^^^^^^^^^^^^^^^^
  File "/opt/goinfre/rrangesi/full-stack/p2p/backend/.venv/lib/python3.12/site-packages/telegram/_bot.py", line 741, in _do_post
    result = await request.post(
             ^^^^^^^^^^^^^^^^^^^
  File "/opt/goinfre/rrangesi/full-stack/p2p/backend/.venv/lib/python3.12/site-packages/telegram/request/_baserequest.py", line 198, in post
    result = await self._request_wrapper(
             ^^^^^^^^^^^^^^^^^^^^^^^^^^^^
  File "/opt/goinfre/rrangesi/full-stack/p2p/backend/.venv/lib/python3.12/site-packages/telegram/request/_baserequest.py", line 375, in _request_wrapper
    raise exception
telegram.error.Conflict: Conflict: terminated by other getUpdates request; make sure that only one bot instance is running
2026-07-25 22:41:43,223 INFO [httpx] HTTP Request: POST https://api.telegram.org/bot8994609682:AAH26IXXBB1NJJRTvg_xWsx1I6rVuOym7pE/getUpdates "HTTP/1.1 200 OK"
2026-07-25 22:41:53,325 INFO [httpx] HTTP Request: POST https://api.telegram.org/bot8994609682:AAH26IXXBB1NJJRTvg_xWsx1I6rVuOym7pE/getUpdates "HTTP/1.1 200 OK"
2026-07-25 22:41:55,174 INFO [httpx] HTTP Request: POST https://api.telegram.org/bot8994609682:AAH26IXXBB1NJJRTvg_xWsx1I6rVuOym7pE/getUpdates "HTTP/1.1 409 Conflict"
2026-07-25 22:41:55,174 ERROR [telegram.ext.Application] No error handlers are registered, logging exception.
Traceback (most recent call last):
  File "/opt/goinfre/rrangesi/full-stack/p2p/backend/.venv/lib/python3.12/site-packages/telegram/ext/_utils/networkloop.py", line 161, in network_retry_loop
    await do_action()
  File "/opt/goinfre/rrangesi/full-stack/p2p/backend/.venv/lib/python3.12/site-packages/telegram/ext/_utils/networkloop.py", line 154, in do_action
    action_cb_task.result()
  File "/opt/goinfre/rrangesi/full-stack/p2p/backend/.venv/lib/python3.12/site-packages/telegram/ext/_updater.py", line 340, in polling_action_cb
    updates = await self.bot.get_updates(
              ^^^^^^^^^^^^^^^^^^^^^^^^^^^
  File "/opt/goinfre/rrangesi/full-stack/p2p/backend/.venv/lib/python3.12/site-packages/telegram/ext/_extbot.py", line 680, in get_updates
    updates = await super().get_updates(
              ^^^^^^^^^^^^^^^^^^^^^^^^^^
  File "/opt/goinfre/rrangesi/full-stack/p2p/backend/.venv/lib/python3.12/site-packages/telegram/_bot.py", line 4767, in get_updates
    await self._post(
  File "/opt/goinfre/rrangesi/full-stack/p2p/backend/.venv/lib/python3.12/site-packages/telegram/_bot.py", line 712, in _post
    return await self._do_post(
           ^^^^^^^^^^^^^^^^^^^^
  File "/opt/goinfre/rrangesi/full-stack/p2p/backend/.venv/lib/python3.12/site-packages/telegram/ext/_extbot.py", line 378, in _do_post
    return await super()._do_post(
           ^^^^^^^^^^^^^^^^^^^^^^^
  File "/opt/goinfre/rrangesi/full-stack/p2p/backend/.venv/lib/python3.12/site-packages/telegram/_bot.py", line 741, in _do_post
    result = await request.post(
             ^^^^^^^^^^^^^^^^^^^
  File "/opt/goinfre/rrangesi/full-stack/p2p/backend/.venv/lib/python3.12/site-packages/telegram/request/_baserequest.py", line 198, in post
    result = await self._request_wrapper(
             ^^^^^^^^^^^^^^^^^^^^^^^^^^^^
  File "/opt/goinfre/rrangesi/full-stack/p2p/backend/.venv/lib/python3.12/site-packages/telegram/request/_baserequest.py", line 375, in _request_wrapper
    raise exception
telegram.error.Conflict: Conflict: terminated by other getUpdates request; make sure that only one bot instance is running
2026-07-25 22:42:06,278 INFO [httpx] HTTP Request: POST https://api.telegram.org/bot8994609682:AAH26IXXBB1NJJRTvg_xWsx1I6rVuOym7pE/getUpdates "HTTP/1.1 200 OK"
2026-07-25 22:42:06,563 INFO [httpx] HTTP Request: POST https://api.telegram.org/bot8994609682:AAH26IXXBB1NJJRTvg_xWsx1I6rVuOym7pE/getUpdates "HTTP/1.1 409 Conflict"
2026-07-25 22:42:06,563 ERROR [telegram.ext.Application] No error handlers are registered, logging exception.
Traceback (most recent call last):
  File "/opt/goinfre/rrangesi/full-stack/p2p/backend/.venv/lib/python3.12/site-packages/telegram/ext/_utils/networkloop.py", line 161, in network_retry_loop
    await do_action()
  File "/opt/goinfre/rrangesi/full-stack/p2p/backend/.venv/lib/python3.12/site-packages/telegram/ext/_utils/networkloop.py", line 154, in do_action
    action_cb_task.result()
  File "/opt/goinfre/rrangesi/full-stack/p2p/backend/.venv/lib/python3.12/site-packages/telegram/ext/_updater.py", line 340, in polling_action_cb
    updates = await self.bot.get_updates(
              ^^^^^^^^^^^^^^^^^^^^^^^^^^^
  File "/opt/goinfre/rrangesi/full-stack/p2p/backend/.venv/lib/python3.12/site-packages/telegram/ext/_extbot.py", line 680, in get_updates
    updates = await super().get_updates(
              ^^^^^^^^^^^^^^^^^^^^^^^^^^
  File "/opt/goinfre/rrangesi/full-stack/p2p/backend/.venv/lib/python3.12/site-packages/telegram/_bot.py", line 4767, in get_updates
    await self._post(
  File "/opt/goinfre/rrangesi/full-stack/p2p/backend/.venv/lib/python3.12/site-packages/telegram/_bot.py", line 712, in _post
    return await self._do_post(
           ^^^^^^^^^^^^^^^^^^^^
  File "/opt/goinfre/rrangesi/full-stack/p2p/backend/.venv/lib/python3.12/site-packages/telegram/ext/_extbot.py", line 378, in _do_post
    return await super()._do_post(
           ^^^^^^^^^^^^^^^^^^^^^^^
  File "/opt/goinfre/rrangesi/full-stack/p2p/backend/.venv/lib/python3.12/site-packages/telegram/_bot.py", line 741, in _do_post
    result = await request.post(
             ^^^^^^^^^^^^^^^^^^^
  File "/opt/goinfre/rrangesi/full-stack/p2p/backend/.venv/lib/python3.12/site-packages/telegram/request/_baserequest.py", line 198, in post
    result = await self._request_wrapper(
             ^^^^^^^^^^^^^^^^^^^^^^^^^^^^
  File "/opt/goinfre/rrangesi/full-stack/p2p/backend/.venv/lib/python3.12/site-packages/telegram/request/_baserequest.py", line 375, in _request_wrapper
    raise exception
telegram.error.Conflict: Conflict: terminated by other getUpdates request; make sure that only one bot instance is running
2026-07-25 22:42:17,666 INFO [httpx] HTTP Request: POST https://api.telegram.org/bot8994609682:AAH26IXXBB1NJJRTvg_xWsx1I6rVuOym7pE/getUpdates "HTTP/1.1 200 OK"
2026-07-25 22:42:27,768 INFO [httpx] HTTP Request: POST https://api.telegram.org/bot8994609682:AAH26IXXBB1NJJRTvg_xWsx1I6rVuOym7pE/getUpdates "HTTP/1.1 200 OK"
2026-07-25 22:42:29,625 INFO [httpx] HTTP Request: POST https://api.telegram.org/bot8994609682:AAH26IXXBB1NJJRTvg_xWsx1I6rVuOym7pE/getUpdates "HTTP/1.1 409 Conflict"
2026-07-25 22:42:29,626 ERROR [telegram.ext.Application] No error handlers are registered, logging exception.
Traceback (most recent call last):
  File "/opt/goinfre/rrangesi/full-stack/p2p/backend/.venv/lib/python3.12/site-packages/telegram/ext/_utils/networkloop.py", line 161, in network_retry_loop
    await do_action()
  File "/opt/goinfre/rrangesi/full-stack/p2p/backend/.venv/lib/python3.12/site-packages/telegram/ext/_utils/networkloop.py", line 154, in do_action
    action_cb_task.result()
  File "/opt/goinfre/rrangesi/full-stack/p2p/backend/.venv/lib/python3.12/site-packages/telegram/ext/_updater.py", line 340, in polling_action_cb
    updates = await self.bot.get_updates(
              ^^^^^^^^^^^^^^^^^^^^^^^^^^^
  File "/opt/goinfre/rrangesi/full-stack/p2p/backend/.venv/lib/python3.12/site-packages/telegram/ext/_extbot.py", line 680, in get_updates
    updates = await super().get_updates(
              ^^^^^^^^^^^^^^^^^^^^^^^^^^
  File "/opt/goinfre/rrangesi/full-stack/p2p/backend/.venv/lib/python3.12/site-packages/telegram/_bot.py", line 4767, in get_updates
    await self._post(
  File "/opt/goinfre/rrangesi/full-stack/p2p/backend/.venv/lib/python3.12/site-packages/telegram/_bot.py", line 712, in _post
    return await self._do_post(
           ^^^^^^^^^^^^^^^^^^^^
  File "/opt/goinfre/rrangesi/full-stack/p2p/backend/.venv/lib/python3.12/site-packages/telegram/ext/_extbot.py", line 378, in _do_post
    return await super()._do_post(
           ^^^^^^^^^^^^^^^^^^^^^^^
  File "/opt/goinfre/rrangesi/full-stack/p2p/backend/.venv/lib/python3.12/site-packages/telegram/_bot.py", line 741, in _do_post
    result = await request.post(
             ^^^^^^^^^^^^^^^^^^^
  File "/opt/goinfre/rrangesi/full-stack/p2p/backend/.venv/lib/python3.12/site-packages/telegram/request/_baserequest.py", line 198, in post
    result = await self._request_wrapper(
             ^^^^^^^^^^^^^^^^^^^^^^^^^^^^
  File "/opt/goinfre/rrangesi/full-stack/p2p/backend/.venv/lib/python3.12/site-packages/telegram/request/_baserequest.py", line 375, in _request_wrapper
    raise exception
telegram.error.Conflict: Conflict: terminated by other getUpdates request; make sure that only one bot instance is running
2026-07-25 22:42:40,729 INFO [httpx] HTTP Request: POST https://api.telegram.org/bot8994609682:AAH26IXXBB1NJJRTvg_xWsx1I6rVuOym7pE/getUpdates "HTTP/1.1 200 OK"
2026-07-25 22:42:40,994 INFO [httpx] HTTP Request: POST https://api.telegram.org/bot8994609682:AAH26IXXBB1NJJRTvg_xWsx1I6rVuOym7pE/getUpdates "HTTP/1.1 409 Conflict"
2026-07-25 22:42:40,996 ERROR [telegram.ext.Application] No error handlers are registered, logging exception.
Traceback (most recent call last):
  File "/opt/goinfre/rrangesi/full-stack/p2p/backend/.venv/lib/python3.12/site-packages/telegram/ext/_utils/networkloop.py", line 161, in network_retry_loop
    await do_action()
  File "/opt/goinfre/rrangesi/full-stack/p2p/backend/.venv/lib/python3.12/site-packages/telegram/ext/_utils/networkloop.py", line 154, in do_action
    action_cb_task.result()
  File "/opt/goinfre/rrangesi/full-stack/p2p/backend/.venv/lib/python3.12/site-packages/telegram/ext/_updater.py", line 340, in polling_action_cb
    updates = await self.bot.get_updates(
              ^^^^^^^^^^^^^^^^^^^^^^^^^^^
  File "/opt/goinfre/rrangesi/full-stack/p2p/backend/.venv/lib/python3.12/site-packages/telegram/ext/_extbot.py", line 680, in get_updates
    updates = await super().get_updates(
              ^^^^^^^^^^^^^^^^^^^^^^^^^^
  File "/opt/goinfre/rrangesi/full-stack/p2p/backend/.venv/lib/python3.12/site-packages/telegram/_bot.py", line 4767, in get_updates
    await self._post(
  File "/opt/goinfre/rrangesi/full-stack/p2p/backend/.venv/lib/python3.12/site-packages/telegram/_bot.py", line 712, in _post
    return await self._do_post(
           ^^^^^^^^^^^^^^^^^^^^
  File "/opt/goinfre/rrangesi/full-stack/p2p/backend/.venv/lib/python3.12/site-packages/telegram/ext/_extbot.py", line 378, in _do_post
    return await super()._do_post(
           ^^^^^^^^^^^^^^^^^^^^^^^
  File "/opt/goinfre/rrangesi/full-stack/p2p/backend/.venv/lib/python3.12/site-packages/telegram/_bot.py", line 741, in _do_post
    result = await request.post(
             ^^^^^^^^^^^^^^^^^^^
  File "/opt/goinfre/rrangesi/full-stack/p2p/backend/.venv/lib/python3.12/site-packages/telegram/request/_baserequest.py", line 198, in post
    result = await self._request_wrapper(
             ^^^^^^^^^^^^^^^^^^^^^^^^^^^^
  File "/opt/goinfre/rrangesi/full-stack/p2p/backend/.venv/lib/python3.12/site-packages/telegram/request/_baserequest.py", line 375, in _request_wrapper
    raise exception
telegram.error.Conflict: Conflict: terminated by other getUpdates request; make sure that only one bot instance is running
2026-07-25 22:42:52,102 INFO [httpx] HTTP Request: POST https://api.telegram.org/bot8994609682:AAH26IXXBB1NJJRTvg_xWsx1I6rVuOym7pE/getUpdates "HTTP/1.1 200 OK"
2026-07-25 22:43:02,207 INFO [httpx] HTTP Request: POST https://api.telegram.org/bot8994609682:AAH26IXXBB1NJJRTvg_xWsx1I6rVuOym7pE/getUpdates "HTTP/1.1 200 OK"
2026-07-25 22:43:04,064 INFO [httpx] HTTP Request: POST https://api.telegram.org/bot8994609682:AAH26IXXBB1NJJRTvg_xWsx1I6rVuOym7pE/getUpdates "HTTP/1.1 409 Conflict"
2026-07-25 22:43:04,065 ERROR [telegram.ext.Application] No error handlers are registered, logging exception.
Traceback (most recent call last):
  File "/opt/goinfre/rrangesi/full-stack/p2p/backend/.venv/lib/python3.12/site-packages/telegram/ext/_utils/networkloop.py", line 161, in network_retry_loop
    await do_action()
  File "/opt/goinfre/rrangesi/full-stack/p2p/backend/.venv/lib/python3.12/site-packages/telegram/ext/_utils/networkloop.py", line 154, in do_action
    action_cb_task.result()
  File "/opt/goinfre/rrangesi/full-stack/p2p/backend/.venv/lib/python3.12/site-packages/telegram/ext/_updater.py", line 340, in polling_action_cb
    updates = await self.bot.get_updates(
              ^^^^^^^^^^^^^^^^^^^^^^^^^^^
  File "/opt/goinfre/rrangesi/full-stack/p2p/backend/.venv/lib/python3.12/site-packages/telegram/ext/_extbot.py", line 680, in get_updates
    updates = await super().get_updates(
              ^^^^^^^^^^^^^^^^^^^^^^^^^^
  File "/opt/goinfre/rrangesi/full-stack/p2p/backend/.venv/lib/python3.12/site-packages/telegram/_bot.py", line 4767, in get_updates
    await self._post(
  File "/opt/goinfre/rrangesi/full-stack/p2p/backend/.venv/lib/python3.12/site-packages/telegram/_bot.py", line 712, in _post
    return await self._do_post(
           ^^^^^^^^^^^^^^^^^^^^
  File "/opt/goinfre/rrangesi/full-stack/p2p/backend/.venv/lib/python3.12/site-packages/telegram/ext/_extbot.py", line 378, in _do_post
    return await super()._do_post(
           ^^^^^^^^^^^^^^^^^^^^^^^
  File "/opt/goinfre/rrangesi/full-stack/p2p/backend/.venv/lib/python3.12/site-packages/telegram/_bot.py", line 741, in _do_post
    result = await request.post(
             ^^^^^^^^^^^^^^^^^^^
  File "/opt/goinfre/rrangesi/full-stack/p2p/backend/.venv/lib/python3.12/site-packages/telegram/request/_baserequest.py", line 198, in post
    result = await self._request_wrapper(
             ^^^^^^^^^^^^^^^^^^^^^^^^^^^^
  File "/opt/goinfre/rrangesi/full-stack/p2p/backend/.venv/lib/python3.12/site-packages/telegram/request/_baserequest.py", line 375, in _request_wrapper
    raise exception
telegram.error.Conflict: Conflict: terminated by other getUpdates request; make sure that only one bot instance is running
2026-07-25 22:43:15,169 INFO [httpx] HTTP Request: POST https://api.telegram.org/bot8994609682:AAH26IXXBB1NJJRTvg_xWsx1I6rVuOym7pE/getUpdates "HTTP/1.1 200 OK"
2026-07-25 22:43:15,454 INFO [httpx] HTTP Request: POST https://api.telegram.org/bot8994609682:AAH26IXXBB1NJJRTvg_xWsx1I6rVuOym7pE/getUpdates "HTTP/1.1 409 Conflict"
2026-07-25 22:43:15,455 ERROR [telegram.ext.Application] No error handlers are registered, logging exception.
Traceback (most recent call last):
  File "/opt/goinfre/rrangesi/full-stack/p2p/backend/.venv/lib/python3.12/site-packages/telegram/ext/_utils/networkloop.py", line 161, in network_retry_loop
    await do_action()
  File "/opt/goinfre/rrangesi/full-stack/p2p/backend/.venv/lib/python3.12/site-packages/telegram/ext/_utils/networkloop.py", line 154, in do_action
    action_cb_task.result()
  File "/opt/goinfre/rrangesi/full-stack/p2p/backend/.venv/lib/python3.12/site-packages/telegram/ext/_updater.py", line 340, in polling_action_cb
    updates = await self.bot.get_updates(
              ^^^^^^^^^^^^^^^^^^^^^^^^^^^
  File "/opt/goinfre/rrangesi/full-stack/p2p/backend/.venv/lib/python3.12/site-packages/telegram/ext/_extbot.py", line 680, in get_updates
    updates = await super().get_updates(
              ^^^^^^^^^^^^^^^^^^^^^^^^^^
  File "/opt/goinfre/rrangesi/full-stack/p2p/backend/.venv/lib/python3.12/site-packages/telegram/_bot.py", line 4767, in get_updates
    await self._post(
  File "/opt/goinfre/rrangesi/full-stack/p2p/backend/.venv/lib/python3.12/site-packages/telegram/_bot.py", line 712, in _post
    return await self._do_post(
           ^^^^^^^^^^^^^^^^^^^^
  File "/opt/goinfre/rrangesi/full-stack/p2p/backend/.venv/lib/python3.12/site-packages/telegram/ext/_extbot.py", line 378, in _do_post
    return await super()._do_post(
           ^^^^^^^^^^^^^^^^^^^^^^^
  File "/opt/goinfre/rrangesi/full-stack/p2p/backend/.venv/lib/python3.12/site-packages/telegram/_bot.py", line 741, in _do_post
    result = await request.post(
             ^^^^^^^^^^^^^^^^^^^
  File "/opt/goinfre/rrangesi/full-stack/p2p/backend/.venv/lib/python3.12/site-packages/telegram/request/_baserequest.py", line 198, in post
    result = await self._request_wrapper(
             ^^^^^^^^^^^^^^^^^^^^^^^^^^^^
  File "/opt/goinfre/rrangesi/full-stack/p2p/backend/.venv/lib/python3.12/site-packages/telegram/request/_baserequest.py", line 375, in _request_wrapper
    raise exception
telegram.error.Conflict: Conflict: terminated by other getUpdates request; make sure that only one bot instance is running
2026-07-25 22:43:26,560 INFO [httpx] HTTP Request: POST https://api.telegram.org/bot8994609682:AAH26IXXBB1NJJRTvg_xWsx1I6rVuOym7pE/getUpdates "HTTP/1.1 200 OK"
2026-07-25 22:43:36,663 INFO [httpx] HTTP Request: POST https://api.telegram.org/bot8994609682:AAH26IXXBB1NJJRTvg_xWsx1I6rVuOym7pE/getUpdates "HTTP/1.1 200 OK"
2026-07-25 22:43:38,518 INFO [httpx] HTTP Request: POST https://api.telegram.org/bot8994609682:AAH26IXXBB1NJJRTvg_xWsx1I6rVuOym7pE/getUpdates "HTTP/1.1 409 Conflict"
2026-07-25 22:43:38,520 ERROR [telegram.ext.Application] No error handlers are registered, logging exception.
Traceback (most recent call last):
  File "/opt/goinfre/rrangesi/full-stack/p2p/backend/.venv/lib/python3.12/site-packages/telegram/ext/_utils/networkloop.py", line 161, in network_retry_loop
    await do_action()
  File "/opt/goinfre/rrangesi/full-stack/p2p/backend/.venv/lib/python3.12/site-packages/telegram/ext/_utils/networkloop.py", line 154, in do_action
    action_cb_task.result()
  File "/opt/goinfre/rrangesi/full-stack/p2p/backend/.venv/lib/python3.12/site-packages/telegram/ext/_updater.py", line 340, in polling_action_cb
    updates = await self.bot.get_updates(
              ^^^^^^^^^^^^^^^^^^^^^^^^^^^
  File "/opt/goinfre/rrangesi/full-stack/p2p/backend/.venv/lib/python3.12/site-packages/telegram/ext/_extbot.py", line 680, in get_updates
    updates = await super().get_updates(
              ^^^^^^^^^^^^^^^^^^^^^^^^^^
  File "/opt/goinfre/rrangesi/full-stack/p2p/backend/.venv/lib/python3.12/site-packages/telegram/_bot.py", line 4767, in get_updates
    await self._post(
  File "/opt/goinfre/rrangesi/full-stack/p2p/backend/.venv/lib/python3.12/site-packages/telegram/_bot.py", line 712, in _post
    return await self._do_post(
           ^^^^^^^^^^^^^^^^^^^^
  File "/opt/goinfre/rrangesi/full-stack/p2p/backend/.venv/lib/python3.12/site-packages/telegram/ext/_extbot.py", line 378, in _do_post
    return await super()._do_post(
           ^^^^^^^^^^^^^^^^^^^^^^^
  File "/opt/goinfre/rrangesi/full-stack/p2p/backend/.venv/lib/python3.12/site-packages/telegram/_bot.py", line 741, in _do_post
    result = await request.post(
             ^^^^^^^^^^^^^^^^^^^
  File "/opt/goinfre/rrangesi/full-stack/p2p/backend/.venv/lib/python3.12/site-packages/telegram/request/_baserequest.py", line 198, in post
    result = await self._request_wrapper(
             ^^^^^^^^^^^^^^^^^^^^^^^^^^^^
  File "/opt/goinfre/rrangesi/full-stack/p2p/backend/.venv/lib/python3.12/site-packages/telegram/request/_baserequest.py", line 375, in _request_wrapper
    raise exception
telegram.error.Conflict: Conflict: terminated by other getUpdates request; make sure that only one bot instance is running
2026-07-25 22:43:49,622 INFO [httpx] HTTP Request: POST https://api.telegram.org/bot8994609682:AAH26IXXBB1NJJRTvg_xWsx1I6rVuOym7pE/getUpdates "HTTP/1.1 200 OK"
2026-07-25 22:43:49,915 INFO [httpx] HTTP Request: POST https://api.telegram.org/bot8994609682:AAH26IXXBB1NJJRTvg_xWsx1I6rVuOym7pE/getUpdates "HTTP/1.1 409 Conflict"
2026-07-25 22:43:49,915 ERROR [telegram.ext.Application] No error handlers are registered, logging exception.
Traceback (most recent call last):
  File "/opt/goinfre/rrangesi/full-stack/p2p/backend/.venv/lib/python3.12/site-packages/telegram/ext/_utils/networkloop.py", line 161, in network_retry_loop
    await do_action()
  File "/opt/goinfre/rrangesi/full-stack/p2p/backend/.venv/lib/python3.12/site-packages/telegram/ext/_utils/networkloop.py", line 154, in do_action
    action_cb_task.result()
  File "/opt/goinfre/rrangesi/full-stack/p2p/backend/.venv/lib/python3.12/site-packages/telegram/ext/_updater.py", line 340, in polling_action_cb
    updates = await self.bot.get_updates(
              ^^^^^^^^^^^^^^^^^^^^^^^^^^^
  File "/opt/goinfre/rrangesi/full-stack/p2p/backend/.venv/lib/python3.12/site-packages/telegram/ext/_extbot.py", line 680, in get_updates
    updates = await super().get_updates(
              ^^^^^^^^^^^^^^^^^^^^^^^^^^
  File "/opt/goinfre/rrangesi/full-stack/p2p/backend/.venv/lib/python3.12/site-packages/telegram/_bot.py", line 4767, in get_updates
    await self._post(
  File "/opt/goinfre/rrangesi/full-stack/p2p/backend/.venv/lib/python3.12/site-packages/telegram/_bot.py", line 712, in _post
    return await self._do_post(
           ^^^^^^^^^^^^^^^^^^^^
  File "/opt/goinfre/rrangesi/full-stack/p2p/backend/.venv/lib/python3.12/site-packages/telegram/ext/_extbot.py", line 378, in _do_post
    return await super()._do_post(
           ^^^^^^^^^^^^^^^^^^^^^^^
  File "/opt/goinfre/rrangesi/full-stack/p2p/backend/.venv/lib/python3.12/site-packages/telegram/_bot.py", line 741, in _do_post
    result = await request.post(
             ^^^^^^^^^^^^^^^^^^^
  File "/opt/goinfre/rrangesi/full-stack/p2p/backend/.venv/lib/python3.12/site-packages/telegram/request/_baserequest.py", line 198, in post
    result = await self._request_wrapper(
             ^^^^^^^^^^^^^^^^^^^^^^^^^^^^
  File "/opt/goinfre/rrangesi/full-stack/p2p/backend/.venv/lib/python3.12/site-packages/telegram/request/_baserequest.py", line 375, in _request_wrapper
    raise exception
telegram.error.Conflict: Conflict: terminated by other getUpdates request; make sure that only one bot instance is running
2026-07-25 22:44:01,019 INFO [httpx] HTTP Request: POST https://api.telegram.org/bot8994609682:AAH26IXXBB1NJJRTvg_xWsx1I6rVuOym7pE/getUpdates "HTTP/1.1 200 OK"
2026-07-25 22:44:11,122 INFO [httpx] HTTP Request: POST https://api.telegram.org/bot8994609682:AAH26IXXBB1NJJRTvg_xWsx1I6rVuOym7pE/getUpdates "HTTP/1.1 200 OK"
2026-07-25 22:44:12,986 INFO [httpx] HTTP Request: POST https://api.telegram.org/bot8994609682:AAH26IXXBB1NJJRTvg_xWsx1I6rVuOym7pE/getUpdates "HTTP/1.1 409 Conflict"
2026-07-25 22:44:12,986 ERROR [telegram.ext.Application] No error handlers are registered, logging exception.
Traceback (most recent call last):
  File "/opt/goinfre/rrangesi/full-stack/p2p/backend/.venv/lib/python3.12/site-packages/telegram/ext/_utils/networkloop.py", line 161, in network_retry_loop
    await do_action()
  File "/opt/goinfre/rrangesi/full-stack/p2p/backend/.venv/lib/python3.12/site-packages/telegram/ext/_utils/networkloop.py", line 154, in do_action
    action_cb_task.result()
  File "/opt/goinfre/rrangesi/full-stack/p2p/backend/.venv/lib/python3.12/site-packages/telegram/ext/_updater.py", line 340, in polling_action_cb
    updates = await self.bot.get_updates(
              ^^^^^^^^^^^^^^^^^^^^^^^^^^^
  File "/opt/goinfre/rrangesi/full-stack/p2p/backend/.venv/lib/python3.12/site-packages/telegram/ext/_extbot.py", line 680, in get_updates
    updates = await super().get_updates(
              ^^^^^^^^^^^^^^^^^^^^^^^^^^
  File "/opt/goinfre/rrangesi/full-stack/p2p/backend/.venv/lib/python3.12/site-packages/telegram/_bot.py", line 4767, in get_updates
    await self._post(
  File "/opt/goinfre/rrangesi/full-stack/p2p/backend/.venv/lib/python3.12/site-packages/telegram/_bot.py", line 712, in _post
    return await self._do_post(
           ^^^^^^^^^^^^^^^^^^^^
  File "/opt/goinfre/rrangesi/full-stack/p2p/backend/.venv/lib/python3.12/site-packages/telegram/ext/_extbot.py", line 378, in _do_post
    return await super()._do_post(
           ^^^^^^^^^^^^^^^^^^^^^^^
  File "/opt/goinfre/rrangesi/full-stack/p2p/backend/.venv/lib/python3.12/site-packages/telegram/_bot.py", line 741, in _do_post
    result = await request.post(
             ^^^^^^^^^^^^^^^^^^^
  File "/opt/goinfre/rrangesi/full-stack/p2p/backend/.venv/lib/python3.12/site-packages/telegram/request/_baserequest.py", line 198, in post
    result = await self._request_wrapper(
             ^^^^^^^^^^^^^^^^^^^^^^^^^^^^
  File "/opt/goinfre/rrangesi/full-stack/p2p/backend/.venv/lib/python3.12/site-packages/telegram/request/_baserequest.py", line 375, in _request_wrapper
    raise exception
telegram.error.Conflict: Conflict: terminated by other getUpdates request; make sure that only one bot instance is running
2026-07-25 22:44:24,090 INFO [httpx] HTTP Request: POST https://api.telegram.org/bot8994609682:AAH26IXXBB1NJJRTvg_xWsx1I6rVuOym7pE/getUpdates "HTTP/1.1 200 OK"
2026-07-25 22:44:24,374 INFO [httpx] HTTP Request: POST https://api.telegram.org/bot8994609682:AAH26IXXBB1NJJRTvg_xWsx1I6rVuOym7pE/getUpdates "HTTP/1.1 409 Conflict"
2026-07-25 22:44:24,375 ERROR [telegram.ext.Application] No error handlers are registered, logging exception.
Traceback (most recent call last):
  File "/opt/goinfre/rrangesi/full-stack/p2p/backend/.venv/lib/python3.12/site-packages/telegram/ext/_utils/networkloop.py", line 161, in network_retry_loop
    await do_action()
  File "/opt/goinfre/rrangesi/full-stack/p2p/backend/.venv/lib/python3.12/site-packages/telegram/ext/_utils/networkloop.py", line 154, in do_action
    action_cb_task.result()
  File "/opt/goinfre/rrangesi/full-stack/p2p/backend/.venv/lib/python3.12/site-packages/telegram/ext/_updater.py", line 340, in polling_action_cb
    updates = await self.bot.get_updates(
              ^^^^^^^^^^^^^^^^^^^^^^^^^^^
  File "/opt/goinfre/rrangesi/full-stack/p2p/backend/.venv/lib/python3.12/site-packages/telegram/ext/_extbot.py", line 680, in get_updates
    updates = await super().get_updates(
              ^^^^^^^^^^^^^^^^^^^^^^^^^^
  File "/opt/goinfre/rrangesi/full-stack/p2p/backend/.venv/lib/python3.12/site-packages/telegram/_bot.py", line 4767, in get_updates
    await self._post(
  File "/opt/goinfre/rrangesi/full-stack/p2p/backend/.venv/lib/python3.12/site-packages/telegram/_bot.py", line 712, in _post
    return await self._do_post(
           ^^^^^^^^^^^^^^^^^^^^
  File "/opt/goinfre/rrangesi/full-stack/p2p/backend/.venv/lib/python3.12/site-packages/telegram/ext/_extbot.py", line 378, in _do_post
    return await super()._do_post(
           ^^^^^^^^^^^^^^^^^^^^^^^
  File "/opt/goinfre/rrangesi/full-stack/p2p/backend/.venv/lib/python3.12/site-packages/telegram/_bot.py", line 741, in _do_post
    result = await request.post(
             ^^^^^^^^^^^^^^^^^^^
  File "/opt/goinfre/rrangesi/full-stack/p2p/backend/.venv/lib/python3.12/site-packages/telegram/request/_baserequest.py", line 198, in post
    result = await self._request_wrapper(
             ^^^^^^^^^^^^^^^^^^^^^^^^^^^^
  File "/opt/goinfre/rrangesi/full-stack/p2p/backend/.venv/lib/python3.12/site-packages/telegram/request/_baserequest.py", line 375, in _request_wrapper
    raise exception
telegram.error.Conflict: Conflict: terminated by other getUpdates request; make sure that only one bot instance is running
2026-07-25 22:44:35,478 INFO [httpx] HTTP Request: POST https://api.telegram.org/bot8994609682:AAH26IXXBB1NJJRTvg_xWsx1I6rVuOym7pE/getUpdates "HTTP/1.1 200 OK"
2026-07-25 22:44:45,581 INFO [httpx] HTTP Request: POST https://api.telegram.org/bot8994609682:AAH26IXXBB1NJJRTvg_xWsx1I6rVuOym7pE/getUpdates "HTTP/1.1 200 OK"
2026-07-25 22:44:47,431 INFO [httpx] HTTP Request: POST https://api.telegram.org/bot8994609682:AAH26IXXBB1NJJRTvg_xWsx1I6rVuOym7pE/getUpdates "HTTP/1.1 409 Conflict"
2026-07-25 22:44:47,431 ERROR [telegram.ext.Application] No error handlers are registered, logging exception.
Traceback (most recent call last):
  File "/opt/goinfre/rrangesi/full-stack/p2p/backend/.venv/lib/python3.12/site-packages/telegram/ext/_utils/networkloop.py", line 161, in network_retry_loop
    await do_action()
  File "/opt/goinfre/rrangesi/full-stack/p2p/backend/.venv/lib/python3.12/site-packages/telegram/ext/_utils/networkloop.py", line 154, in do_action
    action_cb_task.result()
  File "/opt/goinfre/rrangesi/full-stack/p2p/backend/.venv/lib/python3.12/site-packages/telegram/ext/_updater.py", line 340, in polling_action_cb
    updates = await self.bot.get_updates(
              ^^^^^^^^^^^^^^^^^^^^^^^^^^^
  File "/opt/goinfre/rrangesi/full-stack/p2p/backend/.venv/lib/python3.12/site-packages/telegram/ext/_extbot.py", line 680, in get_updates
    updates = await super().get_updates(
              ^^^^^^^^^^^^^^^^^^^^^^^^^^
  File "/opt/goinfre/rrangesi/full-stack/p2p/backend/.venv/lib/python3.12/site-packages/telegram/_bot.py", line 4767, in get_updates
    await self._post(
  File "/opt/goinfre/rrangesi/full-stack/p2p/backend/.venv/lib/python3.12/site-packages/telegram/_bot.py", line 712, in _post
    return await self._do_post(
           ^^^^^^^^^^^^^^^^^^^^
  File "/opt/goinfre/rrangesi/full-stack/p2p/backend/.venv/lib/python3.12/site-packages/telegram/ext/_extbot.py", line 378, in _do_post
    return await super()._do_post(
           ^^^^^^^^^^^^^^^^^^^^^^^
  File "/opt/goinfre/rrangesi/full-stack/p2p/backend/.venv/lib/python3.12/site-packages/telegram/_bot.py", line 741, in _do_post
    result = await request.post(
             ^^^^^^^^^^^^^^^^^^^
  File "/opt/goinfre/rrangesi/full-stack/p2p/backend/.venv/lib/python3.12/site-packages/telegram/request/_baserequest.py", line 198, in post
    result = await self._request_wrapper(
             ^^^^^^^^^^^^^^^^^^^^^^^^^^^^
  File "/opt/goinfre/rrangesi/full-stack/p2p/backend/.venv/lib/python3.12/site-packages/telegram/request/_baserequest.py", line 375, in _request_wrapper
    raise exception
telegram.error.Conflict: Conflict: terminated by other getUpdates request; make sure that only one bot instance is running
2026-07-25 22:44:58,534 INFO [httpx] HTTP Request: POST https://api.telegram.org/bot8994609682:AAH26IXXBB1NJJRTvg_xWsx1I6rVuOym7pE/getUpdates "HTTP/1.1 200 OK"
2026-07-25 22:44:58,812 INFO [httpx] HTTP Request: POST https://api.telegram.org/bot8994609682:AAH26IXXBB1NJJRTvg_xWsx1I6rVuOym7pE/getUpdates "HTTP/1.1 409 Conflict"
2026-07-25 22:44:58,813 ERROR [telegram.ext.Application] No error handlers are registered, logging exception.
Traceback (most recent call last):
  File "/opt/goinfre/rrangesi/full-stack/p2p/backend/.venv/lib/python3.12/site-packages/telegram/ext/_utils/networkloop.py", line 161, in network_retry_loop
    await do_action()
  File "/opt/goinfre/rrangesi/full-stack/p2p/backend/.venv/lib/python3.12/site-packages/telegram/ext/_utils/networkloop.py", line 154, in do_action
    action_cb_task.result()
  File "/opt/goinfre/rrangesi/full-stack/p2p/backend/.venv/lib/python3.12/site-packages/telegram/ext/_updater.py", line 340, in polling_action_cb
    updates = await self.bot.get_updates(
              ^^^^^^^^^^^^^^^^^^^^^^^^^^^
  File "/opt/goinfre/rrangesi/full-stack/p2p/backend/.venv/lib/python3.12/site-packages/telegram/ext/_extbot.py", line 680, in get_updates
    updates = await super().get_updates(
              ^^^^^^^^^^^^^^^^^^^^^^^^^^
  File "/opt/goinfre/rrangesi/full-stack/p2p/backend/.venv/lib/python3.12/site-packages/telegram/_bot.py", line 4767, in get_updates
    await self._post(
  File "/opt/goinfre/rrangesi/full-stack/p2p/backend/.venv/lib/python3.12/site-packages/telegram/_bot.py", line 712, in _post
    return await self._do_post(
           ^^^^^^^^^^^^^^^^^^^^
  File "/opt/goinfre/rrangesi/full-stack/p2p/backend/.venv/lib/python3.12/site-packages/telegram/ext/_extbot.py", line 378, in _do_post
    return await super()._do_post(
           ^^^^^^^^^^^^^^^^^^^^^^^
  File "/opt/goinfre/rrangesi/full-stack/p2p/backend/.venv/lib/python3.12/site-packages/telegram/_bot.py", line 741, in _do_post
    result = await request.post(
             ^^^^^^^^^^^^^^^^^^^
  File "/opt/goinfre/rrangesi/full-stack/p2p/backend/.venv/lib/python3.12/site-packages/telegram/request/_baserequest.py", line 198, in post
    result = await self._request_wrapper(
             ^^^^^^^^^^^^^^^^^^^^^^^^^^^^
  File "/opt/goinfre/rrangesi/full-stack/p2p/backend/.venv/lib/python3.12/site-packages/telegram/request/_baserequest.py", line 375, in _request_wrapper
    raise exception
telegram.error.Conflict: Conflict: terminated by other getUpdates request; make sure that only one bot instance is running
2026-07-25 22:45:09,916 INFO [httpx] HTTP Request: POST https://api.telegram.org/bot8994609682:AAH26IXXBB1NJJRTvg_xWsx1I6rVuOym7pE/getUpdates "HTTP/1.1 200 OK"
2026-07-25 22:45:20,019 INFO [httpx] HTTP Request: POST https://api.telegram.org/bot8994609682:AAH26IXXBB1NJJRTvg_xWsx1I6rVuOym7pE/getUpdates "HTTP/1.1 200 OK"
2026-07-25 22:45:21,871 INFO [httpx] HTTP Request: POST https://api.telegram.org/bot8994609682:AAH26IXXBB1NJJRTvg_xWsx1I6rVuOym7pE/getUpdates "HTTP/1.1 409 Conflict"
2026-07-25 22:45:21,872 ERROR [telegram.ext.Application] No error handlers are registered, logging exception.
Traceback (most recent call last):
  File "/opt/goinfre/rrangesi/full-stack/p2p/backend/.venv/lib/python3.12/site-packages/telegram/ext/_utils/networkloop.py", line 161, in network_retry_loop
    await do_action()
  File "/opt/goinfre/rrangesi/full-stack/p2p/backend/.venv/lib/python3.12/site-packages/telegram/ext/_utils/networkloop.py", line 154, in do_action
    action_cb_task.result()
  File "/opt/goinfre/rrangesi/full-stack/p2p/backend/.venv/lib/python3.12/site-packages/telegram/ext/_updater.py", line 340, in polling_action_cb
    updates = await self.bot.get_updates(
              ^^^^^^^^^^^^^^^^^^^^^^^^^^^
  File "/opt/goinfre/rrangesi/full-stack/p2p/backend/.venv/lib/python3.12/site-packages/telegram/ext/_extbot.py", line 680, in get_updates
    updates = await super().get_updates(
              ^^^^^^^^^^^^^^^^^^^^^^^^^^
  File "/opt/goinfre/rrangesi/full-stack/p2p/backend/.venv/lib/python3.12/site-packages/telegram/_bot.py", line 4767, in get_updates
    await self._post(
  File "/opt/goinfre/rrangesi/full-stack/p2p/backend/.venv/lib/python3.12/site-packages/telegram/_bot.py", line 712, in _post
    return await self._do_post(
           ^^^^^^^^^^^^^^^^^^^^
  File "/opt/goinfre/rrangesi/full-stack/p2p/backend/.venv/lib/python3.12/site-packages/telegram/ext/_extbot.py", line 378, in _do_post
    return await super()._do_post(
           ^^^^^^^^^^^^^^^^^^^^^^^
  File "/opt/goinfre/rrangesi/full-stack/p2p/backend/.venv/lib/python3.12/site-packages/telegram/_bot.py", line 741, in _do_post
    result = await request.post(
             ^^^^^^^^^^^^^^^^^^^
  File "/opt/goinfre/rrangesi/full-stack/p2p/backend/.venv/lib/python3.12/site-packages/telegram/request/_baserequest.py", line 198, in post
    result = await self._request_wrapper(
             ^^^^^^^^^^^^^^^^^^^^^^^^^^^^
  File "/opt/goinfre/rrangesi/full-stack/p2p/backend/.venv/lib/python3.12/site-packages/telegram/request/_baserequest.py", line 375, in _request_wrapper
    raise exception
telegram.error.Conflict: Conflict: terminated by other getUpdates request; make sure that only one bot instance is running
2026-07-25 22:45:32,975 INFO [httpx] HTTP Request: POST https://api.telegram.org/bot8994609682:AAH26IXXBB1NJJRTvg_xWsx1I6rVuOym7pE/getUpdates "HTTP/1.1 200 OK"
2026-07-25 22:45:33,234 INFO [httpx] HTTP Request: POST https://api.telegram.org/bot8994609682:AAH26IXXBB1NJJRTvg_xWsx1I6rVuOym7pE/getUpdates "HTTP/1.1 409 Conflict"
2026-07-25 22:45:33,235 ERROR [telegram.ext.Application] No error handlers are registered, logging exception.
Traceback (most recent call last):
  File "/opt/goinfre/rrangesi/full-stack/p2p/backend/.venv/lib/python3.12/site-packages/telegram/ext/_utils/networkloop.py", line 161, in network_retry_loop
    await do_action()
  File "/opt/goinfre/rrangesi/full-stack/p2p/backend/.venv/lib/python3.12/site-packages/telegram/ext/_utils/networkloop.py", line 154, in do_action
    action_cb_task.result()
  File "/opt/goinfre/rrangesi/full-stack/p2p/backend/.venv/lib/python3.12/site-packages/telegram/ext/_updater.py", line 340, in polling_action_cb
    updates = await self.bot.get_updates(
              ^^^^^^^^^^^^^^^^^^^^^^^^^^^
  File "/opt/goinfre/rrangesi/full-stack/p2p/backend/.venv/lib/python3.12/site-packages/telegram/ext/_extbot.py", line 680, in get_updates
    updates = await super().get_updates(
              ^^^^^^^^^^^^^^^^^^^^^^^^^^
  File "/opt/goinfre/rrangesi/full-stack/p2p/backend/.venv/lib/python3.12/site-packages/telegram/_bot.py", line 4767, in get_updates
    await self._post(
  File "/opt/goinfre/rrangesi/full-stack/p2p/backend/.venv/lib/python3.12/site-packages/telegram/_bot.py", line 712, in _post
    return await self._do_post(
           ^^^^^^^^^^^^^^^^^^^^
  File "/opt/goinfre/rrangesi/full-stack/p2p/backend/.venv/lib/python3.12/site-packages/telegram/ext/_extbot.py", line 378, in _do_post
    return await super()._do_post(
           ^^^^^^^^^^^^^^^^^^^^^^^
  File "/opt/goinfre/rrangesi/full-stack/p2p/backend/.venv/lib/python3.12/site-packages/telegram/_bot.py", line 741, in _do_post
    result = await request.post(
             ^^^^^^^^^^^^^^^^^^^
  File "/opt/goinfre/rrangesi/full-stack/p2p/backend/.venv/lib/python3.12/site-packages/telegram/request/_baserequest.py", line 198, in post
    result = await self._request_wrapper(
             ^^^^^^^^^^^^^^^^^^^^^^^^^^^^
  File "/opt/goinfre/rrangesi/full-stack/p2p/backend/.venv/lib/python3.12/site-packages/telegram/request/_baserequest.py", line 375, in _request_wrapper
    raise exception
telegram.error.Conflict: Conflict: terminated by other getUpdates request; make sure that only one bot instance is running
2026-07-25 22:45:44,339 INFO [httpx] HTTP Request: POST https://api.telegram.org/bot8994609682:AAH26IXXBB1NJJRTvg_xWsx1I6rVuOym7pE/getUpdates "HTTP/1.1 200 OK"
2026-07-25 22:45:54,442 INFO [httpx] HTTP Request: POST https://api.telegram.org/bot8994609682:AAH26IXXBB1NJJRTvg_xWsx1I6rVuOym7pE/getUpdates "HTTP/1.1 200 OK"
2026-07-25 22:45:56,323 INFO [httpx] HTTP Request: POST https://api.telegram.org/bot8994609682:AAH26IXXBB1NJJRTvg_xWsx1I6rVuOym7pE/getUpdates "HTTP/1.1 409 Conflict"
2026-07-25 22:45:56,324 ERROR [telegram.ext.Application] No error handlers are registered, logging exception.
Traceback (most recent call last):
  File "/opt/goinfre/rrangesi/full-stack/p2p/backend/.venv/lib/python3.12/site-packages/telegram/ext/_utils/networkloop.py", line 161, in network_retry_loop
    await do_action()
  File "/opt/goinfre/rrangesi/full-stack/p2p/backend/.venv/lib/python3.12/site-packages/telegram/ext/_utils/networkloop.py", line 154, in do_action
    action_cb_task.result()
  File "/opt/goinfre/rrangesi/full-stack/p2p/backend/.venv/lib/python3.12/site-packages/telegram/ext/_updater.py", line 340, in polling_action_cb
    updates = await self.bot.get_updates(
              ^^^^^^^^^^^^^^^^^^^^^^^^^^^
  File "/opt/goinfre/rrangesi/full-stack/p2p/backend/.venv/lib/python3.12/site-packages/telegram/ext/_extbot.py", line 680, in get_updates
    updates = await super().get_updates(
              ^^^^^^^^^^^^^^^^^^^^^^^^^^
  File "/opt/goinfre/rrangesi/full-stack/p2p/backend/.venv/lib/python3.12/site-packages/telegram/_bot.py", line 4767, in get_updates
    await self._post(
  File "/opt/goinfre/rrangesi/full-stack/p2p/backend/.venv/lib/python3.12/site-packages/telegram/_bot.py", line 712, in _post
    return await self._do_post(
           ^^^^^^^^^^^^^^^^^^^^
  File "/opt/goinfre/rrangesi/full-stack/p2p/backend/.venv/lib/python3.12/site-packages/telegram/ext/_extbot.py", line 378, in _do_post
    return await super()._do_post(
           ^^^^^^^^^^^^^^^^^^^^^^^
  File "/opt/goinfre/rrangesi/full-stack/p2p/backend/.venv/lib/python3.12/site-packages/telegram/_bot.py", line 741, in _do_post
    result = await request.post(
             ^^^^^^^^^^^^^^^^^^^
  File "/opt/goinfre/rrangesi/full-stack/p2p/backend/.venv/lib/python3.12/site-packages/telegram/request/_baserequest.py", line 198, in post
    result = await self._request_wrapper(
             ^^^^^^^^^^^^^^^^^^^^^^^^^^^^
  File "/opt/goinfre/rrangesi/full-stack/p2p/backend/.venv/lib/python3.12/site-packages/telegram/request/_baserequest.py", line 375, in _request_wrapper
    raise exception
telegram.error.Conflict: Conflict: terminated by other getUpdates request; make sure that only one bot instance is running
2026-07-25 22:46:07,429 INFO [httpx] HTTP Request: POST https://api.telegram.org/bot8994609682:AAH26IXXBB1NJJRTvg_xWsx1I6rVuOym7pE/getUpdates "HTTP/1.1 200 OK"
2026-07-25 22:46:07,671 INFO [httpx] HTTP Request: POST https://api.telegram.org/bot8994609682:AAH26IXXBB1NJJRTvg_xWsx1I6rVuOym7pE/getUpdates "HTTP/1.1 409 Conflict"
2026-07-25 22:46:07,672 ERROR [telegram.ext.Application] No error handlers are registered, logging exception.
Traceback (most recent call last):
  File "/opt/goinfre/rrangesi/full-stack/p2p/backend/.venv/lib/python3.12/site-packages/telegram/ext/_utils/networkloop.py", line 161, in network_retry_loop
    await do_action()
  File "/opt/goinfre/rrangesi/full-stack/p2p/backend/.venv/lib/python3.12/site-packages/telegram/ext/_utils/networkloop.py", line 154, in do_action
    action_cb_task.result()
  File "/opt/goinfre/rrangesi/full-stack/p2p/backend/.venv/lib/python3.12/site-packages/telegram/ext/_updater.py", line 340, in polling_action_cb
    updates = await self.bot.get_updates(
              ^^^^^^^^^^^^^^^^^^^^^^^^^^^
  File "/opt/goinfre/rrangesi/full-stack/p2p/backend/.venv/lib/python3.12/site-packages/telegram/ext/_extbot.py", line 680, in get_updates
    updates = await super().get_updates(
              ^^^^^^^^^^^^^^^^^^^^^^^^^^
  File "/opt/goinfre/rrangesi/full-stack/p2p/backend/.venv/lib/python3.12/site-packages/telegram/_bot.py", line 4767, in get_updates
    await self._post(
  File "/opt/goinfre/rrangesi/full-stack/p2p/backend/.venv/lib/python3.12/site-packages/telegram/_bot.py", line 712, in _post
    return await self._do_post(
           ^^^^^^^^^^^^^^^^^^^^
  File "/opt/goinfre/rrangesi/full-stack/p2p/backend/.venv/lib/python3.12/site-packages/telegram/ext/_extbot.py", line 378, in _do_post
    return await super()._do_post(
           ^^^^^^^^^^^^^^^^^^^^^^^
  File "/opt/goinfre/rrangesi/full-stack/p2p/backend/.venv/lib/python3.12/site-packages/telegram/_bot.py", line 741, in _do_post
    result = await request.post(
             ^^^^^^^^^^^^^^^^^^^
  File "/opt/goinfre/rrangesi/full-stack/p2p/backend/.venv/lib/python3.12/site-packages/telegram/request/_baserequest.py", line 198, in post
    result = await self._request_wrapper(
             ^^^^^^^^^^^^^^^^^^^^^^^^^^^^
  File "/opt/goinfre/rrangesi/full-stack/p2p/backend/.venv/lib/python3.12/site-packages/telegram/request/_baserequest.py", line 375, in _request_wrapper
    raise exception
telegram.error.Conflict: Conflict: terminated by other getUpdates request; make sure that only one bot instance is running
2026-07-25 22:46:18,775 INFO [httpx] HTTP Request: POST https://api.telegram.org/bot8994609682:AAH26IXXBB1NJJRTvg_xWsx1I6rVuOym7pE/getUpdates "HTTP/1.1 200 OK"
2026-07-25 22:46:28,878 INFO [httpx] HTTP Request: POST https://api.telegram.org/bot8994609682:AAH26IXXBB1NJJRTvg_xWsx1I6rVuOym7pE/getUpdates "HTTP/1.1 200 OK"
2026-07-25 22:46:30,757 INFO [httpx] HTTP Request: POST https://api.telegram.org/bot8994609682:AAH26IXXBB1NJJRTvg_xWsx1I6rVuOym7pE/getUpdates "HTTP/1.1 409 Conflict"
2026-07-25 22:46:30,758 ERROR [telegram.ext.Application] No error handlers are registered, logging exception.
Traceback (most recent call last):
  File "/opt/goinfre/rrangesi/full-stack/p2p/backend/.venv/lib/python3.12/site-packages/telegram/ext/_utils/networkloop.py", line 161, in network_retry_loop
    await do_action()
  File "/opt/goinfre/rrangesi/full-stack/p2p/backend/.venv/lib/python3.12/site-packages/telegram/ext/_utils/networkloop.py", line 154, in do_action
    action_cb_task.result()
  File "/opt/goinfre/rrangesi/full-stack/p2p/backend/.venv/lib/python3.12/site-packages/telegram/ext/_updater.py", line 340, in polling_action_cb
    updates = await self.bot.get_updates(
              ^^^^^^^^^^^^^^^^^^^^^^^^^^^
  File "/opt/goinfre/rrangesi/full-stack/p2p/backend/.venv/lib/python3.12/site-packages/telegram/ext/_extbot.py", line 680, in get_updates
    updates = await super().get_updates(
              ^^^^^^^^^^^^^^^^^^^^^^^^^^
  File "/opt/goinfre/rrangesi/full-stack/p2p/backend/.venv/lib/python3.12/site-packages/telegram/_bot.py", line 4767, in get_updates
    await self._post(
  File "/opt/goinfre/rrangesi/full-stack/p2p/backend/.venv/lib/python3.12/site-packages/telegram/_bot.py", line 712, in _post
    return await self._do_post(
           ^^^^^^^^^^^^^^^^^^^^
  File "/opt/goinfre/rrangesi/full-stack/p2p/backend/.venv/lib/python3.12/site-packages/telegram/ext/_extbot.py", line 378, in _do_post
    return await super()._do_post(
           ^^^^^^^^^^^^^^^^^^^^^^^
  File "/opt/goinfre/rrangesi/full-stack/p2p/backend/.venv/lib/python3.12/site-packages/telegram/_bot.py", line 741, in _do_post
    result = await request.post(
             ^^^^^^^^^^^^^^^^^^^
  File "/opt/goinfre/rrangesi/full-stack/p2p/backend/.venv/lib/python3.12/site-packages/telegram/request/_baserequest.py", line 198, in post
    result = await self._request_wrapper(
             ^^^^^^^^^^^^^^^^^^^^^^^^^^^^
  File "/opt/goinfre/rrangesi/full-stack/p2p/backend/.venv/lib/python3.12/site-packages/telegram/request/_baserequest.py", line 375, in _request_wrapper
    raise exception
telegram.error.Conflict: Conflict: terminated by other getUpdates request; make sure that only one bot instance is running
2026-07-25 22:46:41,863 INFO [httpx] HTTP Request: POST https://api.telegram.org/bot8994609682:AAH26IXXBB1NJJRTvg_xWsx1I6rVuOym7pE/getUpdates "HTTP/1.1 200 OK"
2026-07-25 22:46:42,119 INFO [httpx] HTTP Request: POST https://api.telegram.org/bot8994609682:AAH26IXXBB1NJJRTvg_xWsx1I6rVuOym7pE/getUpdates "HTTP/1.1 409 Conflict"
2026-07-25 22:46:42,119 ERROR [telegram.ext.Application] No error handlers are registered, logging exception.
Traceback (most recent call last):
  File "/opt/goinfre/rrangesi/full-stack/p2p/backend/.venv/lib/python3.12/site-packages/telegram/ext/_utils/networkloop.py", line 161, in network_retry_loop
    await do_action()
  File "/opt/goinfre/rrangesi/full-stack/p2p/backend/.venv/lib/python3.12/site-packages/telegram/ext/_utils/networkloop.py", line 154, in do_action
    action_cb_task.result()
  File "/opt/goinfre/rrangesi/full-stack/p2p/backend/.venv/lib/python3.12/site-packages/telegram/ext/_updater.py", line 340, in polling_action_cb
    updates = await self.bot.get_updates(
              ^^^^^^^^^^^^^^^^^^^^^^^^^^^
  File "/opt/goinfre/rrangesi/full-stack/p2p/backend/.venv/lib/python3.12/site-packages/telegram/ext/_extbot.py", line 680, in get_updates
    updates = await super().get_updates(
              ^^^^^^^^^^^^^^^^^^^^^^^^^^
  File "/opt/goinfre/rrangesi/full-stack/p2p/backend/.venv/lib/python3.12/site-packages/telegram/_bot.py", line 4767, in get_updates
    await self._post(
  File "/opt/goinfre/rrangesi/full-stack/p2p/backend/.venv/lib/python3.12/site-packages/telegram/_bot.py", line 712, in _post
    return await self._do_post(
           ^^^^^^^^^^^^^^^^^^^^
  File "/opt/goinfre/rrangesi/full-stack/p2p/backend/.venv/lib/python3.12/site-packages/telegram/ext/_extbot.py", line 378, in _do_post
    return await super()._do_post(
           ^^^^^^^^^^^^^^^^^^^^^^^
  File "/opt/goinfre/rrangesi/full-stack/p2p/backend/.venv/lib/python3.12/site-packages/telegram/_bot.py", line 741, in _do_post
    result = await request.post(
             ^^^^^^^^^^^^^^^^^^^
  File "/opt/goinfre/rrangesi/full-stack/p2p/backend/.venv/lib/python3.12/site-packages/telegram/request/_baserequest.py", line 198, in post
    result = await self._request_wrapper(
             ^^^^^^^^^^^^^^^^^^^^^^^^^^^^
  File "/opt/goinfre/rrangesi/full-stack/p2p/backend/.venv/lib/python3.12/site-packages/telegram/request/_baserequest.py", line 375, in _request_wrapper
    raise exception
telegram.error.Conflict: Conflict: terminated by other getUpdates request; make sure that only one bot instance is running
2026-07-25 22:46:53,223 INFO [httpx] HTTP Request: POST https://api.telegram.org/bot8994609682:AAH26IXXBB1NJJRTvg_xWsx1I6rVuOym7pE/getUpdates "HTTP/1.1 200 OK"
2026-07-25 22:47:03,327 INFO [httpx] HTTP Request: POST https://api.telegram.org/bot8994609682:AAH26IXXBB1NJJRTvg_xWsx1I6rVuOym7pE/getUpdates "HTTP/1.1 200 OK"
2026-07-25 22:47:05,218 INFO [httpx] HTTP Request: POST https://api.telegram.org/bot8994609682:AAH26IXXBB1NJJRTvg_xWsx1I6rVuOym7pE/getUpdates "HTTP/1.1 409 Conflict"
2026-07-25 22:47:05,219 ERROR [telegram.ext.Application] No error handlers are registered, logging exception.
Traceback (most recent call last):
  File "/opt/goinfre/rrangesi/full-stack/p2p/backend/.venv/lib/python3.12/site-packages/telegram/ext/_utils/networkloop.py", line 161, in network_retry_loop
    await do_action()
  File "/opt/goinfre/rrangesi/full-stack/p2p/backend/.venv/lib/python3.12/site-packages/telegram/ext/_utils/networkloop.py", line 154, in do_action
    action_cb_task.result()
  File "/opt/goinfre/rrangesi/full-stack/p2p/backend/.venv/lib/python3.12/site-packages/telegram/ext/_updater.py", line 340, in polling_action_cb
    updates = await self.bot.get_updates(
              ^^^^^^^^^^^^^^^^^^^^^^^^^^^
  File "/opt/goinfre/rrangesi/full-stack/p2p/backend/.venv/lib/python3.12/site-packages/telegram/ext/_extbot.py", line 680, in get_updates
    updates = await super().get_updates(
              ^^^^^^^^^^^^^^^^^^^^^^^^^^
  File "/opt/goinfre/rrangesi/full-stack/p2p/backend/.venv/lib/python3.12/site-packages/telegram/_bot.py", line 4767, in get_updates
    await self._post(
  File "/opt/goinfre/rrangesi/full-stack/p2p/backend/.venv/lib/python3.12/site-packages/telegram/_bot.py", line 712, in _post
    return await self._do_post(
           ^^^^^^^^^^^^^^^^^^^^
  File "/opt/goinfre/rrangesi/full-stack/p2p/backend/.venv/lib/python3.12/site-packages/telegram/ext/_extbot.py", line 378, in _do_post
    return await super()._do_post(
           ^^^^^^^^^^^^^^^^^^^^^^^
  File "/opt/goinfre/rrangesi/full-stack/p2p/backend/.venv/lib/python3.12/site-packages/telegram/_bot.py", line 741, in _do_post
    result = await request.post(
             ^^^^^^^^^^^^^^^^^^^
  File "/opt/goinfre/rrangesi/full-stack/p2p/backend/.venv/lib/python3.12/site-packages/telegram/request/_baserequest.py", line 198, in post
    result = await self._request_wrapper(
             ^^^^^^^^^^^^^^^^^^^^^^^^^^^^
  File "/opt/goinfre/rrangesi/full-stack/p2p/backend/.venv/lib/python3.12/site-packages/telegram/request/_baserequest.py", line 375, in _request_wrapper
    raise exception
telegram.error.Conflict: Conflict: terminated by other getUpdates request; make sure that only one bot instance is running
2026-07-25 22:47:16,324 INFO [httpx] HTTP Request: POST https://api.telegram.org/bot8994609682:AAH26IXXBB1NJJRTvg_xWsx1I6rVuOym7pE/getUpdates "HTTP/1.1 200 OK"
2026-07-25 22:47:16,566 INFO [httpx] HTTP Request: POST https://api.telegram.org/bot8994609682:AAH26IXXBB1NJJRTvg_xWsx1I6rVuOym7pE/getUpdates "HTTP/1.1 409 Conflict"
2026-07-25 22:47:16,567 ERROR [telegram.ext.Application] No error handlers are registered, logging exception.
Traceback (most recent call last):
  File "/opt/goinfre/rrangesi/full-stack/p2p/backend/.venv/lib/python3.12/site-packages/telegram/ext/_utils/networkloop.py", line 161, in network_retry_loop
    await do_action()
  File "/opt/goinfre/rrangesi/full-stack/p2p/backend/.venv/lib/python3.12/site-packages/telegram/ext/_utils/networkloop.py", line 154, in do_action
    action_cb_task.result()
  File "/opt/goinfre/rrangesi/full-stack/p2p/backend/.venv/lib/python3.12/site-packages/telegram/ext/_updater.py", line 340, in polling_action_cb
    updates = await self.bot.get_updates(
              ^^^^^^^^^^^^^^^^^^^^^^^^^^^
  File "/opt/goinfre/rrangesi/full-stack/p2p/backend/.venv/lib/python3.12/site-packages/telegram/ext/_extbot.py", line 680, in get_updates
    updates = await super().get_updates(
              ^^^^^^^^^^^^^^^^^^^^^^^^^^
  File "/opt/goinfre/rrangesi/full-stack/p2p/backend/.venv/lib/python3.12/site-packages/telegram/_bot.py", line 4767, in get_updates
    await self._post(
  File "/opt/goinfre/rrangesi/full-stack/p2p/backend/.venv/lib/python3.12/site-packages/telegram/_bot.py", line 712, in _post
    return await self._do_post(
           ^^^^^^^^^^^^^^^^^^^^
  File "/opt/goinfre/rrangesi/full-stack/p2p/backend/.venv/lib/python3.12/site-packages/telegram/ext/_extbot.py", line 378, in _do_post
    return await super()._do_post(
           ^^^^^^^^^^^^^^^^^^^^^^^
  File "/opt/goinfre/rrangesi/full-stack/p2p/backend/.venv/lib/python3.12/site-packages/telegram/_bot.py", line 741, in _do_post
    result = await request.post(
             ^^^^^^^^^^^^^^^^^^^
  File "/opt/goinfre/rrangesi/full-stack/p2p/backend/.venv/lib/python3.12/site-packages/telegram/request/_baserequest.py", line 198, in post
    result = await self._request_wrapper(
             ^^^^^^^^^^^^^^^^^^^^^^^^^^^^
  File "/opt/goinfre/rrangesi/full-stack/p2p/backend/.venv/lib/python3.12/site-packages/telegram/request/_baserequest.py", line 375, in _request_wrapper
    raise exception
telegram.error.Conflict: Conflict: terminated by other getUpdates request; make sure that only one bot instance is running
2026-07-25 22:47:27,671 INFO [httpx] HTTP Request: POST https://api.telegram.org/bot8994609682:AAH26IXXBB1NJJRTvg_xWsx1I6rVuOym7pE/getUpdates "HTTP/1.1 200 OK"
2026-07-25 22:47:37,777 INFO [httpx] HTTP Request: POST https://api.telegram.org/bot8994609682:AAH26IXXBB1NJJRTvg_xWsx1I6rVuOym7pE/getUpdates "HTTP/1.1 200 OK"
2026-07-25 22:47:39,654 INFO [httpx] HTTP Request: POST https://api.telegram.org/bot8994609682:AAH26IXXBB1NJJRTvg_xWsx1I6rVuOym7pE/getUpdates "HTTP/1.1 409 Conflict"
2026-07-25 22:47:39,655 ERROR [telegram.ext.Application] No error handlers are registered, logging exception.
Traceback (most recent call last):
  File "/opt/goinfre/rrangesi/full-stack/p2p/backend/.venv/lib/python3.12/site-packages/telegram/ext/_utils/networkloop.py", line 161, in network_retry_loop
    await do_action()
  File "/opt/goinfre/rrangesi/full-stack/p2p/backend/.venv/lib/python3.12/site-packages/telegram/ext/_utils/networkloop.py", line 154, in do_action
    action_cb_task.result()
  File "/opt/goinfre/rrangesi/full-stack/p2p/backend/.venv/lib/python3.12/site-packages/telegram/ext/_updater.py", line 340, in polling_action_cb
    updates = await self.bot.get_updates(
              ^^^^^^^^^^^^^^^^^^^^^^^^^^^
  File "/opt/goinfre/rrangesi/full-stack/p2p/backend/.venv/lib/python3.12/site-packages/telegram/ext/_extbot.py", line 680, in get_updates
    updates = await super().get_updates(
              ^^^^^^^^^^^^^^^^^^^^^^^^^^
  File "/opt/goinfre/rrangesi/full-stack/p2p/backend/.venv/lib/python3.12/site-packages/telegram/_bot.py", line 4767, in get_updates
    await self._post(
  File "/opt/goinfre/rrangesi/full-stack/p2p/backend/.venv/lib/python3.12/site-packages/telegram/_bot.py", line 712, in _post
    return await self._do_post(
           ^^^^^^^^^^^^^^^^^^^^
  File "/opt/goinfre/rrangesi/full-stack/p2p/backend/.venv/lib/python3.12/site-packages/telegram/ext/_extbot.py", line 378, in _do_post
    return await super()._do_post(
           ^^^^^^^^^^^^^^^^^^^^^^^
  File "/opt/goinfre/rrangesi/full-stack/p2p/backend/.venv/lib/python3.12/site-packages/telegram/_bot.py", line 741, in _do_post
    result = await request.post(
             ^^^^^^^^^^^^^^^^^^^
  File "/opt/goinfre/rrangesi/full-stack/p2p/backend/.venv/lib/python3.12/site-packages/telegram/request/_baserequest.py", line 198, in post
    result = await self._request_wrapper(
             ^^^^^^^^^^^^^^^^^^^^^^^^^^^^
  File "/opt/goinfre/rrangesi/full-stack/p2p/backend/.venv/lib/python3.12/site-packages/telegram/request/_baserequest.py", line 375, in _request_wrapper
    raise exception
telegram.error.Conflict: Conflict: terminated by other getUpdates request; make sure that only one bot instance is running
2026-07-25 22:47:50,761 INFO [httpx] HTTP Request: POST https://api.telegram.org/bot8994609682:AAH26IXXBB1NJJRTvg_xWsx1I6rVuOym7pE/getUpdates "HTTP/1.1 200 OK"
2026-07-25 22:47:51,007 INFO [httpx] HTTP Request: POST https://api.telegram.org/bot8994609682:AAH26IXXBB1NJJRTvg_xWsx1I6rVuOym7pE/getUpdates "HTTP/1.1 409 Conflict"
2026-07-25 22:47:51,009 ERROR [telegram.ext.Application] No error handlers are registered, logging exception.
Traceback (most recent call last):
  File "/opt/goinfre/rrangesi/full-stack/p2p/backend/.venv/lib/python3.12/site-packages/telegram/ext/_utils/networkloop.py", line 161, in network_retry_loop
    await do_action()
  File "/opt/goinfre/rrangesi/full-stack/p2p/backend/.venv/lib/python3.12/site-packages/telegram/ext/_utils/networkloop.py", line 154, in do_action
    action_cb_task.result()
  File "/opt/goinfre/rrangesi/full-stack/p2p/backend/.venv/lib/python3.12/site-packages/telegram/ext/_updater.py", line 340, in polling_action_cb
    updates = await self.bot.get_updates(
              ^^^^^^^^^^^^^^^^^^^^^^^^^^^
  File "/opt/goinfre/rrangesi/full-stack/p2p/backend/.venv/lib/python3.12/site-packages/telegram/ext/_extbot.py", line 680, in get_updates
    updates = await super().get_updates(
              ^^^^^^^^^^^^^^^^^^^^^^^^^^
  File "/opt/goinfre/rrangesi/full-stack/p2p/backend/.venv/lib/python3.12/site-packages/telegram/_bot.py", line 4767, in get_updates
    await self._post(
  File "/opt/goinfre/rrangesi/full-stack/p2p/backend/.venv/lib/python3.12/site-packages/telegram/_bot.py", line 712, in _post
    return await self._do_post(
           ^^^^^^^^^^^^^^^^^^^^
  File "/opt/goinfre/rrangesi/full-stack/p2p/backend/.venv/lib/python3.12/site-packages/telegram/ext/_extbot.py", line 378, in _do_post
    return await super()._do_post(
           ^^^^^^^^^^^^^^^^^^^^^^^
  File "/opt/goinfre/rrangesi/full-stack/p2p/backend/.venv/lib/python3.12/site-packages/telegram/_bot.py", line 741, in _do_post
    result = await request.post(
             ^^^^^^^^^^^^^^^^^^^
  File "/opt/goinfre/rrangesi/full-stack/p2p/backend/.venv/lib/python3.12/site-packages/telegram/request/_baserequest.py", line 198, in post
    result = await self._request_wrapper(
             ^^^^^^^^^^^^^^^^^^^^^^^^^^^^
  File "/opt/goinfre/rrangesi/full-stack/p2p/backend/.venv/lib/python3.12/site-packages/telegram/request/_baserequest.py", line 375, in _request_wrapper
    raise exception
telegram.error.Conflict: Conflict: terminated by other getUpdates request; make sure that only one bot instance is running
2026-07-25 22:48:02,116 INFO [httpx] HTTP Request: POST https://api.telegram.org/bot8994609682:AAH26IXXBB1NJJRTvg_xWsx1I6rVuOym7pE/getUpdates "HTTP/1.1 200 OK"
2026-07-25 22:48:12,221 INFO [httpx] HTTP Request: POST https://api.telegram.org/bot8994609682:AAH26IXXBB1NJJRTvg_xWsx1I6rVuOym7pE/getUpdates "HTTP/1.1 200 OK"
2026-07-25 22:48:14,099 INFO [httpx] HTTP Request: POST https://api.telegram.org/bot8994609682:AAH26IXXBB1NJJRTvg_xWsx1I6rVuOym7pE/getUpdates "HTTP/1.1 409 Conflict"
2026-07-25 22:48:14,100 ERROR [telegram.ext.Application] No error handlers are registered, logging exception.
Traceback (most recent call last):
  File "/opt/goinfre/rrangesi/full-stack/p2p/backend/.venv/lib/python3.12/site-packages/telegram/ext/_utils/networkloop.py", line 161, in network_retry_loop
    await do_action()
  File "/opt/goinfre/rrangesi/full-stack/p2p/backend/.venv/lib/python3.12/site-packages/telegram/ext/_utils/networkloop.py", line 154, in do_action
    action_cb_task.result()
  File "/opt/goinfre/rrangesi/full-stack/p2p/backend/.venv/lib/python3.12/site-packages/telegram/ext/_updater.py", line 340, in polling_action_cb
    updates = await self.bot.get_updates(
              ^^^^^^^^^^^^^^^^^^^^^^^^^^^
  File "/opt/goinfre/rrangesi/full-stack/p2p/backend/.venv/lib/python3.12/site-packages/telegram/ext/_extbot.py", line 680, in get_updates
    updates = await super().get_updates(
              ^^^^^^^^^^^^^^^^^^^^^^^^^^
  File "/opt/goinfre/rrangesi/full-stack/p2p/backend/.venv/lib/python3.12/site-packages/telegram/_bot.py", line 4767, in get_updates
    await self._post(
  File "/opt/goinfre/rrangesi/full-stack/p2p/backend/.venv/lib/python3.12/site-packages/telegram/_bot.py", line 712, in _post
    return await self._do_post(
           ^^^^^^^^^^^^^^^^^^^^
  File "/opt/goinfre/rrangesi/full-stack/p2p/backend/.venv/lib/python3.12/site-packages/telegram/ext/_extbot.py", line 378, in _do_post
    return await super()._do_post(
           ^^^^^^^^^^^^^^^^^^^^^^^
  File "/opt/goinfre/rrangesi/full-stack/p2p/backend/.venv/lib/python3.12/site-packages/telegram/_bot.py", line 741, in _do_post
    result = await request.post(
             ^^^^^^^^^^^^^^^^^^^
  File "/opt/goinfre/rrangesi/full-stack/p2p/backend/.venv/lib/python3.12/site-packages/telegram/request/_baserequest.py", line 198, in post
    result = await self._request_wrapper(
             ^^^^^^^^^^^^^^^^^^^^^^^^^^^^
  File "/opt/goinfre/rrangesi/full-stack/p2p/backend/.venv/lib/python3.12/site-packages/telegram/request/_baserequest.py", line 375, in _request_wrapper
    raise exception
telegram.error.Conflict: Conflict: terminated by other getUpdates request; make sure that only one bot instance is running
2026-07-25 22:48:25,208 INFO [httpx] HTTP Request: POST https://api.telegram.org/bot8994609682:AAH26IXXBB1NJJRTvg_xWsx1I6rVuOym7pE/getUpdates "HTTP/1.1 200 OK"
2026-07-25 22:48:25,457 INFO [httpx] HTTP Request: POST https://api.telegram.org/bot8994609682:AAH26IXXBB1NJJRTvg_xWsx1I6rVuOym7pE/getUpdates "HTTP/1.1 409 Conflict"
2026-07-25 22:48:25,459 ERROR [telegram.ext.Application] No error handlers are registered, logging exception.
Traceback (most recent call last):
  File "/opt/goinfre/rrangesi/full-stack/p2p/backend/.venv/lib/python3.12/site-packages/telegram/ext/_utils/networkloop.py", line 161, in network_retry_loop
    await do_action()
  File "/opt/goinfre/rrangesi/full-stack/p2p/backend/.venv/lib/python3.12/site-packages/telegram/ext/_utils/networkloop.py", line 154, in do_action
    action_cb_task.result()
  File "/opt/goinfre/rrangesi/full-stack/p2p/backend/.venv/lib/python3.12/site-packages/telegram/ext/_updater.py", line 340, in polling_action_cb
    updates = await self.bot.get_updates(
              ^^^^^^^^^^^^^^^^^^^^^^^^^^^
  File "/opt/goinfre/rrangesi/full-stack/p2p/backend/.venv/lib/python3.12/site-packages/telegram/ext/_extbot.py", line 680, in get_updates
    updates = await super().get_updates(
              ^^^^^^^^^^^^^^^^^^^^^^^^^^
  File "/opt/goinfre/rrangesi/full-stack/p2p/backend/.venv/lib/python3.12/site-packages/telegram/_bot.py", line 4767, in get_updates
    await self._post(
  File "/opt/goinfre/rrangesi/full-stack/p2p/backend/.venv/lib/python3.12/site-packages/telegram/_bot.py", line 712, in _post
    return await self._do_post(
           ^^^^^^^^^^^^^^^^^^^^
  File "/opt/goinfre/rrangesi/full-stack/p2p/backend/.venv/lib/python3.12/site-packages/telegram/ext/_extbot.py", line 378, in _do_post
    return await super()._do_post(
           ^^^^^^^^^^^^^^^^^^^^^^^
  File "/opt/goinfre/rrangesi/full-stack/p2p/backend/.venv/lib/python3.12/site-packages/telegram/_bot.py", line 741, in _do_post
    result = await request.post(
             ^^^^^^^^^^^^^^^^^^^
  File "/opt/goinfre/rrangesi/full-stack/p2p/backend/.venv/lib/python3.12/site-packages/telegram/request/_baserequest.py", line 198, in post
    result = await self._request_wrapper(
             ^^^^^^^^^^^^^^^^^^^^^^^^^^^^
  File "/opt/goinfre/rrangesi/full-stack/p2p/backend/.venv/lib/python3.12/site-packages/telegram/request/_baserequest.py", line 375, in _request_wrapper
    raise exception
telegram.error.Conflict: Conflict: terminated by other getUpdates request; make sure that only one bot instance is running
2026-07-25 22:48:36,565 INFO [httpx] HTTP Request: POST https://api.telegram.org/bot8994609682:AAH26IXXBB1NJJRTvg_xWsx1I6rVuOym7pE/getUpdates "HTTP/1.1 200 OK"
2026-07-25 22:48:46,669 INFO [httpx] HTTP Request: POST https://api.telegram.org/bot8994609682:AAH26IXXBB1NJJRTvg_xWsx1I6rVuOym7pE/getUpdates "HTTP/1.1 200 OK"
2026-07-25 22:48:48,546 INFO [httpx] HTTP Request: POST https://api.telegram.org/bot8994609682:AAH26IXXBB1NJJRTvg_xWsx1I6rVuOym7pE/getUpdates "HTTP/1.1 409 Conflict"
2026-07-25 22:48:48,548 ERROR [telegram.ext.Application] No error handlers are registered, logging exception.
Traceback (most recent call last):
  File "/opt/goinfre/rrangesi/full-stack/p2p/backend/.venv/lib/python3.12/site-packages/telegram/ext/_utils/networkloop.py", line 161, in network_retry_loop
    await do_action()
  File "/opt/goinfre/rrangesi/full-stack/p2p/backend/.venv/lib/python3.12/site-packages/telegram/ext/_utils/networkloop.py", line 154, in do_action
    action_cb_task.result()
  File "/opt/goinfre/rrangesi/full-stack/p2p/backend/.venv/lib/python3.12/site-packages/telegram/ext/_updater.py", line 340, in polling_action_cb
    updates = await self.bot.get_updates(
              ^^^^^^^^^^^^^^^^^^^^^^^^^^^
  File "/opt/goinfre/rrangesi/full-stack/p2p/backend/.venv/lib/python3.12/site-packages/telegram/ext/_extbot.py", line 680, in get_updates
    updates = await super().get_updates(
              ^^^^^^^^^^^^^^^^^^^^^^^^^^
  File "/opt/goinfre/rrangesi/full-stack/p2p/backend/.venv/lib/python3.12/site-packages/telegram/_bot.py", line 4767, in get_updates
    await self._post(
  File "/opt/goinfre/rrangesi/full-stack/p2p/backend/.venv/lib/python3.12/site-packages/telegram/_bot.py", line 712, in _post
    return await self._do_post(
           ^^^^^^^^^^^^^^^^^^^^
  File "/opt/goinfre/rrangesi/full-stack/p2p/backend/.venv/lib/python3.12/site-packages/telegram/ext/_extbot.py", line 378, in _do_post
    return await super()._do_post(
           ^^^^^^^^^^^^^^^^^^^^^^^
  File "/opt/goinfre/rrangesi/full-stack/p2p/backend/.venv/lib/python3.12/site-packages/telegram/_bot.py", line 741, in _do_post
    result = await request.post(
             ^^^^^^^^^^^^^^^^^^^
  File "/opt/goinfre/rrangesi/full-stack/p2p/backend/.venv/lib/python3.12/site-packages/telegram/request/_baserequest.py", line 198, in post
    result = await self._request_wrapper(
             ^^^^^^^^^^^^^^^^^^^^^^^^^^^^
  File "/opt/goinfre/rrangesi/full-stack/p2p/backend/.venv/lib/python3.12/site-packages/telegram/request/_baserequest.py", line 375, in _request_wrapper
    raise exception
telegram.error.Conflict: Conflict: terminated by other getUpdates request; make sure that only one bot instance is running
2026-07-25 22:48:59,652 INFO [httpx] HTTP Request: POST https://api.telegram.org/bot8994609682:AAH26IXXBB1NJJRTvg_xWsx1I6rVuOym7pE/getUpdates "HTTP/1.1 200 OK"
2026-07-25 22:48:59,903 INFO [httpx] HTTP Request: POST https://api.telegram.org/bot8994609682:AAH26IXXBB1NJJRTvg_xWsx1I6rVuOym7pE/getUpdates "HTTP/1.1 409 Conflict"
2026-07-25 22:48:59,904 ERROR [telegram.ext.Application] No error handlers are registered, logging exception.
Traceback (most recent call last):
  File "/opt/goinfre/rrangesi/full-stack/p2p/backend/.venv/lib/python3.12/site-packages/telegram/ext/_utils/networkloop.py", line 161, in network_retry_loop
    await do_action()
  File "/opt/goinfre/rrangesi/full-stack/p2p/backend/.venv/lib/python3.12/site-packages/telegram/ext/_utils/networkloop.py", line 154, in do_action
    action_cb_task.result()
  File "/opt/goinfre/rrangesi/full-stack/p2p/backend/.venv/lib/python3.12/site-packages/telegram/ext/_updater.py", line 340, in polling_action_cb
    updates = await self.bot.get_updates(
              ^^^^^^^^^^^^^^^^^^^^^^^^^^^
  File "/opt/goinfre/rrangesi/full-stack/p2p/backend/.venv/lib/python3.12/site-packages/telegram/ext/_extbot.py", line 680, in get_updates
    updates = await super().get_updates(
              ^^^^^^^^^^^^^^^^^^^^^^^^^^
  File "/opt/goinfre/rrangesi/full-stack/p2p/backend/.venv/lib/python3.12/site-packages/telegram/_bot.py", line 4767, in get_updates
    await self._post(
  File "/opt/goinfre/rrangesi/full-stack/p2p/backend/.venv/lib/python3.12/site-packages/telegram/_bot.py", line 712, in _post
    return await self._do_post(
           ^^^^^^^^^^^^^^^^^^^^
  File "/opt/goinfre/rrangesi/full-stack/p2p/backend/.venv/lib/python3.12/site-packages/telegram/ext/_extbot.py", line 378, in _do_post
    return await super()._do_post(
           ^^^^^^^^^^^^^^^^^^^^^^^
  File "/opt/goinfre/rrangesi/full-stack/p2p/backend/.venv/lib/python3.12/site-packages/telegram/_bot.py", line 741, in _do_post
    result = await request.post(
             ^^^^^^^^^^^^^^^^^^^
  File "/opt/goinfre/rrangesi/full-stack/p2p/backend/.venv/lib/python3.12/site-packages/telegram/request/_baserequest.py", line 198, in post
    result = await self._request_wrapper(
             ^^^^^^^^^^^^^^^^^^^^^^^^^^^^
  File "/opt/goinfre/rrangesi/full-stack/p2p/backend/.venv/lib/python3.12/site-packages/telegram/request/_baserequest.py", line 375, in _request_wrapper
    raise exception
telegram.error.Conflict: Conflict: terminated by other getUpdates request; make sure that only one bot instance is running
2026-07-25 22:49:11,009 INFO [httpx] HTTP Request: POST https://api.telegram.org/bot8994609682:AAH26IXXBB1NJJRTvg_xWsx1I6rVuOym7pE/getUpdates "HTTP/1.1 200 OK"
2026-07-25 22:49:21,114 INFO [httpx] HTTP Request: POST https://api.telegram.org/bot8994609682:AAH26IXXBB1NJJRTvg_xWsx1I6rVuOym7pE/getUpdates "HTTP/1.1 200 OK"
2026-07-25 22:49:22,967 INFO [httpx] HTTP Request: POST https://api.telegram.org/bot8994609682:AAH26IXXBB1NJJRTvg_xWsx1I6rVuOym7pE/getUpdates "HTTP/1.1 409 Conflict"
2026-07-25 22:49:22,969 ERROR [telegram.ext.Application] No error handlers are registered, logging exception.
Traceback (most recent call last):
  File "/opt/goinfre/rrangesi/full-stack/p2p/backend/.venv/lib/python3.12/site-packages/telegram/ext/_utils/networkloop.py", line 161, in network_retry_loop
    await do_action()
  File "/opt/goinfre/rrangesi/full-stack/p2p/backend/.venv/lib/python3.12/site-packages/telegram/ext/_utils/networkloop.py", line 154, in do_action
    action_cb_task.result()
  File "/opt/goinfre/rrangesi/full-stack/p2p/backend/.venv/lib/python3.12/site-packages/telegram/ext/_updater.py", line 340, in polling_action_cb
    updates = await self.bot.get_updates(
              ^^^^^^^^^^^^^^^^^^^^^^^^^^^
  File "/opt/goinfre/rrangesi/full-stack/p2p/backend/.venv/lib/python3.12/site-packages/telegram/ext/_extbot.py", line 680, in get_updates
    updates = await super().get_updates(
              ^^^^^^^^^^^^^^^^^^^^^^^^^^
  File "/opt/goinfre/rrangesi/full-stack/p2p/backend/.venv/lib/python3.12/site-packages/telegram/_bot.py", line 4767, in get_updates
    await self._post(
  File "/opt/goinfre/rrangesi/full-stack/p2p/backend/.venv/lib/python3.12/site-packages/telegram/_bot.py", line 712, in _post
    return await self._do_post(
           ^^^^^^^^^^^^^^^^^^^^
  File "/opt/goinfre/rrangesi/full-stack/p2p/backend/.venv/lib/python3.12/site-packages/telegram/ext/_extbot.py", line 378, in _do_post
    return await super()._do_post(
           ^^^^^^^^^^^^^^^^^^^^^^^
  File "/opt/goinfre/rrangesi/full-stack/p2p/backend/.venv/lib/python3.12/site-packages/telegram/_bot.py", line 741, in _do_post
    result = await request.post(
             ^^^^^^^^^^^^^^^^^^^
  File "/opt/goinfre/rrangesi/full-stack/p2p/backend/.venv/lib/python3.12/site-packages/telegram/request/_baserequest.py", line 198, in post
    result = await self._request_wrapper(
             ^^^^^^^^^^^^^^^^^^^^^^^^^^^^
  File "/opt/goinfre/rrangesi/full-stack/p2p/backend/.venv/lib/python3.12/site-packages/telegram/request/_baserequest.py", line 375, in _request_wrapper
    raise exception
telegram.error.Conflict: Conflict: terminated by other getUpdates request; make sure that only one bot instance is running
2026-07-25 22:49:34,073 INFO [httpx] HTTP Request: POST https://api.telegram.org/bot8994609682:AAH26IXXBB1NJJRTvg_xWsx1I6rVuOym7pE/getUpdates "HTTP/1.1 200 OK"
