 
 -------------- celery@fedora v5.6.3 (recovery)
--- ***** ----- 
-- ******* ---- Linux-7.0.10-101.fc43.x86_64-x86_64-with-glibc2.42 2026-06-14 11:03:10
- *** --- * --- 
- ** ---------- [config]
- ** ---------- .> app:         peer_learn:0x7f04e47081a0
- ** ---------- .> transport:   redis://localhost:6379/1
- ** ---------- .> results:     redis://localhost:6379/2
- *** --- * --- .> concurrency: 16 (prefork)
-- ******* ---- .> task events: OFF (enable -E to monitor tasks in this worker)
--- ***** ----- 
 -------------- [queues]
                .> celery           exchange=celery(direct) key=celery
                

[tasks]
  . app.tasks.leaderboard_tasks.monthly_snapshot
  . app.tasks.slot_tasks.check_absences
  . app.tasks.slot_tasks.send_slot_reminders

[2026-06-14 11:03:11,903: INFO/MainProcess] Connected to redis://localhost:6379/1
[2026-06-14 11:03:11,908: INFO/MainProcess] mingle: searching for neighbors
[2026-06-14 11:03:12,916: INFO/MainProcess] mingle: all alone
[2026-06-14 11:03:12,925: INFO/MainProcess] celery@fedora ready.
[2026-06-14 11:04:11,018: INFO/MainProcess] Task app.tasks.slot_tasks.check_absences[084578ba-8add-467e-ad39-949e1127713f] received
[2026-06-14 11:04:11,019: INFO/MainProcess] Task app.tasks.slot_tasks.send_slot_reminders[559bab42-06ae-42c7-8d5c-6a1aed08af70] received
2026-06-14 11:04:11,057 INFO sqlalchemy.engine.Engine select pg_catalog.version()
[2026-06-14 11:04:11,057: INFO/ForkPoolWorker-15] select pg_catalog.version()
2026-06-14 11:04:11,058 INFO sqlalchemy.engine.Engine [raw sql] ()
[2026-06-14 11:04:11,058: INFO/ForkPoolWorker-15] [raw sql] ()
2026-06-14 11:04:11,059 INFO sqlalchemy.engine.Engine select pg_catalog.version()
[2026-06-14 11:04:11,059: INFO/ForkPoolWorker-16] select pg_catalog.version()
2026-06-14 11:04:11,059 INFO sqlalchemy.engine.Engine [raw sql] ()
[2026-06-14 11:04:11,059: INFO/ForkPoolWorker-16] [raw sql] ()
2026-06-14 11:04:11,060 INFO sqlalchemy.engine.Engine select current_schema()
[2026-06-14 11:04:11,060: INFO/ForkPoolWorker-15] select current_schema()
2026-06-14 11:04:11,060 INFO sqlalchemy.engine.Engine [raw sql] ()
[2026-06-14 11:04:11,060: INFO/ForkPoolWorker-15] [raw sql] ()
2026-06-14 11:04:11,061 INFO sqlalchemy.engine.Engine show standard_conforming_strings
[2026-06-14 11:04:11,061: INFO/ForkPoolWorker-15] show standard_conforming_strings
2026-06-14 11:04:11,061 INFO sqlalchemy.engine.Engine [raw sql] ()
[2026-06-14 11:04:11,061: INFO/ForkPoolWorker-15] [raw sql] ()
2026-06-14 11:04:11,061 INFO sqlalchemy.engine.Engine select current_schema()
[2026-06-14 11:04:11,061: INFO/ForkPoolWorker-16] select current_schema()
2026-06-14 11:04:11,061 INFO sqlalchemy.engine.Engine [raw sql] ()
[2026-06-14 11:04:11,061: INFO/ForkPoolWorker-16] [raw sql] ()
2026-06-14 11:04:11,062 INFO sqlalchemy.engine.Engine BEGIN (implicit)
[2026-06-14 11:04:11,062: INFO/ForkPoolWorker-15] BEGIN (implicit)
2026-06-14 11:04:11,063 INFO sqlalchemy.engine.Engine show standard_conforming_strings
[2026-06-14 11:04:11,063: INFO/ForkPoolWorker-16] show standard_conforming_strings
2026-06-14 11:04:11,063 INFO sqlalchemy.engine.Engine [raw sql] ()
[2026-06-14 11:04:11,063: INFO/ForkPoolWorker-16] [raw sql] ()
2026-06-14 11:04:11,064 INFO sqlalchemy.engine.Engine BEGIN (implicit)
[2026-06-14 11:04:11,064: INFO/ForkPoolWorker-16] BEGIN (implicit)
2026-06-14 11:04:11,074 INFO sqlalchemy.engine.Engine SELECT slots.id, slots.reviewer_id, slots.reviewee_id, slots.reviewer_project, slots.reviewee_project, slots.start_time, slots.end_time, slots.actual_start, slots.actual_end, slots.duration_minutes, slots.status, slots.is_online, slots.campus, slots.reviewer_started, slots.reviewee_started, slots.reviewer_finished, slots.reviewee_finished, slots.absent_by, slots.absent_at, slots.cancelled_by, slots.cancel_reason, slots.created_at, slots.updated_at 
FROM slots 
WHERE slots.status = $1::VARCHAR AND slots.start_time < $2::TIMESTAMP WITH TIME ZONE
[2026-06-14 11:04:11,074: INFO/ForkPoolWorker-15] SELECT slots.id, slots.reviewer_id, slots.reviewee_id, slots.reviewer_project, slots.reviewee_project, slots.start_time, slots.end_time, slots.actual_start, slots.actual_end, slots.duration_minutes, slots.status, slots.is_online, slots.campus, slots.reviewer_started, slots.reviewee_started, slots.reviewer_finished, slots.reviewee_finished, slots.absent_by, slots.absent_at, slots.cancelled_by, slots.cancel_reason, slots.created_at, slots.updated_at 
FROM slots 
WHERE slots.status = $1::VARCHAR AND slots.start_time < $2::TIMESTAMP WITH TIME ZONE
2026-06-14 11:04:11,075 INFO sqlalchemy.engine.Engine [generated in 0.00028s] ('booked', datetime.datetime(2026, 6, 14, 5, 49, 11, 24827, tzinfo=datetime.timezone.utc))
[2026-06-14 11:04:11,075: INFO/ForkPoolWorker-15] [generated in 0.00028s] ('booked', datetime.datetime(2026, 6, 14, 5, 49, 11, 24827, tzinfo=datetime.timezone.utc))
2026-06-14 11:04:11,078 INFO sqlalchemy.engine.Engine SELECT slots.id, slots.reviewer_id, slots.reviewee_id, slots.reviewer_project, slots.reviewee_project, slots.start_time, slots.end_time, slots.actual_start, slots.actual_end, slots.duration_minutes, slots.status, slots.is_online, slots.campus, slots.reviewer_started, slots.reviewee_started, slots.reviewer_finished, slots.reviewee_finished, slots.absent_by, slots.absent_at, slots.cancelled_by, slots.cancel_reason, slots.created_at, slots.updated_at 
FROM slots 
WHERE slots.status = $1::VARCHAR AND slots.start_time >= $2::TIMESTAMP WITH TIME ZONE AND slots.start_time < $3::TIMESTAMP WITH TIME ZONE
[2026-06-14 11:04:11,078: INFO/ForkPoolWorker-16] SELECT slots.id, slots.reviewer_id, slots.reviewee_id, slots.reviewer_project, slots.reviewee_project, slots.start_time, slots.end_time, slots.actual_start, slots.actual_end, slots.duration_minutes, slots.status, slots.is_online, slots.campus, slots.reviewer_started, slots.reviewee_started, slots.reviewer_finished, slots.reviewee_finished, slots.absent_by, slots.absent_at, slots.cancelled_by, slots.cancel_reason, slots.created_at, slots.updated_at 
FROM slots 
WHERE slots.status = $1::VARCHAR AND slots.start_time >= $2::TIMESTAMP WITH TIME ZONE AND slots.start_time < $3::TIMESTAMP WITH TIME ZONE
2026-06-14 11:04:11,078 INFO sqlalchemy.engine.Engine [generated in 0.00026s] ('booked', datetime.datetime(2026, 6, 14, 6, 19, 11, 24994, tzinfo=datetime.timezone.utc), datetime.datetime(2026, 6, 14, 6, 20, 11, 24994, tzinfo=datetime.timezone.utc))
[2026-06-14 11:04:11,078: INFO/ForkPoolWorker-16] [generated in 0.00026s] ('booked', datetime.datetime(2026, 6, 14, 6, 19, 11, 24994, tzinfo=datetime.timezone.utc), datetime.datetime(2026, 6, 14, 6, 20, 11, 24994, tzinfo=datetime.timezone.utc))
2026-06-14 11:04:11,079 INFO sqlalchemy.engine.Engine ROLLBACK
[2026-06-14 11:04:11,079: INFO/ForkPoolWorker-15] ROLLBACK
2026-06-14 11:04:11,082 INFO sqlalchemy.engine.Engine COMMIT
[2026-06-14 11:04:11,082: INFO/ForkPoolWorker-16] COMMIT
[2026-06-14 11:04:11,082: INFO/ForkPoolWorker-15] Task app.tasks.slot_tasks.check_absences[084578ba-8add-467e-ad39-949e1127713f] succeeded in 0.062075120999907085s: 0
[2026-06-14 11:04:11,084: INFO/ForkPoolWorker-16] Task app.tasks.slot_tasks.send_slot_reminders[559bab42-06ae-42c7-8d5c-6a1aed08af70] succeeded in 0.06416275999981735s: 0
[2026-06-14 11:05:11,009: INFO/MainProcess] Task app.tasks.slot_tasks.check_absences[5bf56962-9c66-4aa5-93bd-3773b11e1a87] received
[2026-06-14 11:05:11,012: ERROR/ForkPoolWorker-15] Exception terminating connection <AdaptedConnection <asyncpg.connection.Connection object at 0x7f04e28e1a90>>
Traceback (most recent call last):
  File "/home/farrukh/Frontend/p2p/backend/.venv/lib64/python3.14/site-packages/sqlalchemy/pool/base.py", line 373, in _close_connection
    self._dialect.do_terminate(connection)
    ~~~~~~~~~~~~~~~~~~~~~~~~~~^^^^^^^^^^^^
  File "/home/farrukh/Frontend/p2p/backend/.venv/lib64/python3.14/site-packages/sqlalchemy/dialects/postgresql/asyncpg.py", line 1131, in do_terminate
    dbapi_connection.terminate()
    ~~~~~~~~~~~~~~~~~~~~~~~~~~^^
  File "/home/farrukh/Frontend/p2p/backend/.venv/lib64/python3.14/site-packages/sqlalchemy/connectors/asyncio.py", line 402, in terminate
    self.await_(asyncio.shield(self._terminate_graceful_close()))  # type: ignore[attr-defined] # noqa: E501
    ~~~~~~~~~~~^^^^^^^^^^^^^^^^^^^^^^^^^^^^^^^^^^^^^^^^^^^^^^^^^^
  File "/home/farrukh/Frontend/p2p/backend/.venv/lib64/python3.14/site-packages/sqlalchemy/util/_concurrency_py3k.py", line 132, in await_only
    return current.parent.switch(awaitable)  # type: ignore[no-any-return,attr-defined] # noqa: E501
           ~~~~~~~~~~~~~~~~~~~~~^^^^^^^^^^^
  File "/home/farrukh/Frontend/p2p/backend/.venv/lib64/python3.14/site-packages/sqlalchemy/util/_concurrency_py3k.py", line 196, in greenlet_spawn
    value = await result
            ^^^^^^^^^^^^
  File "/home/farrukh/Frontend/p2p/backend/.venv/lib64/python3.14/site-packages/sqlalchemy/dialects/postgresql/asyncpg.py", line 912, in _terminate_graceful_close
    await self._connection.close(timeout=2)
  File "/home/farrukh/Frontend/p2p/backend/.venv/lib64/python3.14/site-packages/asyncpg/connection.py", line 1513, in close
    await self._protocol.close(timeout)
  File "asyncpg/protocol/protocol.pyx", line 617, in close
  File "asyncpg/protocol/protocol.pyx", line 650, in asyncpg.protocol.protocol.BaseProtocol._request_cancel
    con._cancel_current_command(self.cancel_sent_waiter)
  File "/home/farrukh/Frontend/p2p/backend/.venv/lib64/python3.14/site-packages/asyncpg/connection.py", line 1682, in _cancel_current_command
    self._cancellations.add(self._loop.create_task(self._cancel(waiter)))
                            ~~~~~~~~~~~~~~~~~~~~~~^^^^^^^^^^^^^^^^^^^^^^
  File "/usr/lib64/python3.14/asyncio/base_events.py", line 466, in create_task
    self._check_closed()
    ~~~~~~~~~~~~~~~~~~^^
  File "/usr/lib64/python3.14/asyncio/base_events.py", line 550, in _check_closed
    raise RuntimeError('Event loop is closed')
RuntimeError: Event loop is closed
[2026-06-14 11:05:11,018: INFO/MainProcess] Task app.tasks.slot_tasks.send_slot_reminders[bfa989e5-57e3-4bb1-a994-7fead5db234d] received
[2026-06-14 11:05:11,021: ERROR/ForkPoolWorker-16] Exception terminating connection <AdaptedConnection <asyncpg.connection.Connection object at 0x7f04e28e1a90>>
Traceback (most recent call last):
  File "/home/farrukh/Frontend/p2p/backend/.venv/lib64/python3.14/site-packages/sqlalchemy/pool/base.py", line 373, in _close_connection
    self._dialect.do_terminate(connection)
    ~~~~~~~~~~~~~~~~~~~~~~~~~~^^^^^^^^^^^^
  File "/home/farrukh/Frontend/p2p/backend/.venv/lib64/python3.14/site-packages/sqlalchemy/dialects/postgresql/asyncpg.py", line 1131, in do_terminate
    dbapi_connection.terminate()
    ~~~~~~~~~~~~~~~~~~~~~~~~~~^^
  File "/home/farrukh/Frontend/p2p/backend/.venv/lib64/python3.14/site-packages/sqlalchemy/connectors/asyncio.py", line 402, in terminate
    self.await_(asyncio.shield(self._terminate_graceful_close()))  # type: ignore[attr-defined] # noqa: E501
    ~~~~~~~~~~~^^^^^^^^^^^^^^^^^^^^^^^^^^^^^^^^^^^^^^^^^^^^^^^^^^
  File "/home/farrukh/Frontend/p2p/backend/.venv/lib64/python3.14/site-packages/sqlalchemy/util/_concurrency_py3k.py", line 132, in await_only
    return current.parent.switch(awaitable)  # type: ignore[no-any-return,attr-defined] # noqa: E501
           ~~~~~~~~~~~~~~~~~~~~~^^^^^^^^^^^
  File "/home/farrukh/Frontend/p2p/backend/.venv/lib64/python3.14/site-packages/sqlalchemy/util/_concurrency_py3k.py", line 196, in greenlet_spawn
    value = await result
            ^^^^^^^^^^^^
  File "/home/farrukh/Frontend/p2p/backend/.venv/lib64/python3.14/site-packages/sqlalchemy/dialects/postgresql/asyncpg.py", line 912, in _terminate_graceful_close
    await self._connection.close(timeout=2)
  File "/home/farrukh/Frontend/p2p/backend/.venv/lib64/python3.14/site-packages/asyncpg/connection.py", line 1513, in close
    await self._protocol.close(timeout)
  File "asyncpg/protocol/protocol.pyx", line 617, in close
  File "asyncpg/protocol/protocol.pyx", line 650, in asyncpg.protocol.protocol.BaseProtocol._request_cancel
    con._cancel_current_command(self.cancel_sent_waiter)
  File "/home/farrukh/Frontend/p2p/backend/.venv/lib64/python3.14/site-packages/asyncpg/connection.py", line 1682, in _cancel_current_command
    self._cancellations.add(self._loop.create_task(self._cancel(waiter)))
                            ~~~~~~~~~~~~~~~~~~~~~~^^^^^^^^^^^^^^^^^^^^^^
  File "/usr/lib64/python3.14/asyncio/base_events.py", line 466, in create_task
    self._check_closed()
    ~~~~~~~~~~~~~~~~~~^^
  File "/usr/lib64/python3.14/asyncio/base_events.py", line 550, in _check_closed
    raise RuntimeError('Event loop is closed')
RuntimeError: Event loop is closed
[2026-06-14 11:05:11,024: ERROR/ForkPoolWorker-15] Task app.tasks.slot_tasks.check_absences[5bf56962-9c66-4aa5-93bd-3773b11e1a87] raised unexpected: RuntimeError("Task <Task pending name='Task-6' coro=<_check_absences() running at /home/farrukh/Frontend/p2p/backend/app/tasks/slot_tasks.py:70> cb=[_run_until_complete_cb() at /usr/lib64/python3.14/asyncio/base_events.py:181]> got Future <Future pending cb=[BaseProtocol._on_waiter_completed()]> attached to a different loop")
Traceback (most recent call last):
  File "/home/farrukh/Frontend/p2p/backend/.venv/lib64/python3.14/site-packages/celery/app/trace.py", line 585, in trace_task
    R = retval = fun(*args, **kwargs)
                 ~~~^^^^^^^^^^^^^^^^^
  File "/home/farrukh/Frontend/p2p/backend/.venv/lib64/python3.14/site-packages/celery/app/trace.py", line 858, in __protected_call__
    return self.run(*args, **kwargs)
           ~~~~~~~~^^^^^^^^^^^^^^^^^
  File "/home/farrukh/Frontend/p2p/backend/app/tasks/slot_tasks.py", line 58, in check_absences
    return asyncio.run(_check_absences())
           ~~~~~~~~~~~^^^^^^^^^^^^^^^^^^^
  File "/usr/lib64/python3.14/asyncio/runners.py", line 204, in run
    return runner.run(main)
           ~~~~~~~~~~^^^^^^
  File "/usr/lib64/python3.14/asyncio/runners.py", line 127, in run
    return self._loop.run_until_complete(task)
           ~~~~~~~~~~~~~~~~~~~~~~~~~~~~~^^^^^^
  File "/usr/lib64/python3.14/asyncio/base_events.py", line 719, in run_until_complete
    return future.result()
           ~~~~~~~~~~~~~^^
  File "/home/farrukh/Frontend/p2p/backend/app/tasks/slot_tasks.py", line 70, in _check_absences
    slots = (await db.execute(stmt)).scalars().all()
             ^^^^^^^^^^^^^^^^^^^^^^
  File "/home/farrukh/Frontend/p2p/backend/.venv/lib64/python3.14/site-packages/sqlalchemy/ext/asyncio/session.py", line 448, in execute
    result = await greenlet_spawn(
             ^^^^^^^^^^^^^^^^^^^^^
    ...<6 lines>...
    )
    ^
  File "/home/farrukh/Frontend/p2p/backend/.venv/lib64/python3.14/site-packages/sqlalchemy/util/_concurrency_py3k.py", line 201, in greenlet_spawn
    result = context.throw(*sys.exc_info())
  File "/home/farrukh/Frontend/p2p/backend/.venv/lib64/python3.14/site-packages/sqlalchemy/orm/session.py", line 2372, in execute
    return self._execute_internal(
           ~~~~~~~~~~~~~~~~~~~~~~^
        statement,
        ^^^^^^^^^^
    ...<4 lines>...
        _add_event=_add_event,
        ^^^^^^^^^^^^^^^^^^^^^^
    )
    ^
  File "/home/farrukh/Frontend/p2p/backend/.venv/lib64/python3.14/site-packages/sqlalchemy/orm/session.py", line 2260, in _execute_internal
    conn = self._connection_for_bind(bind)
  File "/home/farrukh/Frontend/p2p/backend/.venv/lib64/python3.14/site-packages/sqlalchemy/orm/session.py", line 2112, in _connection_for_bind
    return trans._connection_for_bind(engine, execution_options)
           ~~~~~~~~~~~~~~~~~~~~~~~~~~^^^^^^^^^^^^^^^^^^^^^^^^^^^
  File "<string>", line 2, in _connection_for_bind
  File "/home/farrukh/Frontend/p2p/backend/.venv/lib64/python3.14/site-packages/sqlalchemy/orm/state_changes.py", line 137, in _go
    ret_value = fn(self, *arg, **kw)
  File "/home/farrukh/Frontend/p2p/backend/.venv/lib64/python3.14/site-packages/sqlalchemy/orm/session.py", line 1191, in _connection_for_bind
    conn = bind.connect()
  File "/home/farrukh/Frontend/p2p/backend/.venv/lib64/python3.14/site-packages/sqlalchemy/engine/base.py", line 3295, in connect
    return self._connection_cls(self)
           ~~~~~~~~~~~~~~~~~~~~^^^^^^
  File "/home/farrukh/Frontend/p2p/backend/.venv/lib64/python3.14/site-packages/sqlalchemy/engine/base.py", line 144, in __init__
    self._dbapi_connection = engine.raw_connection()
                             ~~~~~~~~~~~~~~~~~~~~~^^
  File "/home/farrukh/Frontend/p2p/backend/.venv/lib64/python3.14/site-packages/sqlalchemy/engine/base.py", line 3319, in raw_connection
    return self.pool.connect()
           ~~~~~~~~~~~~~~~~~^^
  File "/home/farrukh/Frontend/p2p/backend/.venv/lib64/python3.14/site-packages/sqlalchemy/pool/base.py", line 448, in connect
    return _ConnectionFairy._checkout(self)
           ~~~~~~~~~~~~~~~~~~~~~~~~~~^^^^^^
  File "/home/farrukh/Frontend/p2p/backend/.venv/lib64/python3.14/site-packages/sqlalchemy/pool/base.py", line 1371, in _checkout
    with util.safe_reraise():
         ~~~~~~~~~~~~~~~~~^^
  File "/home/farrukh/Frontend/p2p/backend/.venv/lib64/python3.14/site-packages/sqlalchemy/util/langhelpers.py", line 122, in __exit__
    raise exc_value.with_traceback(exc_tb)
  File "/home/farrukh/Frontend/p2p/backend/.venv/lib64/python3.14/site-packages/sqlalchemy/pool/base.py", line 1309, in _checkout
    result = pool._dialect._do_ping_w_event(
        fairy.dbapi_connection
    )
  File "/home/farrukh/Frontend/p2p/backend/.venv/lib64/python3.14/site-packages/sqlalchemy/engine/default.py", line 729, in _do_ping_w_event
    return self.do_ping(dbapi_connection)
           ~~~~~~~~~~~~^^^^^^^^^^^^^^^^^^
  File "/home/farrukh/Frontend/p2p/backend/.venv/lib64/python3.14/site-packages/sqlalchemy/dialects/postgresql/asyncpg.py", line 1164, in do_ping
    dbapi_connection.ping()
    ~~~~~~~~~~~~~~~~~~~~~^^
  File "/home/farrukh/Frontend/p2p/backend/.venv/lib64/python3.14/site-packages/sqlalchemy/dialects/postgresql/asyncpg.py", line 818, in ping
    self._handle_exception(error)
    ~~~~~~~~~~~~~~~~~~~~~~^^^^^^^
  File "/home/farrukh/Frontend/p2p/backend/.venv/lib64/python3.14/site-packages/sqlalchemy/dialects/postgresql/asyncpg.py", line 799, in _handle_exception
    raise error
  File "/home/farrukh/Frontend/p2p/backend/.venv/lib64/python3.14/site-packages/sqlalchemy/dialects/postgresql/asyncpg.py", line 816, in ping
    _ = self.await_(self._async_ping())
  File "/home/farrukh/Frontend/p2p/backend/.venv/lib64/python3.14/site-packages/sqlalchemy/util/_concurrency_py3k.py", line 132, in await_only
    return current.parent.switch(awaitable)  # type: ignore[no-any-return,attr-defined] # noqa: E501
           ~~~~~~~~~~~~~~~~~~~~~^^^^^^^^^^^
  File "/home/farrukh/Frontend/p2p/backend/.venv/lib64/python3.14/site-packages/sqlalchemy/util/_concurrency_py3k.py", line 196, in greenlet_spawn
    value = await result
            ^^^^^^^^^^^^
  File "/home/farrukh/Frontend/p2p/backend/.venv/lib64/python3.14/site-packages/sqlalchemy/dialects/postgresql/asyncpg.py", line 825, in _async_ping
    await tr.start()
  File "/home/farrukh/Frontend/p2p/backend/.venv/lib64/python3.14/site-packages/asyncpg/transaction.py", line 146, in start
    await self._connection.execute(query)
  File "/home/farrukh/Frontend/p2p/backend/.venv/lib64/python3.14/site-packages/asyncpg/connection.py", line 354, in execute
    result = await self._protocol.query(query, timeout)
             ^^^^^^^^^^^^^^^^^^^^^^^^^^^^^^^^^^^^^^^^^^
  File "asyncpg/protocol/protocol.pyx", line 369, in query
    return await waiter
RuntimeError: Task <Task pending name='Task-6' coro=<_check_absences() running at /home/farrukh/Frontend/p2p/backend/app/tasks/slot_tasks.py:70> cb=[_run_until_complete_cb() at /usr/lib64/python3.14/asyncio/base_events.py:181]> got Future <Future pending cb=[BaseProtocol._on_waiter_completed()]> attached to a different loop
[2026-06-14 11:05:11,033: ERROR/ForkPoolWorker-16] Task app.tasks.slot_tasks.send_slot_reminders[bfa989e5-57e3-4bb1-a994-7fead5db234d] raised unexpected: RuntimeError("Task <Task pending name='Task-6' coro=<_send_slot_reminders() running at /home/farrukh/Frontend/p2p/backend/app/tasks/slot_tasks.py:35> cb=[_run_until_complete_cb() at /usr/lib64/python3.14/asyncio/base_events.py:181]> got Future <Future pending cb=[BaseProtocol._on_waiter_completed()]> attached to a different loop")
Traceback (most recent call last):
  File "/home/farrukh/Frontend/p2p/backend/.venv/lib64/python3.14/site-packages/celery/app/trace.py", line 585, in trace_task
    R = retval = fun(*args, **kwargs)
                 ~~~^^^^^^^^^^^^^^^^^
  File "/home/farrukh/Frontend/p2p/backend/.venv/lib64/python3.14/site-packages/celery/app/trace.py", line 858, in __protected_call__
    return self.run(*args, **kwargs)
           ~~~~~~~~^^^^^^^^^^^^^^^^^
  File "/home/farrukh/Frontend/p2p/backend/app/tasks/slot_tasks.py", line 20, in send_slot_reminders
    return asyncio.run(_send_slot_reminders())
           ~~~~~~~~~~~^^^^^^^^^^^^^^^^^^^^^^^^
  File "/usr/lib64/python3.14/asyncio/runners.py", line 204, in run
    return runner.run(main)
           ~~~~~~~~~~^^^^^^
  File "/usr/lib64/python3.14/asyncio/runners.py", line 127, in run
    return self._loop.run_until_complete(task)
           ~~~~~~~~~~~~~~~~~~~~~~~~~~~~~^^^^^^
  File "/usr/lib64/python3.14/asyncio/base_events.py", line 719, in run_until_complete
    return future.result()
           ~~~~~~~~~~~~~^^
  File "/home/farrukh/Frontend/p2p/backend/app/tasks/slot_tasks.py", line 35, in _send_slot_reminders
    slots = (await db.execute(stmt)).scalars().all()
             ^^^^^^^^^^^^^^^^^^^^^^
  File "/home/farrukh/Frontend/p2p/backend/.venv/lib64/python3.14/site-packages/sqlalchemy/ext/asyncio/session.py", line 448, in execute
    result = await greenlet_spawn(
             ^^^^^^^^^^^^^^^^^^^^^
    ...<6 lines>...
    )
    ^
  File "/home/farrukh/Frontend/p2p/backend/.venv/lib64/python3.14/site-packages/sqlalchemy/util/_concurrency_py3k.py", line 201, in greenlet_spawn
    result = context.throw(*sys.exc_info())
  File "/home/farrukh/Frontend/p2p/backend/.venv/lib64/python3.14/site-packages/sqlalchemy/orm/session.py", line 2372, in execute
    return self._execute_internal(
           ~~~~~~~~~~~~~~~~~~~~~~^
        statement,
        ^^^^^^^^^^
    ...<4 lines>...
        _add_event=_add_event,
        ^^^^^^^^^^^^^^^^^^^^^^
    )
    ^
  File "/home/farrukh/Frontend/p2p/backend/.venv/lib64/python3.14/site-packages/sqlalchemy/orm/session.py", line 2260, in _execute_internal
    conn = self._connection_for_bind(bind)
  File "/home/farrukh/Frontend/p2p/backend/.venv/lib64/python3.14/site-packages/sqlalchemy/orm/session.py", line 2112, in _connection_for_bind
    return trans._connection_for_bind(engine, execution_options)
           ~~~~~~~~~~~~~~~~~~~~~~~~~~^^^^^^^^^^^^^^^^^^^^^^^^^^^
  File "<string>", line 2, in _connection_for_bind
  File "/home/farrukh/Frontend/p2p/backend/.venv/lib64/python3.14/site-packages/sqlalchemy/orm/state_changes.py", line 137, in _go
    ret_value = fn(self, *arg, **kw)
  File "/home/farrukh/Frontend/p2p/backend/.venv/lib64/python3.14/site-packages/sqlalchemy/orm/session.py", line 1191, in _connection_for_bind
    conn = bind.connect()
  File "/home/farrukh/Frontend/p2p/backend/.venv/lib64/python3.14/site-packages/sqlalchemy/engine/base.py", line 3295, in connect
    return self._connection_cls(self)
           ~~~~~~~~~~~~~~~~~~~~^^^^^^
  File "/home/farrukh/Frontend/p2p/backend/.venv/lib64/python3.14/site-packages/sqlalchemy/engine/base.py", line 144, in __init__
    self._dbapi_connection = engine.raw_connection()
                             ~~~~~~~~~~~~~~~~~~~~~^^
  File "/home/farrukh/Frontend/p2p/backend/.venv/lib64/python3.14/site-packages/sqlalchemy/engine/base.py", line 3319, in raw_connection
    return self.pool.connect()
           ~~~~~~~~~~~~~~~~~^^
  File "/home/farrukh/Frontend/p2p/backend/.venv/lib64/python3.14/site-packages/sqlalchemy/pool/base.py", line 448, in connect
    return _ConnectionFairy._checkout(self)
           ~~~~~~~~~~~~~~~~~~~~~~~~~~^^^^^^
  File "/home/farrukh/Frontend/p2p/backend/.venv/lib64/python3.14/site-packages/sqlalchemy/pool/base.py", line 1371, in _checkout
    with util.safe_reraise():
         ~~~~~~~~~~~~~~~~~^^
  File "/home/farrukh/Frontend/p2p/backend/.venv/lib64/python3.14/site-packages/sqlalchemy/util/langhelpers.py", line 122, in __exit__
    raise exc_value.with_traceback(exc_tb)
  File "/home/farrukh/Frontend/p2p/backend/.venv/lib64/python3.14/site-packages/sqlalchemy/pool/base.py", line 1309, in _checkout
    result = pool._dialect._do_ping_w_event(
        fairy.dbapi_connection
    )
  File "/home/farrukh/Frontend/p2p/backend/.venv/lib64/python3.14/site-packages/sqlalchemy/engine/default.py", line 729, in _do_ping_w_event
    return self.do_ping(dbapi_connection)
           ~~~~~~~~~~~~^^^^^^^^^^^^^^^^^^
  File "/home/farrukh/Frontend/p2p/backend/.venv/lib64/python3.14/site-packages/sqlalchemy/dialects/postgresql/asyncpg.py", line 1164, in do_ping
    dbapi_connection.ping()
    ~~~~~~~~~~~~~~~~~~~~~^^
  File "/home/farrukh/Frontend/p2p/backend/.venv/lib64/python3.14/site-packages/sqlalchemy/dialects/postgresql/asyncpg.py", line 818, in ping
    self._handle_exception(error)
    ~~~~~~~~~~~~~~~~~~~~~~^^^^^^^
  File "/home/farrukh/Frontend/p2p/backend/.venv/lib64/python3.14/site-packages/sqlalchemy/dialects/postgresql/asyncpg.py", line 799, in _handle_exception
    raise error
  File "/home/farrukh/Frontend/p2p/backend/.venv/lib64/python3.14/site-packages/sqlalchemy/dialects/postgresql/asyncpg.py", line 816, in ping
    _ = self.await_(self._async_ping())
  File "/home/farrukh/Frontend/p2p/backend/.venv/lib64/python3.14/site-packages/sqlalchemy/util/_concurrency_py3k.py", line 132, in await_only
    return current.parent.switch(awaitable)  # type: ignore[no-any-return,attr-defined] # noqa: E501
           ~~~~~~~~~~~~~~~~~~~~~^^^^^^^^^^^
  File "/home/farrukh/Frontend/p2p/backend/.venv/lib64/python3.14/site-packages/sqlalchemy/util/_concurrency_py3k.py", line 196, in greenlet_spawn
    value = await result
            ^^^^^^^^^^^^
  File "/home/farrukh/Frontend/p2p/backend/.venv/lib64/python3.14/site-packages/sqlalchemy/dialects/postgresql/asyncpg.py", line 825, in _async_ping
    await tr.start()
  File "/home/farrukh/Frontend/p2p/backend/.venv/lib64/python3.14/site-packages/asyncpg/transaction.py", line 146, in start
    await self._connection.execute(query)
  File "/home/farrukh/Frontend/p2p/backend/.venv/lib64/python3.14/site-packages/asyncpg/connection.py", line 354, in execute
    result = await self._protocol.query(query, timeout)
             ^^^^^^^^^^^^^^^^^^^^^^^^^^^^^^^^^^^^^^^^^^
  File "asyncpg/protocol/protocol.pyx", line 369, in query
    return await waiter
RuntimeError: Task <Task pending name='Task-6' coro=<_send_slot_reminders() running at /home/farrukh/Frontend/p2p/backend/app/tasks/slot_tasks.py:35> cb=[_run_until_complete_cb() at /usr/lib64/python3.14/asyncio/base_events.py:181]> got Future <Future pending cb=[BaseProtocol._on_waiter_completed()]> attached to a different loop
[2026-06-14 11:06:11,009: INFO/MainProcess] Task app.tasks.slot_tasks.check_absences[3e0fa6cc-aa00-4eca-b2f2-c9ef44a23324] received
[2026-06-14 11:06:11,018: INFO/MainProcess] Task app.tasks.slot_tasks.send_slot_reminders[a8681e63-b749-4bb2-a746-b381ee61f629] received
2026-06-14 11:06:11,037 INFO sqlalchemy.engine.Engine BEGIN (implicit)
[2026-06-14 11:06:11,037: INFO/ForkPoolWorker-15] BEGIN (implicit)
2026-06-14 11:06:11,038 INFO sqlalchemy.engine.Engine SELECT slots.id, slots.reviewer_id, slots.reviewee_id, slots.reviewer_project, slots.reviewee_project, slots.start_time, slots.end_time, slots.actual_start, slots.actual_end, slots.duration_minutes, slots.status, slots.is_online, slots.campus, slots.reviewer_started, slots.reviewee_started, slots.reviewer_finished, slots.reviewee_finished, slots.absent_by, slots.absent_at, slots.cancelled_by, slots.cancel_reason, slots.created_at, slots.updated_at 
FROM slots 
WHERE slots.status = $1::VARCHAR AND slots.start_time < $2::TIMESTAMP WITH TIME ZONE
[2026-06-14 11:06:11,038: INFO/ForkPoolWorker-15] SELECT slots.id, slots.reviewer_id, slots.reviewee_id, slots.reviewer_project, slots.reviewee_project, slots.start_time, slots.end_time, slots.actual_start, slots.actual_end, slots.duration_minutes, slots.status, slots.is_online, slots.campus, slots.reviewer_started, slots.reviewee_started, slots.reviewer_finished, slots.reviewee_finished, slots.absent_by, slots.absent_at, slots.cancelled_by, slots.cancel_reason, slots.created_at, slots.updated_at 
FROM slots 
WHERE slots.status = $1::VARCHAR AND slots.start_time < $2::TIMESTAMP WITH TIME ZONE
2026-06-14 11:06:11,038 INFO sqlalchemy.engine.Engine [cached since 120s ago] ('booked', datetime.datetime(2026, 6, 14, 5, 51, 11, 10935, tzinfo=datetime.timezone.utc))
[2026-06-14 11:06:11,038: INFO/ForkPoolWorker-15] [cached since 120s ago] ('booked', datetime.datetime(2026, 6, 14, 5, 51, 11, 10935, tzinfo=datetime.timezone.utc))
2026-06-14 11:06:11,041 INFO sqlalchemy.engine.Engine ROLLBACK
[2026-06-14 11:06:11,041: INFO/ForkPoolWorker-15] ROLLBACK
[2026-06-14 11:06:11,043: INFO/ForkPoolWorker-15] Task app.tasks.slot_tasks.check_absences[3e0fa6cc-aa00-4eca-b2f2-c9ef44a23324] succeeded in 0.03300481199994465s: 0
2026-06-14 11:06:11,047 INFO sqlalchemy.engine.Engine BEGIN (implicit)
[2026-06-14 11:06:11,047: INFO/ForkPoolWorker-16] BEGIN (implicit)
2026-06-14 11:06:11,047 INFO sqlalchemy.engine.Engine SELECT slots.id, slots.reviewer_id, slots.reviewee_id, slots.reviewer_project, slots.reviewee_project, slots.start_time, slots.end_time, slots.actual_start, slots.actual_end, slots.duration_minutes, slots.status, slots.is_online, slots.campus, slots.reviewer_started, slots.reviewee_started, slots.reviewer_finished, slots.reviewee_finished, slots.absent_by, slots.absent_at, slots.cancelled_by, slots.cancel_reason, slots.created_at, slots.updated_at 
FROM slots 
WHERE slots.status = $1::VARCHAR AND slots.start_time >= $2::TIMESTAMP WITH TIME ZONE AND slots.start_time < $3::TIMESTAMP WITH TIME ZONE
[2026-06-14 11:06:11,047: INFO/ForkPoolWorker-16] SELECT slots.id, slots.reviewer_id, slots.reviewee_id, slots.reviewer_project, slots.reviewee_project, slots.start_time, slots.end_time, slots.actual_start, slots.actual_end, slots.duration_minutes, slots.status, slots.is_online, slots.campus, slots.reviewer_started, slots.reviewee_started, slots.reviewer_finished, slots.reviewee_finished, slots.absent_by, slots.absent_at, slots.cancelled_by, slots.cancel_reason, slots.created_at, slots.updated_at 
FROM slots 
WHERE slots.status = $1::VARCHAR AND slots.start_time >= $2::TIMESTAMP WITH TIME ZONE AND slots.start_time < $3::TIMESTAMP WITH TIME ZONE
2026-06-14 11:06:11,047 INFO sqlalchemy.engine.Engine [cached since 120s ago] ('booked', datetime.datetime(2026, 6, 14, 6, 21, 11, 20659, tzinfo=datetime.timezone.utc), datetime.datetime(2026, 6, 14, 6, 22, 11, 20659, tzinfo=datetime.timezone.utc))
[2026-06-14 11:06:11,047: INFO/ForkPoolWorker-16] [cached since 120s ago] ('booked', datetime.datetime(2026, 6, 14, 6, 21, 11, 20659, tzinfo=datetime.timezone.utc), datetime.datetime(2026, 6, 14, 6, 22, 11, 20659, tzinfo=datetime.timezone.utc))
2026-06-14 11:06:11,050 INFO sqlalchemy.engine.Engine COMMIT
[2026-06-14 11:06:11,050: INFO/ForkPoolWorker-16] COMMIT
[2026-06-14 11:06:11,052: INFO/ForkPoolWorker-16] Task app.tasks.slot_tasks.send_slot_reminders[a8681e63-b749-4bb2-a746-b381ee61f629] succeeded in 0.03324121300011029s: 0
[2026-06-14 11:07:11,010: INFO/MainProcess] Task app.tasks.slot_tasks.check_absences[8ed36625-ccf6-4d69-82ab-bbd8b3c18ce2] received
[2026-06-14 11:07:11,013: ERROR/ForkPoolWorker-15] Exception terminating connection <AdaptedConnection <asyncpg.connection.Connection object at 0x7f04e29756d0>>
Traceback (most recent call last):
  File "/home/farrukh/Frontend/p2p/backend/.venv/lib64/python3.14/site-packages/sqlalchemy/pool/base.py", line 373, in _close_connection
    self._dialect.do_terminate(connection)
    ~~~~~~~~~~~~~~~~~~~~~~~~~~^^^^^^^^^^^^
  File "/home/farrukh/Frontend/p2p/backend/.venv/lib64/python3.14/site-packages/sqlalchemy/dialects/postgresql/asyncpg.py", line 1131, in do_terminate
    dbapi_connection.terminate()
    ~~~~~~~~~~~~~~~~~~~~~~~~~~^^
  File "/home/farrukh/Frontend/p2p/backend/.venv/lib64/python3.14/site-packages/sqlalchemy/connectors/asyncio.py", line 402, in terminate
    self.await_(asyncio.shield(self._terminate_graceful_close()))  # type: ignore[attr-defined] # noqa: E501
    ~~~~~~~~~~~^^^^^^^^^^^^^^^^^^^^^^^^^^^^^^^^^^^^^^^^^^^^^^^^^^
  File "/home/farrukh/Frontend/p2p/backend/.venv/lib64/python3.14/site-packages/sqlalchemy/util/_concurrency_py3k.py", line 132, in await_only
    return current.parent.switch(awaitable)  # type: ignore[no-any-return,attr-defined] # noqa: E501
           ~~~~~~~~~~~~~~~~~~~~~^^^^^^^^^^^
  File "/home/farrukh/Frontend/p2p/backend/.venv/lib64/python3.14/site-packages/sqlalchemy/util/_concurrency_py3k.py", line 196, in greenlet_spawn
    value = await result
            ^^^^^^^^^^^^
  File "/home/farrukh/Frontend/p2p/backend/.venv/lib64/python3.14/site-packages/sqlalchemy/dialects/postgresql/asyncpg.py", line 912, in _terminate_graceful_close
    await self._connection.close(timeout=2)
  File "/home/farrukh/Frontend/p2p/backend/.venv/lib64/python3.14/site-packages/asyncpg/connection.py", line 1513, in close
    await self._protocol.close(timeout)
  File "asyncpg/protocol/protocol.pyx", line 617, in close
    self._request_cancel()
  File "asyncpg/protocol/protocol.pyx", line 650, in asyncpg.protocol.protocol.BaseProtocol._request_cancel
    con._cancel_current_command(self.cancel_sent_waiter)
  File "/home/farrukh/Frontend/p2p/backend/.venv/lib64/python3.14/site-packages/asyncpg/connection.py", line 1682, in _cancel_current_command
    self._cancellations.add(self._loop.create_task(self._cancel(waiter)))
                            ~~~~~~~~~~~~~~~~~~~~~~^^^^^^^^^^^^^^^^^^^^^^
  File "/usr/lib64/python3.14/asyncio/base_events.py", line 466, in create_task
    self._check_closed()
    ~~~~~~~~~~~~~~~~~~^^
  File "/usr/lib64/python3.14/asyncio/base_events.py", line 550, in _check_closed
    raise RuntimeError('Event loop is closed')
RuntimeError: Event loop is closed
[2026-06-14 11:07:11,018: WARNING/ForkPoolWorker-15] /home/farrukh/Frontend/p2p/backend/.venv/lib64/python3.14/site-packages/billiard/einfo.py:27: RuntimeWarning: coroutine 'Connection._cancel' was never awaited
  self._co_positions = list(code.co_positions())

[2026-06-14 11:07:11,019: INFO/MainProcess] Task app.tasks.slot_tasks.send_slot_reminders[9525d7d1-2dc6-4123-916b-a35ecf72edd5] received
[2026-06-14 11:07:11,021: ERROR/ForkPoolWorker-16] Exception terminating connection <AdaptedConnection <asyncpg.connection.Connection object at 0x7f04e2975130>>
Traceback (most recent call last):
  File "/home/farrukh/Frontend/p2p/backend/.venv/lib64/python3.14/site-packages/sqlalchemy/pool/base.py", line 373, in _close_connection
    self._dialect.do_terminate(connection)
    ~~~~~~~~~~~~~~~~~~~~~~~~~~^^^^^^^^^^^^
  File "/home/farrukh/Frontend/p2p/backend/.venv/lib64/python3.14/site-packages/sqlalchemy/dialects/postgresql/asyncpg.py", line 1131, in do_terminate
    dbapi_connection.terminate()
    ~~~~~~~~~~~~~~~~~~~~~~~~~~^^
  File "/home/farrukh/Frontend/p2p/backend/.venv/lib64/python3.14/site-packages/sqlalchemy/connectors/asyncio.py", line 402, in terminate
    self.await_(asyncio.shield(self._terminate_graceful_close()))  # type: ignore[attr-defined] # noqa: E501
    ~~~~~~~~~~~^^^^^^^^^^^^^^^^^^^^^^^^^^^^^^^^^^^^^^^^^^^^^^^^^^
  File "/home/farrukh/Frontend/p2p/backend/.venv/lib64/python3.14/site-packages/sqlalchemy/util/_concurrency_py3k.py", line 132, in await_only
    return current.parent.switch(awaitable)  # type: ignore[no-any-return,attr-defined] # noqa: E501
           ~~~~~~~~~~~~~~~~~~~~~^^^^^^^^^^^
  File "/home/farrukh/Frontend/p2p/backend/.venv/lib64/python3.14/site-packages/sqlalchemy/util/_concurrency_py3k.py", line 196, in greenlet_spawn
    value = await result
            ^^^^^^^^^^^^
  File "/home/farrukh/Frontend/p2p/backend/.venv/lib64/python3.14/site-packages/sqlalchemy/dialects/postgresql/asyncpg.py", line 912, in _terminate_graceful_close
    await self._connection.close(timeout=2)
  File "/home/farrukh/Frontend/p2p/backend/.venv/lib64/python3.14/site-packages/asyncpg/connection.py", line 1513, in close
    await self._protocol.close(timeout)
  File "asyncpg/protocol/protocol.pyx", line 617, in close
    self._request_cancel()
  File "asyncpg/protocol/protocol.pyx", line 650, in asyncpg.protocol.protocol.BaseProtocol._request_cancel
    con._cancel_current_command(self.cancel_sent_waiter)
  File "/home/farrukh/Frontend/p2p/backend/.venv/lib64/python3.14/site-packages/asyncpg/connection.py", line 1682, in _cancel_current_command
    self._cancellations.add(self._loop.create_task(self._cancel(waiter)))
                            ~~~~~~~~~~~~~~~~~~~~~~^^^^^^^^^^^^^^^^^^^^^^
  File "/usr/lib64/python3.14/asyncio/base_events.py", line 466, in create_task
    self._check_closed()
    ~~~~~~~~~~~~~~~~~~^^
  File "/usr/lib64/python3.14/asyncio/base_events.py", line 550, in _check_closed
    raise RuntimeError('Event loop is closed')
RuntimeError: Event loop is closed
[2026-06-14 11:07:11,022: ERROR/ForkPoolWorker-15] Task app.tasks.slot_tasks.check_absences[8ed36625-ccf6-4d69-82ab-bbd8b3c18ce2] raised unexpected: RuntimeError("Task <Task pending name='Task-16' coro=<_check_absences() running at /home/farrukh/Frontend/p2p/backend/app/tasks/slot_tasks.py:70> cb=[_run_until_complete_cb() at /usr/lib64/python3.14/asyncio/base_events.py:181]> got Future <Future pending cb=[BaseProtocol._on_waiter_completed()]> attached to a different loop")
Traceback (most recent call last):
  File "/home/farrukh/Frontend/p2p/backend/.venv/lib64/python3.14/site-packages/celery/app/trace.py", line 585, in trace_task
    R = retval = fun(*args, **kwargs)
                 ~~~^^^^^^^^^^^^^^^^^
  File "/home/farrukh/Frontend/p2p/backend/.venv/lib64/python3.14/site-packages/celery/app/trace.py", line 858, in __protected_call__
    return self.run(*args, **kwargs)
           ~~~~~~~~^^^^^^^^^^^^^^^^^
  File "/home/farrukh/Frontend/p2p/backend/app/tasks/slot_tasks.py", line 58, in check_absences
    return asyncio.run(_check_absences())
           ~~~~~~~~~~~^^^^^^^^^^^^^^^^^^^
  File "/usr/lib64/python3.14/asyncio/runners.py", line 204, in run
    return runner.run(main)
           ~~~~~~~~~~^^^^^^
  File "/usr/lib64/python3.14/asyncio/runners.py", line 127, in run
    return self._loop.run_until_complete(task)
           ~~~~~~~~~~~~~~~~~~~~~~~~~~~~~^^^^^^
  File "/usr/lib64/python3.14/asyncio/base_events.py", line 719, in run_until_complete
    return future.result()
           ~~~~~~~~~~~~~^^
  File "/home/farrukh/Frontend/p2p/backend/app/tasks/slot_tasks.py", line 70, in _check_absences
    slots = (await db.execute(stmt)).scalars().all()
             ^^^^^^^^^^^^^^^^^^^^^^
  File "/home/farrukh/Frontend/p2p/backend/.venv/lib64/python3.14/site-packages/sqlalchemy/ext/asyncio/session.py", line 448, in execute
    result = await greenlet_spawn(
             ^^^^^^^^^^^^^^^^^^^^^
    ...<6 lines>...
    )
    ^
  File "/home/farrukh/Frontend/p2p/backend/.venv/lib64/python3.14/site-packages/sqlalchemy/util/_concurrency_py3k.py", line 201, in greenlet_spawn
    result = context.throw(*sys.exc_info())
  File "/home/farrukh/Frontend/p2p/backend/.venv/lib64/python3.14/site-packages/sqlalchemy/orm/session.py", line 2372, in execute
    return self._execute_internal(
           ~~~~~~~~~~~~~~~~~~~~~~^
        statement,
        ^^^^^^^^^^
    ...<4 lines>...
        _add_event=_add_event,
        ^^^^^^^^^^^^^^^^^^^^^^
    )
    ^
  File "/home/farrukh/Frontend/p2p/backend/.venv/lib64/python3.14/site-packages/sqlalchemy/orm/session.py", line 2260, in _execute_internal
    conn = self._connection_for_bind(bind)
  File "/home/farrukh/Frontend/p2p/backend/.venv/lib64/python3.14/site-packages/sqlalchemy/orm/session.py", line 2112, in _connection_for_bind
    return trans._connection_for_bind(engine, execution_options)
           ~~~~~~~~~~~~~~~~~~~~~~~~~~^^^^^^^^^^^^^^^^^^^^^^^^^^^
  File "<string>", line 2, in _connection_for_bind
  File "/home/farrukh/Frontend/p2p/backend/.venv/lib64/python3.14/site-packages/sqlalchemy/orm/state_changes.py", line 137, in _go
    ret_value = fn(self, *arg, **kw)
  File "/home/farrukh/Frontend/p2p/backend/.venv/lib64/python3.14/site-packages/sqlalchemy/orm/session.py", line 1191, in _connection_for_bind
    conn = bind.connect()
  File "/home/farrukh/Frontend/p2p/backend/.venv/lib64/python3.14/site-packages/sqlalchemy/engine/base.py", line 3295, in connect
    return self._connection_cls(self)
           ~~~~~~~~~~~~~~~~~~~~^^^^^^
  File "/home/farrukh/Frontend/p2p/backend/.venv/lib64/python3.14/site-packages/sqlalchemy/engine/base.py", line 144, in __init__
    self._dbapi_connection = engine.raw_connection()
                             ~~~~~~~~~~~~~~~~~~~~~^^
  File "/home/farrukh/Frontend/p2p/backend/.venv/lib64/python3.14/site-packages/sqlalchemy/engine/base.py", line 3319, in raw_connection
    return self.pool.connect()
           ~~~~~~~~~~~~~~~~~^^
  File "/home/farrukh/Frontend/p2p/backend/.venv/lib64/python3.14/site-packages/sqlalchemy/pool/base.py", line 448, in connect
    return _ConnectionFairy._checkout(self)
           ~~~~~~~~~~~~~~~~~~~~~~~~~~^^^^^^
  File "/home/farrukh/Frontend/p2p/backend/.venv/lib64/python3.14/site-packages/sqlalchemy/pool/base.py", line 1371, in _checkout
    with util.safe_reraise():
         ~~~~~~~~~~~~~~~~~^^
  File "/home/farrukh/Frontend/p2p/backend/.venv/lib64/python3.14/site-packages/sqlalchemy/util/langhelpers.py", line 122, in __exit__
    raise exc_value.with_traceback(exc_tb)
  File "/home/farrukh/Frontend/p2p/backend/.venv/lib64/python3.14/site-packages/sqlalchemy/pool/base.py", line 1309, in _checkout
    result = pool._dialect._do_ping_w_event(
        fairy.dbapi_connection
    )
  File "/home/farrukh/Frontend/p2p/backend/.venv/lib64/python3.14/site-packages/sqlalchemy/engine/default.py", line 729, in _do_ping_w_event
    return self.do_ping(dbapi_connection)
           ~~~~~~~~~~~~^^^^^^^^^^^^^^^^^^
  File "/home/farrukh/Frontend/p2p/backend/.venv/lib64/python3.14/site-packages/sqlalchemy/dialects/postgresql/asyncpg.py", line 1164, in do_ping
    dbapi_connection.ping()
    ~~~~~~~~~~~~~~~~~~~~~^^
  File "/home/farrukh/Frontend/p2p/backend/.venv/lib64/python3.14/site-packages/sqlalchemy/dialects/postgresql/asyncpg.py", line 818, in ping
    self._handle_exception(error)
    ~~~~~~~~~~~~~~~~~~~~~~^^^^^^^
  File "/home/farrukh/Frontend/p2p/backend/.venv/lib64/python3.14/site-packages/sqlalchemy/dialects/postgresql/asyncpg.py", line 799, in _handle_exception
    raise error
  File "/home/farrukh/Frontend/p2p/backend/.venv/lib64/python3.14/site-packages/sqlalchemy/dialects/postgresql/asyncpg.py", line 816, in ping
    _ = self.await_(self._async_ping())
  File "/home/farrukh/Frontend/p2p/backend/.venv/lib64/python3.14/site-packages/sqlalchemy/util/_concurrency_py3k.py", line 132, in await_only
    return current.parent.switch(awaitable)  # type: ignore[no-any-return,attr-defined] # noqa: E501
           ~~~~~~~~~~~~~~~~~~~~~^^^^^^^^^^^
  File "/home/farrukh/Frontend/p2p/backend/.venv/lib64/python3.14/site-packages/sqlalchemy/util/_concurrency_py3k.py", line 196, in greenlet_spawn
    value = await result
            ^^^^^^^^^^^^
  File "/home/farrukh/Frontend/p2p/backend/.venv/lib64/python3.14/site-packages/sqlalchemy/dialects/postgresql/asyncpg.py", line 825, in _async_ping
    await tr.start()
  File "/home/farrukh/Frontend/p2p/backend/.venv/lib64/python3.14/site-packages/asyncpg/transaction.py", line 146, in start
    await self._connection.execute(query)
  File "/home/farrukh/Frontend/p2p/backend/.venv/lib64/python3.14/site-packages/asyncpg/connection.py", line 354, in execute
    result = await self._protocol.query(query, timeout)
             ^^^^^^^^^^^^^^^^^^^^^^^^^^^^^^^^^^^^^^^^^^
  File "asyncpg/protocol/protocol.pyx", line 369, in query
    return await waiter
RuntimeError: Task <Task pending name='Task-16' coro=<_check_absences() running at /home/farrukh/Frontend/p2p/backend/app/tasks/slot_tasks.py:70> cb=[_run_until_complete_cb() at /usr/lib64/python3.14/asyncio/base_events.py:181]> got Future <Future pending cb=[BaseProtocol._on_waiter_completed()]> attached to a different loop
[2026-06-14 11:07:11,026: WARNING/ForkPoolWorker-16] /home/farrukh/Frontend/p2p/backend/.venv/lib64/python3.14/site-packages/billiard/einfo.py:27: RuntimeWarning: coroutine 'Connection._cancel' was never awaited
  self._co_positions = list(code.co_positions())

[2026-06-14 11:07:11,031: ERROR/ForkPoolWorker-16] Task app.tasks.slot_tasks.send_slot_reminders[9525d7d1-2dc6-4123-916b-a35ecf72edd5] raised unexpected: RuntimeError("Task <Task pending name='Task-16' coro=<_send_slot_reminders() running at /home/farrukh/Frontend/p2p/backend/app/tasks/slot_tasks.py:35> cb=[_run_until_complete_cb() at /usr/lib64/python3.14/asyncio/base_events.py:181]> got Future <Future pending cb=[BaseProtocol._on_waiter_completed()]> attached to a different loop")
Traceback (most recent call last):
  File "/home/farrukh/Frontend/p2p/backend/.venv/lib64/python3.14/site-packages/celery/app/trace.py", line 585, in trace_task
    R = retval = fun(*args, **kwargs)
                 ~~~^^^^^^^^^^^^^^^^^
  File "/home/farrukh/Frontend/p2p/backend/.venv/lib64/python3.14/site-packages/celery/app/trace.py", line 858, in __protected_call__
    return self.run(*args, **kwargs)
           ~~~~~~~~^^^^^^^^^^^^^^^^^
  File "/home/farrukh/Frontend/p2p/backend/app/tasks/slot_tasks.py", line 20, in send_slot_reminders
    return asyncio.run(_send_slot_reminders())
           ~~~~~~~~~~~^^^^^^^^^^^^^^^^^^^^^^^^
  File "/usr/lib64/python3.14/asyncio/runners.py", line 204, in run
    return runner.run(main)
           ~~~~~~~~~~^^^^^^
  File "/usr/lib64/python3.14/asyncio/runners.py", line 127, in run
    return self._loop.run_until_complete(task)
           ~~~~~~~~~~~~~~~~~~~~~~~~~~~~~^^^^^^
  File "/usr/lib64/python3.14/asyncio/base_events.py", line 719, in run_until_complete
    return future.result()
           ~~~~~~~~~~~~~^^
  File "/home/farrukh/Frontend/p2p/backend/app/tasks/slot_tasks.py", line 35, in _send_slot_reminders
    slots = (await db.execute(stmt)).scalars().all()
             ^^^^^^^^^^^^^^^^^^^^^^
  File "/home/farrukh/Frontend/p2p/backend/.venv/lib64/python3.14/site-packages/sqlalchemy/ext/asyncio/session.py", line 448, in execute
    result = await greenlet_spawn(
             ^^^^^^^^^^^^^^^^^^^^^
    ...<6 lines>...
    )
    ^
  File "/home/farrukh/Frontend/p2p/backend/.venv/lib64/python3.14/site-packages/sqlalchemy/util/_concurrency_py3k.py", line 201, in greenlet_spawn
    result = context.throw(*sys.exc_info())
  File "/home/farrukh/Frontend/p2p/backend/.venv/lib64/python3.14/site-packages/sqlalchemy/orm/session.py", line 2372, in execute
    return self._execute_internal(
           ~~~~~~~~~~~~~~~~~~~~~~^
        statement,
        ^^^^^^^^^^
    ...<4 lines>...
        _add_event=_add_event,
        ^^^^^^^^^^^^^^^^^^^^^^
    )
    ^
  File "/home/farrukh/Frontend/p2p/backend/.venv/lib64/python3.14/site-packages/sqlalchemy/orm/session.py", line 2260, in _execute_internal
    conn = self._connection_for_bind(bind)
  File "/home/farrukh/Frontend/p2p/backend/.venv/lib64/python3.14/site-packages/sqlalchemy/orm/session.py", line 2112, in _connection_for_bind
    return trans._connection_for_bind(engine, execution_options)
           ~~~~~~~~~~~~~~~~~~~~~~~~~~^^^^^^^^^^^^^^^^^^^^^^^^^^^
  File "<string>", line 2, in _connection_for_bind
  File "/home/farrukh/Frontend/p2p/backend/.venv/lib64/python3.14/site-packages/sqlalchemy/orm/state_changes.py", line 137, in _go
    ret_value = fn(self, *arg, **kw)
  File "/home/farrukh/Frontend/p2p/backend/.venv/lib64/python3.14/site-packages/sqlalchemy/orm/session.py", line 1191, in _connection_for_bind
    conn = bind.connect()
  File "/home/farrukh/Frontend/p2p/backend/.venv/lib64/python3.14/site-packages/sqlalchemy/engine/base.py", line 3295, in connect
    return self._connection_cls(self)
           ~~~~~~~~~~~~~~~~~~~~^^^^^^
  File "/home/farrukh/Frontend/p2p/backend/.venv/lib64/python3.14/site-packages/sqlalchemy/engine/base.py", line 144, in __init__
    self._dbapi_connection = engine.raw_connection()
                             ~~~~~~~~~~~~~~~~~~~~~^^
  File "/home/farrukh/Frontend/p2p/backend/.venv/lib64/python3.14/site-packages/sqlalchemy/engine/base.py", line 3319, in raw_connection
    return self.pool.connect()
           ~~~~~~~~~~~~~~~~~^^
  File "/home/farrukh/Frontend/p2p/backend/.venv/lib64/python3.14/site-packages/sqlalchemy/pool/base.py", line 448, in connect
    return _ConnectionFairy._checkout(self)
           ~~~~~~~~~~~~~~~~~~~~~~~~~~^^^^^^
  File "/home/farrukh/Frontend/p2p/backend/.venv/lib64/python3.14/site-packages/sqlalchemy/pool/base.py", line 1371, in _checkout
    with util.safe_reraise():
         ~~~~~~~~~~~~~~~~~^^
  File "/home/farrukh/Frontend/p2p/backend/.venv/lib64/python3.14/site-packages/sqlalchemy/util/langhelpers.py", line 122, in __exit__
    raise exc_value.with_traceback(exc_tb)
  File "/home/farrukh/Frontend/p2p/backend/.venv/lib64/python3.14/site-packages/sqlalchemy/pool/base.py", line 1309, in _checkout
    result = pool._dialect._do_ping_w_event(
        fairy.dbapi_connection
    )
  File "/home/farrukh/Frontend/p2p/backend/.venv/lib64/python3.14/site-packages/sqlalchemy/engine/default.py", line 729, in _do_ping_w_event
    return self.do_ping(dbapi_connection)
           ~~~~~~~~~~~~^^^^^^^^^^^^^^^^^^
  File "/home/farrukh/Frontend/p2p/backend/.venv/lib64/python3.14/site-packages/sqlalchemy/dialects/postgresql/asyncpg.py", line 1164, in do_ping
    dbapi_connection.ping()
    ~~~~~~~~~~~~~~~~~~~~~^^
  File "/home/farrukh/Frontend/p2p/backend/.venv/lib64/python3.14/site-packages/sqlalchemy/dialects/postgresql/asyncpg.py", line 818, in ping
    self._handle_exception(error)
    ~~~~~~~~~~~~~~~~~~~~~~^^^^^^^
  File "/home/farrukh/Frontend/p2p/backend/.venv/lib64/python3.14/site-packages/sqlalchemy/dialects/postgresql/asyncpg.py", line 799, in _handle_exception
    raise error
  File "/home/farrukh/Frontend/p2p/backend/.venv/lib64/python3.14/site-packages/sqlalchemy/dialects/postgresql/asyncpg.py", line 816, in ping
    _ = self.await_(self._async_ping())
  File "/home/farrukh/Frontend/p2p/backend/.venv/lib64/python3.14/site-packages/sqlalchemy/util/_concurrency_py3k.py", line 132, in await_only
    return current.parent.switch(awaitable)  # type: ignore[no-any-return,attr-defined] # noqa: E501
           ~~~~~~~~~~~~~~~~~~~~~^^^^^^^^^^^
  File "/home/farrukh/Frontend/p2p/backend/.venv/lib64/python3.14/site-packages/sqlalchemy/util/_concurrency_py3k.py", line 196, in greenlet_spawn
    value = await result
            ^^^^^^^^^^^^
  File "/home/farrukh/Frontend/p2p/backend/.venv/lib64/python3.14/site-packages/sqlalchemy/dialects/postgresql/asyncpg.py", line 825, in _async_ping
    await tr.start()
  File "/home/farrukh/Frontend/p2p/backend/.venv/lib64/python3.14/site-packages/asyncpg/transaction.py", line 146, in start
    await self._connection.execute(query)
  File "/home/farrukh/Frontend/p2p/backend/.venv/lib64/python3.14/site-packages/asyncpg/connection.py", line 354, in execute
    result = await self._protocol.query(query, timeout)
             ^^^^^^^^^^^^^^^^^^^^^^^^^^^^^^^^^^^^^^^^^^
  File "asyncpg/protocol/protocol.pyx", line 369, in query
    return await waiter
RuntimeError: Task <Task pending name='Task-16' coro=<_send_slot_reminders() running at /home/farrukh/Frontend/p2p/backend/app/tasks/slot_tasks.py:35> cb=[_run_until_complete_cb() at /usr/lib64/python3.14/asyncio/base_events.py:181]> got Future <Future pending cb=[BaseProtocol._on_waiter_completed()]> attached to a different loop
[2026-06-14 11:08:11,009: INFO/MainProcess] Task app.tasks.slot_tasks.check_absences[18abb9d7-1d56-4748-b5e3-d5411ac2c1e6] received
[2026-06-14 11:08:11,019: INFO/MainProcess] Task app.tasks.slot_tasks.send_slot_reminders[86b8eee3-674b-4f11-bdb2-8df446469c11] received
2026-06-14 11:08:11,039 INFO sqlalchemy.engine.Engine BEGIN (implicit)
[2026-06-14 11:08:11,039: INFO/ForkPoolWorker-15] BEGIN (implicit)
2026-06-14 11:08:11,040 INFO sqlalchemy.engine.Engine SELECT slots.id, slots.reviewer_id, slots.reviewee_id, slots.reviewer_project, slots.reviewee_project, slots.start_time, slots.end_time, slots.actual_start, slots.actual_end, slots.duration_minutes, slots.status, slots.is_online, slots.campus, slots.reviewer_started, slots.reviewee_started, slots.reviewer_finished, slots.reviewee_finished, slots.absent_by, slots.absent_at, slots.cancelled_by, slots.cancel_reason, slots.created_at, slots.updated_at 
FROM slots 
WHERE slots.status = $1::VARCHAR AND slots.start_time < $2::TIMESTAMP WITH TIME ZONE
[2026-06-14 11:08:11,040: INFO/ForkPoolWorker-15] SELECT slots.id, slots.reviewer_id, slots.reviewee_id, slots.reviewer_project, slots.reviewee_project, slots.start_time, slots.end_time, slots.actual_start, slots.actual_end, slots.duration_minutes, slots.status, slots.is_online, slots.campus, slots.reviewer_started, slots.reviewee_started, slots.reviewer_finished, slots.reviewee_finished, slots.absent_by, slots.absent_at, slots.cancelled_by, slots.cancel_reason, slots.created_at, slots.updated_at 
FROM slots 
WHERE slots.status = $1::VARCHAR AND slots.start_time < $2::TIMESTAMP WITH TIME ZONE
2026-06-14 11:08:11,040 INFO sqlalchemy.engine.Engine [cached since 240s ago] ('booked', datetime.datetime(2026, 6, 14, 5, 53, 11, 12097, tzinfo=datetime.timezone.utc))
[2026-06-14 11:08:11,040: INFO/ForkPoolWorker-15] [cached since 240s ago] ('booked', datetime.datetime(2026, 6, 14, 5, 53, 11, 12097, tzinfo=datetime.timezone.utc))
2026-06-14 11:08:11,043 INFO sqlalchemy.engine.Engine ROLLBACK
[2026-06-14 11:08:11,043: INFO/ForkPoolWorker-15] ROLLBACK
[2026-06-14 11:08:11,045: INFO/ForkPoolWorker-15] Task app.tasks.slot_tasks.check_absences[18abb9d7-1d56-4748-b5e3-d5411ac2c1e6] succeeded in 0.034557563999896956s: 0
2026-06-14 11:08:11,047 INFO sqlalchemy.engine.Engine BEGIN (implicit)
[2026-06-14 11:08:11,047: INFO/ForkPoolWorker-16] BEGIN (implicit)
2026-06-14 11:08:11,047 INFO sqlalchemy.engine.Engine SELECT slots.id, slots.reviewer_id, slots.reviewee_id, slots.reviewer_project, slots.reviewee_project, slots.start_time, slots.end_time, slots.actual_start, slots.actual_end, slots.duration_minutes, slots.status, slots.is_online, slots.campus, slots.reviewer_started, slots.reviewee_started, slots.reviewer_finished, slots.reviewee_finished, slots.absent_by, slots.absent_at, slots.cancelled_by, slots.cancel_reason, slots.created_at, slots.updated_at 
FROM slots 
WHERE slots.status = $1::VARCHAR AND slots.start_time >= $2::TIMESTAMP WITH TIME ZONE AND slots.start_time < $3::TIMESTAMP WITH TIME ZONE
[2026-06-14 11:08:11,047: INFO/ForkPoolWorker-16] SELECT slots.id, slots.reviewer_id, slots.reviewee_id, slots.reviewer_project, slots.reviewee_project, slots.start_time, slots.end_time, slots.actual_start, slots.actual_end, slots.duration_minutes, slots.status, slots.is_online, slots.campus, slots.reviewer_started, slots.reviewee_started, slots.reviewer_finished, slots.reviewee_finished, slots.absent_by, slots.absent_at, slots.cancelled_by, slots.cancel_reason, slots.created_at, slots.updated_at 
FROM slots 
WHERE slots.status = $1::VARCHAR AND slots.start_time >= $2::TIMESTAMP WITH TIME ZONE AND slots.start_time < $3::TIMESTAMP WITH TIME ZONE
2026-06-14 11:08:11,047 INFO sqlalchemy.engine.Engine [cached since 240s ago] ('booked', datetime.datetime(2026, 6, 14, 6, 23, 11, 20907, tzinfo=datetime.timezone.utc), datetime.datetime(2026, 6, 14, 6, 24, 11, 20907, tzinfo=datetime.timezone.utc))
[2026-06-14 11:08:11,047: INFO/ForkPoolWorker-16] [cached since 240s ago] ('booked', datetime.datetime(2026, 6, 14, 6, 23, 11, 20907, tzinfo=datetime.timezone.utc), datetime.datetime(2026, 6, 14, 6, 24, 11, 20907, tzinfo=datetime.timezone.utc))
2026-06-14 11:08:11,050 INFO sqlalchemy.engine.Engine COMMIT
[2026-06-14 11:08:11,050: INFO/ForkPoolWorker-16] COMMIT
[2026-06-14 11:08:11,052: INFO/ForkPoolWorker-16] Task app.tasks.slot_tasks.send_slot_reminders[86b8eee3-674b-4f11-bdb2-8df446469c11] succeeded in 0.03241792800008625s: 0
[2026-06-14 11:09:11,009: INFO/MainProcess] Task app.tasks.slot_tasks.check_absences[6fd3bc49-3157-44f5-ae97-358b1ae8faee] received
[2026-06-14 11:09:11,012: ERROR/ForkPoolWorker-15] Exception terminating connection <AdaptedConnection <asyncpg.connection.Connection object at 0x7f04e28e14f0>>
Traceback (most recent call last):
  File "/home/farrukh/Frontend/p2p/backend/.venv/lib64/python3.14/site-packages/sqlalchemy/pool/base.py", line 373, in _close_connection
    self._dialect.do_terminate(connection)
    ~~~~~~~~~~~~~~~~~~~~~~~~~~^^^^^^^^^^^^
  File "/home/farrukh/Frontend/p2p/backend/.venv/lib64/python3.14/site-packages/sqlalchemy/dialects/postgresql/asyncpg.py", line 1131, in do_terminate
    dbapi_connection.terminate()
    ~~~~~~~~~~~~~~~~~~~~~~~~~~^^
  File "/home/farrukh/Frontend/p2p/backend/.venv/lib64/python3.14/site-packages/sqlalchemy/connectors/asyncio.py", line 402, in terminate
    self.await_(asyncio.shield(self._terminate_graceful_close()))  # type: ignore[attr-defined] # noqa: E501
    ~~~~~~~~~~~^^^^^^^^^^^^^^^^^^^^^^^^^^^^^^^^^^^^^^^^^^^^^^^^^^
  File "/home/farrukh/Frontend/p2p/backend/.venv/lib64/python3.14/site-packages/sqlalchemy/util/_concurrency_py3k.py", line 132, in await_only
    return current.parent.switch(awaitable)  # type: ignore[no-any-return,attr-defined] # noqa: E501
           ~~~~~~~~~~~~~~~~~~~~~^^^^^^^^^^^
  File "/home/farrukh/Frontend/p2p/backend/.venv/lib64/python3.14/site-packages/sqlalchemy/util/_concurrency_py3k.py", line 196, in greenlet_spawn
    value = await result
            ^^^^^^^^^^^^
  File "/home/farrukh/Frontend/p2p/backend/.venv/lib64/python3.14/site-packages/sqlalchemy/dialects/postgresql/asyncpg.py", line 912, in _terminate_graceful_close
    await self._connection.close(timeout=2)
  File "/home/farrukh/Frontend/p2p/backend/.venv/lib64/python3.14/site-packages/asyncpg/connection.py", line 1513, in close
    await self._protocol.close(timeout)
  File "asyncpg/protocol/protocol.pyx", line 617, in close
    self._request_cancel()
  File "asyncpg/protocol/protocol.pyx", line 650, in asyncpg.protocol.protocol.BaseProtocol._request_cancel
    con._cancel_current_command(self.cancel_sent_waiter)
  File "/home/farrukh/Frontend/p2p/backend/.venv/lib64/python3.14/site-packages/asyncpg/connection.py", line 1682, in _cancel_current_command
    self._cancellations.add(self._loop.create_task(self._cancel(waiter)))
                            ~~~~~~~~~~~~~~~~~~~~~~^^^^^^^^^^^^^^^^^^^^^^
  File "/usr/lib64/python3.14/asyncio/base_events.py", line 466, in create_task
    self._check_closed()
    ~~~~~~~~~~~~~~~~~~^^
  File "/usr/lib64/python3.14/asyncio/base_events.py", line 550, in _check_closed
    raise RuntimeError('Event loop is closed')
RuntimeError: Event loop is closed
[2026-06-14 11:09:11,018: INFO/MainProcess] Task app.tasks.slot_tasks.send_slot_reminders[9faf43c9-908c-4aee-948f-37a5856ad1d1] received
[2026-06-14 11:09:11,018: ERROR/ForkPoolWorker-15] Task app.tasks.slot_tasks.check_absences[6fd3bc49-3157-44f5-ae97-358b1ae8faee] raised unexpected: RuntimeError("Task <Task pending name='Task-26' coro=<_check_absences() running at /home/farrukh/Frontend/p2p/backend/app/tasks/slot_tasks.py:70> cb=[_run_until_complete_cb() at /usr/lib64/python3.14/asyncio/base_events.py:181]> got Future <Future pending cb=[BaseProtocol._on_waiter_completed()]> attached to a different loop")
Traceback (most recent call last):
  File "/home/farrukh/Frontend/p2p/backend/.venv/lib64/python3.14/site-packages/celery/app/trace.py", line 585, in trace_task
    R = retval = fun(*args, **kwargs)
                 ~~~^^^^^^^^^^^^^^^^^
  File "/home/farrukh/Frontend/p2p/backend/.venv/lib64/python3.14/site-packages/celery/app/trace.py", line 858, in __protected_call__
    return self.run(*args, **kwargs)
           ~~~~~~~~^^^^^^^^^^^^^^^^^
  File "/home/farrukh/Frontend/p2p/backend/app/tasks/slot_tasks.py", line 58, in check_absences
    return asyncio.run(_check_absences())
           ~~~~~~~~~~~^^^^^^^^^^^^^^^^^^^
  File "/usr/lib64/python3.14/asyncio/runners.py", line 204, in run
    return runner.run(main)
           ~~~~~~~~~~^^^^^^
  File "/usr/lib64/python3.14/asyncio/runners.py", line 127, in run
    return self._loop.run_until_complete(task)
           ~~~~~~~~~~~~~~~~~~~~~~~~~~~~~^^^^^^
  File "/usr/lib64/python3.14/asyncio/base_events.py", line 719, in run_until_complete
    return future.result()
           ~~~~~~~~~~~~~^^
  File "/home/farrukh/Frontend/p2p/backend/app/tasks/slot_tasks.py", line 70, in _check_absences
    slots = (await db.execute(stmt)).scalars().all()
             ^^^^^^^^^^^^^^^^^^^^^^
  File "/home/farrukh/Frontend/p2p/backend/.venv/lib64/python3.14/site-packages/sqlalchemy/ext/asyncio/session.py", line 448, in execute
    result = await greenlet_spawn(
             ^^^^^^^^^^^^^^^^^^^^^
    ...<6 lines>...
    )
    ^
  File "/home/farrukh/Frontend/p2p/backend/.venv/lib64/python3.14/site-packages/sqlalchemy/util/_concurrency_py3k.py", line 201, in greenlet_spawn
    result = context.throw(*sys.exc_info())
  File "/home/farrukh/Frontend/p2p/backend/.venv/lib64/python3.14/site-packages/sqlalchemy/orm/session.py", line 2372, in execute
    return self._execute_internal(
           ~~~~~~~~~~~~~~~~~~~~~~^
        statement,
        ^^^^^^^^^^
    ...<4 lines>...
        _add_event=_add_event,
        ^^^^^^^^^^^^^^^^^^^^^^
    )
    ^
  File "/home/farrukh/Frontend/p2p/backend/.venv/lib64/python3.14/site-packages/sqlalchemy/orm/session.py", line 2260, in _execute_internal
    conn = self._connection_for_bind(bind)
  File "/home/farrukh/Frontend/p2p/backend/.venv/lib64/python3.14/site-packages/sqlalchemy/orm/session.py", line 2112, in _connection_for_bind
    return trans._connection_for_bind(engine, execution_options)
           ~~~~~~~~~~~~~~~~~~~~~~~~~~^^^^^^^^^^^^^^^^^^^^^^^^^^^
  File "<string>", line 2, in _connection_for_bind
  File "/home/farrukh/Frontend/p2p/backend/.venv/lib64/python3.14/site-packages/sqlalchemy/orm/state_changes.py", line 137, in _go
    ret_value = fn(self, *arg, **kw)
  File "/home/farrukh/Frontend/p2p/backend/.venv/lib64/python3.14/site-packages/sqlalchemy/orm/session.py", line 1191, in _connection_for_bind
    conn = bind.connect()
  File "/home/farrukh/Frontend/p2p/backend/.venv/lib64/python3.14/site-packages/sqlalchemy/engine/base.py", line 3295, in connect
    return self._connection_cls(self)
           ~~~~~~~~~~~~~~~~~~~~^^^^^^
  File "/home/farrukh/Frontend/p2p/backend/.venv/lib64/python3.14/site-packages/sqlalchemy/engine/base.py", line 144, in __init__
    self._dbapi_connection = engine.raw_connection()
                             ~~~~~~~~~~~~~~~~~~~~~^^
  File "/home/farrukh/Frontend/p2p/backend/.venv/lib64/python3.14/site-packages/sqlalchemy/engine/base.py", line 3319, in raw_connection
    return self.pool.connect()
           ~~~~~~~~~~~~~~~~~^^
  File "/home/farrukh/Frontend/p2p/backend/.venv/lib64/python3.14/site-packages/sqlalchemy/pool/base.py", line 448, in connect
    return _ConnectionFairy._checkout(self)
           ~~~~~~~~~~~~~~~~~~~~~~~~~~^^^^^^
  File "/home/farrukh/Frontend/p2p/backend/.venv/lib64/python3.14/site-packages/sqlalchemy/pool/base.py", line 1371, in _checkout
    with util.safe_reraise():
         ~~~~~~~~~~~~~~~~~^^
  File "/home/farrukh/Frontend/p2p/backend/.venv/lib64/python3.14/site-packages/sqlalchemy/util/langhelpers.py", line 122, in __exit__
    raise exc_value.with_traceback(exc_tb)
  File "/home/farrukh/Frontend/p2p/backend/.venv/lib64/python3.14/site-packages/sqlalchemy/pool/base.py", line 1309, in _checkout
    result = pool._dialect._do_ping_w_event(
        fairy.dbapi_connection
    )
  File "/home/farrukh/Frontend/p2p/backend/.venv/lib64/python3.14/site-packages/sqlalchemy/engine/default.py", line 729, in _do_ping_w_event
    return self.do_ping(dbapi_connection)
           ~~~~~~~~~~~~^^^^^^^^^^^^^^^^^^
  File "/home/farrukh/Frontend/p2p/backend/.venv/lib64/python3.14/site-packages/sqlalchemy/dialects/postgresql/asyncpg.py", line 1164, in do_ping
    dbapi_connection.ping()
    ~~~~~~~~~~~~~~~~~~~~~^^
  File "/home/farrukh/Frontend/p2p/backend/.venv/lib64/python3.14/site-packages/sqlalchemy/dialects/postgresql/asyncpg.py", line 818, in ping
    self._handle_exception(error)
    ~~~~~~~~~~~~~~~~~~~~~~^^^^^^^
  File "/home/farrukh/Frontend/p2p/backend/.venv/lib64/python3.14/site-packages/sqlalchemy/dialects/postgresql/asyncpg.py", line 799, in _handle_exception
    raise error
  File "/home/farrukh/Frontend/p2p/backend/.venv/lib64/python3.14/site-packages/sqlalchemy/dialects/postgresql/asyncpg.py", line 816, in ping
    _ = self.await_(self._async_ping())
  File "/home/farrukh/Frontend/p2p/backend/.venv/lib64/python3.14/site-packages/sqlalchemy/util/_concurrency_py3k.py", line 132, in await_only
    return current.parent.switch(awaitable)  # type: ignore[no-any-return,attr-defined] # noqa: E501
           ~~~~~~~~~~~~~~~~~~~~~^^^^^^^^^^^
  File "/home/farrukh/Frontend/p2p/backend/.venv/lib64/python3.14/site-packages/sqlalchemy/util/_concurrency_py3k.py", line 196, in greenlet_spawn
    value = await result
            ^^^^^^^^^^^^
  File "/home/farrukh/Frontend/p2p/backend/.venv/lib64/python3.14/site-packages/sqlalchemy/dialects/postgresql/asyncpg.py", line 825, in _async_ping
    await tr.start()
  File "/home/farrukh/Frontend/p2p/backend/.venv/lib64/python3.14/site-packages/asyncpg/transaction.py", line 146, in start
    await self._connection.execute(query)
  File "/home/farrukh/Frontend/p2p/backend/.venv/lib64/python3.14/site-packages/asyncpg/connection.py", line 354, in execute
    result = await self._protocol.query(query, timeout)
             ^^^^^^^^^^^^^^^^^^^^^^^^^^^^^^^^^^^^^^^^^^
  File "asyncpg/protocol/protocol.pyx", line 369, in query
    return await waiter
RuntimeError: Task <Task pending name='Task-26' coro=<_check_absences() running at /home/farrukh/Frontend/p2p/backend/app/tasks/slot_tasks.py:70> cb=[_run_until_complete_cb() at /usr/lib64/python3.14/asyncio/base_events.py:181]> got Future <Future pending cb=[BaseProtocol._on_waiter_completed()]> attached to a different loop
[2026-06-14 11:09:11,020: ERROR/ForkPoolWorker-16] Exception terminating connection <AdaptedConnection <asyncpg.connection.Connection object at 0x7f04e29757c0>>
Traceback (most recent call last):
  File "/home/farrukh/Frontend/p2p/backend/.venv/lib64/python3.14/site-packages/sqlalchemy/pool/base.py", line 373, in _close_connection
    self._dialect.do_terminate(connection)
    ~~~~~~~~~~~~~~~~~~~~~~~~~~^^^^^^^^^^^^
  File "/home/farrukh/Frontend/p2p/backend/.venv/lib64/python3.14/site-packages/sqlalchemy/dialects/postgresql/asyncpg.py", line 1131, in do_terminate
    dbapi_connection.terminate()
    ~~~~~~~~~~~~~~~~~~~~~~~~~~^^
  File "/home/farrukh/Frontend/p2p/backend/.venv/lib64/python3.14/site-packages/sqlalchemy/connectors/asyncio.py", line 402, in terminate
    self.await_(asyncio.shield(self._terminate_graceful_close()))  # type: ignore[attr-defined] # noqa: E501
    ~~~~~~~~~~~^^^^^^^^^^^^^^^^^^^^^^^^^^^^^^^^^^^^^^^^^^^^^^^^^^
  File "/home/farrukh/Frontend/p2p/backend/.venv/lib64/python3.14/site-packages/sqlalchemy/util/_concurrency_py3k.py", line 132, in await_only
    return current.parent.switch(awaitable)  # type: ignore[no-any-return,attr-defined] # noqa: E501
           ~~~~~~~~~~~~~~~~~~~~~^^^^^^^^^^^
  File "/home/farrukh/Frontend/p2p/backend/.venv/lib64/python3.14/site-packages/sqlalchemy/util/_concurrency_py3k.py", line 196, in greenlet_spawn
    value = await result
            ^^^^^^^^^^^^
  File "/home/farrukh/Frontend/p2p/backend/.venv/lib64/python3.14/site-packages/sqlalchemy/dialects/postgresql/asyncpg.py", line 912, in _terminate_graceful_close
    await self._connection.close(timeout=2)
  File "/home/farrukh/Frontend/p2p/backend/.venv/lib64/python3.14/site-packages/asyncpg/connection.py", line 1513, in close
    await self._protocol.close(timeout)
  File "asyncpg/protocol/protocol.pyx", line 617, in close
    self._request_cancel()
  File "asyncpg/protocol/protocol.pyx", line 650, in asyncpg.protocol.protocol.BaseProtocol._request_cancel
    con._cancel_current_command(self.cancel_sent_waiter)
  File "/home/farrukh/Frontend/p2p/backend/.venv/lib64/python3.14/site-packages/asyncpg/connection.py", line 1682, in _cancel_current_command
    self._cancellations.add(self._loop.create_task(self._cancel(waiter)))
                            ~~~~~~~~~~~~~~~~~~~~~~^^^^^^^^^^^^^^^^^^^^^^
  File "/usr/lib64/python3.14/asyncio/base_events.py", line 466, in create_task
    self._check_closed()
    ~~~~~~~~~~~~~~~~~~^^
  File "/usr/lib64/python3.14/asyncio/base_events.py", line 550, in _check_closed
    raise RuntimeError('Event loop is closed')
RuntimeError: Event loop is closed
[2026-06-14 11:09:11,028: ERROR/ForkPoolWorker-16] Task app.tasks.slot_tasks.send_slot_reminders[9faf43c9-908c-4aee-948f-37a5856ad1d1] raised unexpected: RuntimeError("Task <Task pending name='Task-26' coro=<_send_slot_reminders() running at /home/farrukh/Frontend/p2p/backend/app/tasks/slot_tasks.py:35> cb=[_run_until_complete_cb() at /usr/lib64/python3.14/asyncio/base_events.py:181]> got Future <Future pending cb=[BaseProtocol._on_waiter_completed()]> attached to a different loop")
Traceback (most recent call last):
  File "/home/farrukh/Frontend/p2p/backend/.venv/lib64/python3.14/site-packages/celery/app/trace.py", line 585, in trace_task
    R = retval = fun(*args, **kwargs)
                 ~~~^^^^^^^^^^^^^^^^^
  File "/home/farrukh/Frontend/p2p/backend/.venv/lib64/python3.14/site-packages/celery/app/trace.py", line 858, in __protected_call__
    return self.run(*args, **kwargs)
           ~~~~~~~~^^^^^^^^^^^^^^^^^
  File "/home/farrukh/Frontend/p2p/backend/app/tasks/slot_tasks.py", line 20, in send_slot_reminders
    return asyncio.run(_send_slot_reminders())
           ~~~~~~~~~~~^^^^^^^^^^^^^^^^^^^^^^^^
  File "/usr/lib64/python3.14/asyncio/runners.py", line 204, in run
    return runner.run(main)
           ~~~~~~~~~~^^^^^^
  File "/usr/lib64/python3.14/asyncio/runners.py", line 127, in run
    return self._loop.run_until_complete(task)
           ~~~~~~~~~~~~~~~~~~~~~~~~~~~~~^^^^^^
  File "/usr/lib64/python3.14/asyncio/base_events.py", line 719, in run_until_complete
    return future.result()
           ~~~~~~~~~~~~~^^
  File "/home/farrukh/Frontend/p2p/backend/app/tasks/slot_tasks.py", line 35, in _send_slot_reminders
    slots = (await db.execute(stmt)).scalars().all()
             ^^^^^^^^^^^^^^^^^^^^^^
  File "/home/farrukh/Frontend/p2p/backend/.venv/lib64/python3.14/site-packages/sqlalchemy/ext/asyncio/session.py", line 448, in execute
    result = await greenlet_spawn(
             ^^^^^^^^^^^^^^^^^^^^^
    ...<6 lines>...
    )
    ^
  File "/home/farrukh/Frontend/p2p/backend/.venv/lib64/python3.14/site-packages/sqlalchemy/util/_concurrency_py3k.py", line 201, in greenlet_spawn
    result = context.throw(*sys.exc_info())
  File "/home/farrukh/Frontend/p2p/backend/.venv/lib64/python3.14/site-packages/sqlalchemy/orm/session.py", line 2372, in execute
    return self._execute_internal(
           ~~~~~~~~~~~~~~~~~~~~~~^
        statement,
        ^^^^^^^^^^
    ...<4 lines>...
        _add_event=_add_event,
        ^^^^^^^^^^^^^^^^^^^^^^
    )
    ^
  File "/home/farrukh/Frontend/p2p/backend/.venv/lib64/python3.14/site-packages/sqlalchemy/orm/session.py", line 2260, in _execute_internal
    conn = self._connection_for_bind(bind)
  File "/home/farrukh/Frontend/p2p/backend/.venv/lib64/python3.14/site-packages/sqlalchemy/orm/session.py", line 2112, in _connection_for_bind
    return trans._connection_for_bind(engine, execution_options)
           ~~~~~~~~~~~~~~~~~~~~~~~~~~^^^^^^^^^^^^^^^^^^^^^^^^^^^
  File "<string>", line 2, in _connection_for_bind
  File "/home/farrukh/Frontend/p2p/backend/.venv/lib64/python3.14/site-packages/sqlalchemy/orm/state_changes.py", line 137, in _go
    ret_value = fn(self, *arg, **kw)
  File "/home/farrukh/Frontend/p2p/backend/.venv/lib64/python3.14/site-packages/sqlalchemy/orm/session.py", line 1191, in _connection_for_bind
    conn = bind.connect()
  File "/home/farrukh/Frontend/p2p/backend/.venv/lib64/python3.14/site-packages/sqlalchemy/engine/base.py", line 3295, in connect
    return self._connection_cls(self)
           ~~~~~~~~~~~~~~~~~~~~^^^^^^
  File "/home/farrukh/Frontend/p2p/backend/.venv/lib64/python3.14/site-packages/sqlalchemy/engine/base.py", line 144, in __init__
    self._dbapi_connection = engine.raw_connection()
                             ~~~~~~~~~~~~~~~~~~~~~^^
  File "/home/farrukh/Frontend/p2p/backend/.venv/lib64/python3.14/site-packages/sqlalchemy/engine/base.py", line 3319, in raw_connection
    return self.pool.connect()
           ~~~~~~~~~~~~~~~~~^^
  File "/home/farrukh/Frontend/p2p/backend/.venv/lib64/python3.14/site-packages/sqlalchemy/pool/base.py", line 448, in connect
    return _ConnectionFairy._checkout(self)
           ~~~~~~~~~~~~~~~~~~~~~~~~~~^^^^^^
  File "/home/farrukh/Frontend/p2p/backend/.venv/lib64/python3.14/site-packages/sqlalchemy/pool/base.py", line 1371, in _checkout
    with util.safe_reraise():
         ~~~~~~~~~~~~~~~~~^^
  File "/home/farrukh/Frontend/p2p/backend/.venv/lib64/python3.14/site-packages/sqlalchemy/util/langhelpers.py", line 122, in __exit__
    raise exc_value.with_traceback(exc_tb)
  File "/home/farrukh/Frontend/p2p/backend/.venv/lib64/python3.14/site-packages/sqlalchemy/pool/base.py", line 1309, in _checkout
    result = pool._dialect._do_ping_w_event(
        fairy.dbapi_connection
    )
  File "/home/farrukh/Frontend/p2p/backend/.venv/lib64/python3.14/site-packages/sqlalchemy/engine/default.py", line 729, in _do_ping_w_event
    return self.do_ping(dbapi_connection)
           ~~~~~~~~~~~~^^^^^^^^^^^^^^^^^^
  File "/home/farrukh/Frontend/p2p/backend/.venv/lib64/python3.14/site-packages/sqlalchemy/dialects/postgresql/asyncpg.py", line 1164, in do_ping
    dbapi_connection.ping()
    ~~~~~~~~~~~~~~~~~~~~~^^
  File "/home/farrukh/Frontend/p2p/backend/.venv/lib64/python3.14/site-packages/sqlalchemy/dialects/postgresql/asyncpg.py", line 818, in ping
    self._handle_exception(error)
    ~~~~~~~~~~~~~~~~~~~~~~^^^^^^^
  File "/home/farrukh/Frontend/p2p/backend/.venv/lib64/python3.14/site-packages/sqlalchemy/dialects/postgresql/asyncpg.py", line 799, in _handle_exception
    raise error
  File "/home/farrukh/Frontend/p2p/backend/.venv/lib64/python3.14/site-packages/sqlalchemy/dialects/postgresql/asyncpg.py", line 816, in ping
    _ = self.await_(self._async_ping())
  File "/home/farrukh/Frontend/p2p/backend/.venv/lib64/python3.14/site-packages/sqlalchemy/util/_concurrency_py3k.py", line 132, in await_only
    return current.parent.switch(awaitable)  # type: ignore[no-any-return,attr-defined] # noqa: E501
           ~~~~~~~~~~~~~~~~~~~~~^^^^^^^^^^^
  File "/home/farrukh/Frontend/p2p/backend/.venv/lib64/python3.14/site-packages/sqlalchemy/util/_concurrency_py3k.py", line 196, in greenlet_spawn
    value = await result
            ^^^^^^^^^^^^
  File "/home/farrukh/Frontend/p2p/backend/.venv/lib64/python3.14/site-packages/sqlalchemy/dialects/postgresql/asyncpg.py", line 825, in _async_ping
    await tr.start()
  File "/home/farrukh/Frontend/p2p/backend/.venv/lib64/python3.14/site-packages/asyncpg/transaction.py", line 146, in start
    await self._connection.execute(query)
  File "/home/farrukh/Frontend/p2p/backend/.venv/lib64/python3.14/site-packages/asyncpg/connection.py", line 354, in execute
    result = await self._protocol.query(query, timeout)
             ^^^^^^^^^^^^^^^^^^^^^^^^^^^^^^^^^^^^^^^^^^
  File "asyncpg/protocol/protocol.pyx", line 369, in query
    return await waiter
RuntimeError: Task <Task pending name='Task-26' coro=<_send_slot_reminders() running at /home/farrukh/Frontend/p2p/backend/app/tasks/slot_tasks.py:35> cb=[_run_until_complete_cb() at /usr/lib64/python3.14/asyncio/base_events.py:181]> got Future <Future pending cb=[BaseProtocol._on_waiter_completed()]> attached to a different loop
[2026-06-14 11:10:11,009: INFO/MainProcess] Task app.tasks.slot_tasks.check_absences[21eafd9a-c773-43e4-8803-e40d6dcce013] received
[2026-06-14 11:10:11,019: INFO/MainProcess] Task app.tasks.slot_tasks.send_slot_reminders[99b37138-e70f-43a4-83e0-40b9b3008222] received
2026-06-14 11:10:11,046 INFO sqlalchemy.engine.Engine BEGIN (implicit)
[2026-06-14 11:10:11,046: INFO/ForkPoolWorker-15] BEGIN (implicit)
2026-06-14 11:10:11,047 INFO sqlalchemy.engine.Engine SELECT slots.id, slots.reviewer_id, slots.reviewee_id, slots.reviewer_project, slots.reviewee_project, slots.start_time, slots.end_time, slots.actual_start, slots.actual_end, slots.duration_minutes, slots.status, slots.is_online, slots.campus, slots.reviewer_started, slots.reviewee_started, slots.reviewer_finished, slots.reviewee_finished, slots.absent_by, slots.absent_at, slots.cancelled_by, slots.cancel_reason, slots.created_at, slots.updated_at 
FROM slots 
WHERE slots.status = $1::VARCHAR AND slots.start_time < $2::TIMESTAMP WITH TIME ZONE
[2026-06-14 11:10:11,047: INFO/ForkPoolWorker-15] SELECT slots.id, slots.reviewer_id, slots.reviewee_id, slots.reviewer_project, slots.reviewee_project, slots.start_time, slots.end_time, slots.actual_start, slots.actual_end, slots.duration_minutes, slots.status, slots.is_online, slots.campus, slots.reviewer_started, slots.reviewee_started, slots.reviewer_finished, slots.reviewee_finished, slots.absent_by, slots.absent_at, slots.cancelled_by, slots.cancel_reason, slots.created_at, slots.updated_at 
FROM slots 
WHERE slots.status = $1::VARCHAR AND slots.start_time < $2::TIMESTAMP WITH TIME ZONE
2026-06-14 11:10:11,047 INFO sqlalchemy.engine.Engine [cached since 360s ago] ('booked', datetime.datetime(2026, 6, 14, 5, 55, 11, 11349, tzinfo=datetime.timezone.utc))
[2026-06-14 11:10:11,047: INFO/ForkPoolWorker-15] [cached since 360s ago] ('booked', datetime.datetime(2026, 6, 14, 5, 55, 11, 11349, tzinfo=datetime.timezone.utc))
2026-06-14 11:10:11,050 INFO sqlalchemy.engine.Engine ROLLBACK
[2026-06-14 11:10:11,050: INFO/ForkPoolWorker-15] ROLLBACK
[2026-06-14 11:10:11,052: INFO/ForkPoolWorker-15] Task app.tasks.slot_tasks.check_absences[21eafd9a-c773-43e4-8803-e40d6dcce013] succeeded in 0.04206380599998738s: 0
2026-06-14 11:10:11,054 INFO sqlalchemy.engine.Engine BEGIN (implicit)
[2026-06-14 11:10:11,054: INFO/ForkPoolWorker-16] BEGIN (implicit)
2026-06-14 11:10:11,055 INFO sqlalchemy.engine.Engine SELECT slots.id, slots.reviewer_id, slots.reviewee_id, slots.reviewer_project, slots.reviewee_project, slots.start_time, slots.end_time, slots.actual_start, slots.actual_end, slots.duration_minutes, slots.status, slots.is_online, slots.campus, slots.reviewer_started, slots.reviewee_started, slots.reviewer_finished, slots.reviewee_finished, slots.absent_by, slots.absent_at, slots.cancelled_by, slots.cancel_reason, slots.created_at, slots.updated_at 
FROM slots 
WHERE slots.status = $1::VARCHAR AND slots.start_time >= $2::TIMESTAMP WITH TIME ZONE AND slots.start_time < $3::TIMESTAMP WITH TIME ZONE
[2026-06-14 11:10:11,055: INFO/ForkPoolWorker-16] SELECT slots.id, slots.reviewer_id, slots.reviewee_id, slots.reviewer_project, slots.reviewee_project, slots.start_time, slots.end_time, slots.actual_start, slots.actual_end, slots.duration_minutes, slots.status, slots.is_online, slots.campus, slots.reviewer_started, slots.reviewee_started, slots.reviewer_finished, slots.reviewee_finished, slots.absent_by, slots.absent_at, slots.cancelled_by, slots.cancel_reason, slots.created_at, slots.updated_at 
FROM slots 
WHERE slots.status = $1::VARCHAR AND slots.start_time >= $2::TIMESTAMP WITH TIME ZONE AND slots.start_time < $3::TIMESTAMP WITH TIME ZONE
2026-06-14 11:10:11,055 INFO sqlalchemy.engine.Engine [cached since 360s ago] ('booked', datetime.datetime(2026, 6, 14, 6, 25, 11, 20718, tzinfo=datetime.timezone.utc), datetime.datetime(2026, 6, 14, 6, 26, 11, 20718, tzinfo=datetime.timezone.utc))
[2026-06-14 11:10:11,055: INFO/ForkPoolWorker-16] [cached since 360s ago] ('booked', datetime.datetime(2026, 6, 14, 6, 25, 11, 20718, tzinfo=datetime.timezone.utc), datetime.datetime(2026, 6, 14, 6, 26, 11, 20718, tzinfo=datetime.timezone.utc))
2026-06-14 11:10:11,058 INFO sqlalchemy.engine.Engine COMMIT
[2026-06-14 11:10:11,058: INFO/ForkPoolWorker-16] COMMIT
[2026-06-14 11:10:11,060: INFO/ForkPoolWorker-16] Task app.tasks.slot_tasks.send_slot_reminders[99b37138-e70f-43a4-83e0-40b9b3008222] succeeded in 0.04084245999956693s: 0
[2026-06-14 11:11:11,009: INFO/MainProcess] Task app.tasks.slot_tasks.check_absences[5af9fec2-ccf9-4302-b4ec-f65c70824e24] received
[2026-06-14 11:11:11,012: ERROR/ForkPoolWorker-15] Exception terminating connection <AdaptedConnection <asyncpg.connection.Connection object at 0x7f04e29747d0>>
Traceback (most recent call last):
  File "/home/farrukh/Frontend/p2p/backend/.venv/lib64/python3.14/site-packages/sqlalchemy/pool/base.py", line 373, in _close_connection
    self._dialect.do_terminate(connection)
    ~~~~~~~~~~~~~~~~~~~~~~~~~~^^^^^^^^^^^^
  File "/home/farrukh/Frontend/p2p/backend/.venv/lib64/python3.14/site-packages/sqlalchemy/dialects/postgresql/asyncpg.py", line 1131, in do_terminate
    dbapi_connection.terminate()
    ~~~~~~~~~~~~~~~~~~~~~~~~~~^^
  File "/home/farrukh/Frontend/p2p/backend/.venv/lib64/python3.14/site-packages/sqlalchemy/connectors/asyncio.py", line 402, in terminate
    self.await_(asyncio.shield(self._terminate_graceful_close()))  # type: ignore[attr-defined] # noqa: E501
    ~~~~~~~~~~~^^^^^^^^^^^^^^^^^^^^^^^^^^^^^^^^^^^^^^^^^^^^^^^^^^
  File "/home/farrukh/Frontend/p2p/backend/.venv/lib64/python3.14/site-packages/sqlalchemy/util/_concurrency_py3k.py", line 132, in await_only
    return current.parent.switch(awaitable)  # type: ignore[no-any-return,attr-defined] # noqa: E501
           ~~~~~~~~~~~~~~~~~~~~~^^^^^^^^^^^
  File "/home/farrukh/Frontend/p2p/backend/.venv/lib64/python3.14/site-packages/sqlalchemy/util/_concurrency_py3k.py", line 196, in greenlet_spawn
    value = await result
            ^^^^^^^^^^^^
  File "/home/farrukh/Frontend/p2p/backend/.venv/lib64/python3.14/site-packages/sqlalchemy/dialects/postgresql/asyncpg.py", line 912, in _terminate_graceful_close
    await self._connection.close(timeout=2)
  File "/home/farrukh/Frontend/p2p/backend/.venv/lib64/python3.14/site-packages/asyncpg/connection.py", line 1513, in close
    await self._protocol.close(timeout)
  File "asyncpg/protocol/protocol.pyx", line 617, in close
    self._request_cancel()
  File "asyncpg/protocol/protocol.pyx", line 650, in asyncpg.protocol.protocol.BaseProtocol._request_cancel
    con._cancel_current_command(self.cancel_sent_waiter)
  File "/home/farrukh/Frontend/p2p/backend/.venv/lib64/python3.14/site-packages/asyncpg/connection.py", line 1682, in _cancel_current_command
    self._cancellations.add(self._loop.create_task(self._cancel(waiter)))
                            ~~~~~~~~~~~~~~~~~~~~~~^^^^^^^^^^^^^^^^^^^^^^
  File "/usr/lib64/python3.14/asyncio/base_events.py", line 466, in create_task
    self._check_closed()
    ~~~~~~~~~~~~~~~~~~^^
  File "/usr/lib64/python3.14/asyncio/base_events.py", line 550, in _check_closed
    raise RuntimeError('Event loop is closed')
RuntimeError: Event loop is closed
[2026-06-14 11:11:11,018: INFO/MainProcess] Task app.tasks.slot_tasks.send_slot_reminders[e42b606f-49d6-4161-b8b3-760645c0b6b4] received
[2026-06-14 11:11:11,019: ERROR/ForkPoolWorker-15] Task app.tasks.slot_tasks.check_absences[5af9fec2-ccf9-4302-b4ec-f65c70824e24] raised unexpected: RuntimeError("Task <Task pending name='Task-36' coro=<_check_absences() running at /home/farrukh/Frontend/p2p/backend/app/tasks/slot_tasks.py:70> cb=[_run_until_complete_cb() at /usr/lib64/python3.14/asyncio/base_events.py:181]> got Future <Future pending cb=[BaseProtocol._on_waiter_completed()]> attached to a different loop")
Traceback (most recent call last):
  File "/home/farrukh/Frontend/p2p/backend/.venv/lib64/python3.14/site-packages/celery/app/trace.py", line 585, in trace_task
    R = retval = fun(*args, **kwargs)
                 ~~~^^^^^^^^^^^^^^^^^
  File "/home/farrukh/Frontend/p2p/backend/.venv/lib64/python3.14/site-packages/celery/app/trace.py", line 858, in __protected_call__
    return self.run(*args, **kwargs)
           ~~~~~~~~^^^^^^^^^^^^^^^^^
  File "/home/farrukh/Frontend/p2p/backend/app/tasks/slot_tasks.py", line 58, in check_absences
    return asyncio.run(_check_absences())
           ~~~~~~~~~~~^^^^^^^^^^^^^^^^^^^
  File "/usr/lib64/python3.14/asyncio/runners.py", line 204, in run
    return runner.run(main)
           ~~~~~~~~~~^^^^^^
  File "/usr/lib64/python3.14/asyncio/runners.py", line 127, in run
    return self._loop.run_until_complete(task)
           ~~~~~~~~~~~~~~~~~~~~~~~~~~~~~^^^^^^
  File "/usr/lib64/python3.14/asyncio/base_events.py", line 719, in run_until_complete
    return future.result()
           ~~~~~~~~~~~~~^^
  File "/home/farrukh/Frontend/p2p/backend/app/tasks/slot_tasks.py", line 70, in _check_absences
    slots = (await db.execute(stmt)).scalars().all()
             ^^^^^^^^^^^^^^^^^^^^^^
  File "/home/farrukh/Frontend/p2p/backend/.venv/lib64/python3.14/site-packages/sqlalchemy/ext/asyncio/session.py", line 448, in execute
    result = await greenlet_spawn(
             ^^^^^^^^^^^^^^^^^^^^^
    ...<6 lines>...
    )
    ^
  File "/home/farrukh/Frontend/p2p/backend/.venv/lib64/python3.14/site-packages/sqlalchemy/util/_concurrency_py3k.py", line 201, in greenlet_spawn
    result = context.throw(*sys.exc_info())
  File "/home/farrukh/Frontend/p2p/backend/.venv/lib64/python3.14/site-packages/sqlalchemy/orm/session.py", line 2372, in execute
    return self._execute_internal(
           ~~~~~~~~~~~~~~~~~~~~~~^
        statement,
        ^^^^^^^^^^
    ...<4 lines>...
        _add_event=_add_event,
        ^^^^^^^^^^^^^^^^^^^^^^
    )
    ^
  File "/home/farrukh/Frontend/p2p/backend/.venv/lib64/python3.14/site-packages/sqlalchemy/orm/session.py", line 2260, in _execute_internal
    conn = self._connection_for_bind(bind)
  File "/home/farrukh/Frontend/p2p/backend/.venv/lib64/python3.14/site-packages/sqlalchemy/orm/session.py", line 2112, in _connection_for_bind
    return trans._connection_for_bind(engine, execution_options)
           ~~~~~~~~~~~~~~~~~~~~~~~~~~^^^^^^^^^^^^^^^^^^^^^^^^^^^
  File "<string>", line 2, in _connection_for_bind
  File "/home/farrukh/Frontend/p2p/backend/.venv/lib64/python3.14/site-packages/sqlalchemy/orm/state_changes.py", line 137, in _go
    ret_value = fn(self, *arg, **kw)
  File "/home/farrukh/Frontend/p2p/backend/.venv/lib64/python3.14/site-packages/sqlalchemy/orm/session.py", line 1191, in _connection_for_bind
    conn = bind.connect()
  File "/home/farrukh/Frontend/p2p/backend/.venv/lib64/python3.14/site-packages/sqlalchemy/engine/base.py", line 3295, in connect
    return self._connection_cls(self)
           ~~~~~~~~~~~~~~~~~~~~^^^^^^
  File "/home/farrukh/Frontend/p2p/backend/.venv/lib64/python3.14/site-packages/sqlalchemy/engine/base.py", line 144, in __init__
    self._dbapi_connection = engine.raw_connection()
                             ~~~~~~~~~~~~~~~~~~~~~^^
  File "/home/farrukh/Frontend/p2p/backend/.venv/lib64/python3.14/site-packages/sqlalchemy/engine/base.py", line 3319, in raw_connection
    return self.pool.connect()
           ~~~~~~~~~~~~~~~~~^^
  File "/home/farrukh/Frontend/p2p/backend/.venv/lib64/python3.14/site-packages/sqlalchemy/pool/base.py", line 448, in connect
    return _ConnectionFairy._checkout(self)
           ~~~~~~~~~~~~~~~~~~~~~~~~~~^^^^^^
  File "/home/farrukh/Frontend/p2p/backend/.venv/lib64/python3.14/site-packages/sqlalchemy/pool/base.py", line 1371, in _checkout
    with util.safe_reraise():
         ~~~~~~~~~~~~~~~~~^^
  File "/home/farrukh/Frontend/p2p/backend/.venv/lib64/python3.14/site-packages/sqlalchemy/util/langhelpers.py", line 122, in __exit__
    raise exc_value.with_traceback(exc_tb)
  File "/home/farrukh/Frontend/p2p/backend/.venv/lib64/python3.14/site-packages/sqlalchemy/pool/base.py", line 1309, in _checkout
    result = pool._dialect._do_ping_w_event(
        fairy.dbapi_connection
    )
  File "/home/farrukh/Frontend/p2p/backend/.venv/lib64/python3.14/site-packages/sqlalchemy/engine/default.py", line 729, in _do_ping_w_event
    return self.do_ping(dbapi_connection)
           ~~~~~~~~~~~~^^^^^^^^^^^^^^^^^^
  File "/home/farrukh/Frontend/p2p/backend/.venv/lib64/python3.14/site-packages/sqlalchemy/dialects/postgresql/asyncpg.py", line 1164, in do_ping
    dbapi_connection.ping()
    ~~~~~~~~~~~~~~~~~~~~~^^
  File "/home/farrukh/Frontend/p2p/backend/.venv/lib64/python3.14/site-packages/sqlalchemy/dialects/postgresql/asyncpg.py", line 818, in ping
    self._handle_exception(error)
    ~~~~~~~~~~~~~~~~~~~~~~^^^^^^^
  File "/home/farrukh/Frontend/p2p/backend/.venv/lib64/python3.14/site-packages/sqlalchemy/dialects/postgresql/asyncpg.py", line 799, in _handle_exception
    raise error
  File "/home/farrukh/Frontend/p2p/backend/.venv/lib64/python3.14/site-packages/sqlalchemy/dialects/postgresql/asyncpg.py", line 816, in ping
    _ = self.await_(self._async_ping())
  File "/home/farrukh/Frontend/p2p/backend/.venv/lib64/python3.14/site-packages/sqlalchemy/util/_concurrency_py3k.py", line 132, in await_only
    return current.parent.switch(awaitable)  # type: ignore[no-any-return,attr-defined] # noqa: E501
           ~~~~~~~~~~~~~~~~~~~~~^^^^^^^^^^^
  File "/home/farrukh/Frontend/p2p/backend/.venv/lib64/python3.14/site-packages/sqlalchemy/util/_concurrency_py3k.py", line 196, in greenlet_spawn
    value = await result
            ^^^^^^^^^^^^
  File "/home/farrukh/Frontend/p2p/backend/.venv/lib64/python3.14/site-packages/sqlalchemy/dialects/postgresql/asyncpg.py", line 825, in _async_ping
    await tr.start()
  File "/home/farrukh/Frontend/p2p/backend/.venv/lib64/python3.14/site-packages/asyncpg/transaction.py", line 146, in start
    await self._connection.execute(query)
  File "/home/farrukh/Frontend/p2p/backend/.venv/lib64/python3.14/site-packages/asyncpg/connection.py", line 354, in execute
    result = await self._protocol.query(query, timeout)
             ^^^^^^^^^^^^^^^^^^^^^^^^^^^^^^^^^^^^^^^^^^
  File "asyncpg/protocol/protocol.pyx", line 369, in query
    return await waiter
RuntimeError: Task <Task pending name='Task-36' coro=<_check_absences() running at /home/farrukh/Frontend/p2p/backend/app/tasks/slot_tasks.py:70> cb=[_run_until_complete_cb() at /usr/lib64/python3.14/asyncio/base_events.py:181]> got Future <Future pending cb=[BaseProtocol._on_waiter_completed()]> attached to a different loop
[2026-06-14 11:11:11,021: ERROR/ForkPoolWorker-16] Exception terminating connection <AdaptedConnection <asyncpg.connection.Connection object at 0x7f04e29748c0>>
Traceback (most recent call last):
  File "/home/farrukh/Frontend/p2p/backend/.venv/lib64/python3.14/site-packages/sqlalchemy/pool/base.py", line 373, in _close_connection
    self._dialect.do_terminate(connection)
    ~~~~~~~~~~~~~~~~~~~~~~~~~~^^^^^^^^^^^^
  File "/home/farrukh/Frontend/p2p/backend/.venv/lib64/python3.14/site-packages/sqlalchemy/dialects/postgresql/asyncpg.py", line 1131, in do_terminate
    dbapi_connection.terminate()
    ~~~~~~~~~~~~~~~~~~~~~~~~~~^^
  File "/home/farrukh/Frontend/p2p/backend/.venv/lib64/python3.14/site-packages/sqlalchemy/connectors/asyncio.py", line 402, in terminate
    self.await_(asyncio.shield(self._terminate_graceful_close()))  # type: ignore[attr-defined] # noqa: E501
    ~~~~~~~~~~~^^^^^^^^^^^^^^^^^^^^^^^^^^^^^^^^^^^^^^^^^^^^^^^^^^
  File "/home/farrukh/Frontend/p2p/backend/.venv/lib64/python3.14/site-packages/sqlalchemy/util/_concurrency_py3k.py", line 132, in await_only
    return current.parent.switch(awaitable)  # type: ignore[no-any-return,attr-defined] # noqa: E501
           ~~~~~~~~~~~~~~~~~~~~~^^^^^^^^^^^
  File "/home/farrukh/Frontend/p2p/backend/.venv/lib64/python3.14/site-packages/sqlalchemy/util/_concurrency_py3k.py", line 196, in greenlet_spawn
    value = await result
            ^^^^^^^^^^^^
  File "/home/farrukh/Frontend/p2p/backend/.venv/lib64/python3.14/site-packages/sqlalchemy/dialects/postgresql/asyncpg.py", line 912, in _terminate_graceful_close
    await self._connection.close(timeout=2)
  File "/home/farrukh/Frontend/p2p/backend/.venv/lib64/python3.14/site-packages/asyncpg/connection.py", line 1513, in close
    await self._protocol.close(timeout)
  File "asyncpg/protocol/protocol.pyx", line 617, in close
    self._request_cancel()
  File "asyncpg/protocol/protocol.pyx", line 650, in asyncpg.protocol.protocol.BaseProtocol._request_cancel
    con._cancel_current_command(self.cancel_sent_waiter)
  File "/home/farrukh/Frontend/p2p/backend/.venv/lib64/python3.14/site-packages/asyncpg/connection.py", line 1682, in _cancel_current_command
    self._cancellations.add(self._loop.create_task(self._cancel(waiter)))
                            ~~~~~~~~~~~~~~~~~~~~~~^^^^^^^^^^^^^^^^^^^^^^
  File "/usr/lib64/python3.14/asyncio/base_events.py", line 466, in create_task
    self._check_closed()
    ~~~~~~~~~~~~~~~~~~^^
  File "/usr/lib64/python3.14/asyncio/base_events.py", line 550, in _check_closed
    raise RuntimeError('Event loop is closed')
RuntimeError: Event loop is closed
[2026-06-14 11:11:11,029: ERROR/ForkPoolWorker-16] Task app.tasks.slot_tasks.send_slot_reminders[e42b606f-49d6-4161-b8b3-760645c0b6b4] raised unexpected: RuntimeError("Task <Task pending name='Task-36' coro=<_send_slot_reminders() running at /home/farrukh/Frontend/p2p/backend/app/tasks/slot_tasks.py:35> cb=[_run_until_complete_cb() at /usr/lib64/python3.14/asyncio/base_events.py:181]> got Future <Future pending cb=[BaseProtocol._on_waiter_completed()]> attached to a different loop")
Traceback (most recent call last):
  File "/home/farrukh/Frontend/p2p/backend/.venv/lib64/python3.14/site-packages/celery/app/trace.py", line 585, in trace_task
    R = retval = fun(*args, **kwargs)
                 ~~~^^^^^^^^^^^^^^^^^
  File "/home/farrukh/Frontend/p2p/backend/.venv/lib64/python3.14/site-packages/celery/app/trace.py", line 858, in __protected_call__
    return self.run(*args, **kwargs)
           ~~~~~~~~^^^^^^^^^^^^^^^^^
  File "/home/farrukh/Frontend/p2p/backend/app/tasks/slot_tasks.py", line 20, in send_slot_reminders
    return asyncio.run(_send_slot_reminders())
           ~~~~~~~~~~~^^^^^^^^^^^^^^^^^^^^^^^^
  File "/usr/lib64/python3.14/asyncio/runners.py", line 204, in run
    return runner.run(main)
           ~~~~~~~~~~^^^^^^
  File "/usr/lib64/python3.14/asyncio/runners.py", line 127, in run
    return self._loop.run_until_complete(task)
           ~~~~~~~~~~~~~~~~~~~~~~~~~~~~~^^^^^^
  File "/usr/lib64/python3.14/asyncio/base_events.py", line 719, in run_until_complete
    return future.result()
           ~~~~~~~~~~~~~^^
  File "/home/farrukh/Frontend/p2p/backend/app/tasks/slot_tasks.py", line 35, in _send_slot_reminders
    slots = (await db.execute(stmt)).scalars().all()
             ^^^^^^^^^^^^^^^^^^^^^^
  File "/home/farrukh/Frontend/p2p/backend/.venv/lib64/python3.14/site-packages/sqlalchemy/ext/asyncio/session.py", line 448, in execute
    result = await greenlet_spawn(
             ^^^^^^^^^^^^^^^^^^^^^
    ...<6 lines>...
    )
    ^
  File "/home/farrukh/Frontend/p2p/backend/.venv/lib64/python3.14/site-packages/sqlalchemy/util/_concurrency_py3k.py", line 201, in greenlet_spawn
    result = context.throw(*sys.exc_info())
  File "/home/farrukh/Frontend/p2p/backend/.venv/lib64/python3.14/site-packages/sqlalchemy/orm/session.py", line 2372, in execute
    return self._execute_internal(
           ~~~~~~~~~~~~~~~~~~~~~~^
        statement,
        ^^^^^^^^^^
    ...<4 lines>...
        _add_event=_add_event,
        ^^^^^^^^^^^^^^^^^^^^^^
    )
    ^
  File "/home/farrukh/Frontend/p2p/backend/.venv/lib64/python3.14/site-packages/sqlalchemy/orm/session.py", line 2260, in _execute_internal
    conn = self._connection_for_bind(bind)
  File "/home/farrukh/Frontend/p2p/backend/.venv/lib64/python3.14/site-packages/sqlalchemy/orm/session.py", line 2112, in _connection_for_bind
    return trans._connection_for_bind(engine, execution_options)
           ~~~~~~~~~~~~~~~~~~~~~~~~~~^^^^^^^^^^^^^^^^^^^^^^^^^^^
  File "<string>", line 2, in _connection_for_bind
  File "/home/farrukh/Frontend/p2p/backend/.venv/lib64/python3.14/site-packages/sqlalchemy/orm/state_changes.py", line 137, in _go
    ret_value = fn(self, *arg, **kw)
  File "/home/farrukh/Frontend/p2p/backend/.venv/lib64/python3.14/site-packages/sqlalchemy/orm/session.py", line 1191, in _connection_for_bind
    conn = bind.connect()
  File "/home/farrukh/Frontend/p2p/backend/.venv/lib64/python3.14/site-packages/sqlalchemy/engine/base.py", line 3295, in connect
    return self._connection_cls(self)
           ~~~~~~~~~~~~~~~~~~~~^^^^^^
  File "/home/farrukh/Frontend/p2p/backend/.venv/lib64/python3.14/site-packages/sqlalchemy/engine/base.py", line 144, in __init__
    self._dbapi_connection = engine.raw_connection()
                             ~~~~~~~~~~~~~~~~~~~~~^^
  File "/home/farrukh/Frontend/p2p/backend/.venv/lib64/python3.14/site-packages/sqlalchemy/engine/base.py", line 3319, in raw_connection
    return self.pool.connect()
           ~~~~~~~~~~~~~~~~~^^
  File "/home/farrukh/Frontend/p2p/backend/.venv/lib64/python3.14/site-packages/sqlalchemy/pool/base.py", line 448, in connect
    return _ConnectionFairy._checkout(self)
           ~~~~~~~~~~~~~~~~~~~~~~~~~~^^^^^^
  File "/home/farrukh/Frontend/p2p/backend/.venv/lib64/python3.14/site-packages/sqlalchemy/pool/base.py", line 1371, in _checkout
    with util.safe_reraise():
         ~~~~~~~~~~~~~~~~~^^
  File "/home/farrukh/Frontend/p2p/backend/.venv/lib64/python3.14/site-packages/sqlalchemy/util/langhelpers.py", line 122, in __exit__
    raise exc_value.with_traceback(exc_tb)
  File "/home/farrukh/Frontend/p2p/backend/.venv/lib64/python3.14/site-packages/sqlalchemy/pool/base.py", line 1309, in _checkout
    result = pool._dialect._do_ping_w_event(
        fairy.dbapi_connection
    )
  File "/home/farrukh/Frontend/p2p/backend/.venv/lib64/python3.14/site-packages/sqlalchemy/engine/default.py", line 729, in _do_ping_w_event
    return self.do_ping(dbapi_connection)
           ~~~~~~~~~~~~^^^^^^^^^^^^^^^^^^
  File "/home/farrukh/Frontend/p2p/backend/.venv/lib64/python3.14/site-packages/sqlalchemy/dialects/postgresql/asyncpg.py", line 1164, in do_ping
    dbapi_connection.ping()
    ~~~~~~~~~~~~~~~~~~~~~^^
  File "/home/farrukh/Frontend/p2p/backend/.venv/lib64/python3.14/site-packages/sqlalchemy/dialects/postgresql/asyncpg.py", line 818, in ping
    self._handle_exception(error)
    ~~~~~~~~~~~~~~~~~~~~~~^^^^^^^
  File "/home/farrukh/Frontend/p2p/backend/.venv/lib64/python3.14/site-packages/sqlalchemy/dialects/postgresql/asyncpg.py", line 799, in _handle_exception
    raise error
  File "/home/farrukh/Frontend/p2p/backend/.venv/lib64/python3.14/site-packages/sqlalchemy/dialects/postgresql/asyncpg.py", line 816, in ping
    _ = self.await_(self._async_ping())
  File "/home/farrukh/Frontend/p2p/backend/.venv/lib64/python3.14/site-packages/sqlalchemy/util/_concurrency_py3k.py", line 132, in await_only
    return current.parent.switch(awaitable)  # type: ignore[no-any-return,attr-defined] # noqa: E501
           ~~~~~~~~~~~~~~~~~~~~~^^^^^^^^^^^
  File "/home/farrukh/Frontend/p2p/backend/.venv/lib64/python3.14/site-packages/sqlalchemy/util/_concurrency_py3k.py", line 196, in greenlet_spawn
    value = await result
            ^^^^^^^^^^^^
  File "/home/farrukh/Frontend/p2p/backend/.venv/lib64/python3.14/site-packages/sqlalchemy/dialects/postgresql/asyncpg.py", line 825, in _async_ping
    await tr.start()
  File "/home/farrukh/Frontend/p2p/backend/.venv/lib64/python3.14/site-packages/asyncpg/transaction.py", line 146, in start
    await self._connection.execute(query)
  File "/home/farrukh/Frontend/p2p/backend/.venv/lib64/python3.14/site-packages/asyncpg/connection.py", line 354, in execute
    result = await self._protocol.query(query, timeout)
             ^^^^^^^^^^^^^^^^^^^^^^^^^^^^^^^^^^^^^^^^^^
  File "asyncpg/protocol/protocol.pyx", line 369, in query
    return await waiter
RuntimeError: Task <Task pending name='Task-36' coro=<_send_slot_reminders() running at /home/farrukh/Frontend/p2p/backend/app/tasks/slot_tasks.py:35> cb=[_run_until_complete_cb() at /usr/lib64/python3.14/asyncio/base_events.py:181]> got Future <Future pending cb=[BaseProtocol._on_waiter_completed()]> attached to a different loop
[2026-06-14 11:12:11,009: INFO/MainProcess] Task app.tasks.slot_tasks.check_absences[ad05ccce-961c-47f8-9054-3fb1feecb4e8] received
[2026-06-14 11:12:11,019: INFO/MainProcess] Task app.tasks.slot_tasks.send_slot_reminders[9270d789-26e4-45a2-a8e1-90e8d16fa5b4] received
2026-06-14 11:12:11,038 INFO sqlalchemy.engine.Engine BEGIN (implicit)
[2026-06-14 11:12:11,038: INFO/ForkPoolWorker-15] BEGIN (implicit)
2026-06-14 11:12:11,038 INFO sqlalchemy.engine.Engine SELECT slots.id, slots.reviewer_id, slots.reviewee_id, slots.reviewer_project, slots.reviewee_project, slots.start_time, slots.end_time, slots.actual_start, slots.actual_end, slots.duration_minutes, slots.status, slots.is_online, slots.campus, slots.reviewer_started, slots.reviewee_started, slots.reviewer_finished, slots.reviewee_finished, slots.absent_by, slots.absent_at, slots.cancelled_by, slots.cancel_reason, slots.created_at, slots.updated_at 
FROM slots 
WHERE slots.status = $1::VARCHAR AND slots.start_time < $2::TIMESTAMP WITH TIME ZONE
[2026-06-14 11:12:11,038: INFO/ForkPoolWorker-15] SELECT slots.id, slots.reviewer_id, slots.reviewee_id, slots.reviewer_project, slots.reviewee_project, slots.start_time, slots.end_time, slots.actual_start, slots.actual_end, slots.duration_minutes, slots.status, slots.is_online, slots.campus, slots.reviewer_started, slots.reviewee_started, slots.reviewer_finished, slots.reviewee_finished, slots.absent_by, slots.absent_at, slots.cancelled_by, slots.cancel_reason, slots.created_at, slots.updated_at 
FROM slots 
WHERE slots.status = $1::VARCHAR AND slots.start_time < $2::TIMESTAMP WITH TIME ZONE
2026-06-14 11:12:11,038 INFO sqlalchemy.engine.Engine [cached since 480s ago] ('booked', datetime.datetime(2026, 6, 14, 5, 57, 11, 10808, tzinfo=datetime.timezone.utc))
[2026-06-14 11:12:11,038: INFO/ForkPoolWorker-15] [cached since 480s ago] ('booked', datetime.datetime(2026, 6, 14, 5, 57, 11, 10808, tzinfo=datetime.timezone.utc))
2026-06-14 11:12:11,041 INFO sqlalchemy.engine.Engine ROLLBACK
[2026-06-14 11:12:11,041: INFO/ForkPoolWorker-15] ROLLBACK
[2026-06-14 11:12:11,043: INFO/ForkPoolWorker-15] Task app.tasks.slot_tasks.check_absences[ad05ccce-961c-47f8-9054-3fb1feecb4e8] succeeded in 0.0334503220001352s: 0
2026-06-14 11:12:11,046 INFO sqlalchemy.engine.Engine BEGIN (implicit)
[2026-06-14 11:12:11,046: INFO/ForkPoolWorker-16] BEGIN (implicit)
2026-06-14 11:12:11,046 INFO sqlalchemy.engine.Engine SELECT slots.id, slots.reviewer_id, slots.reviewee_id, slots.reviewer_project, slots.reviewee_project, slots.start_time, slots.end_time, slots.actual_start, slots.actual_end, slots.duration_minutes, slots.status, slots.is_online, slots.campus, slots.reviewer_started, slots.reviewee_started, slots.reviewer_finished, slots.reviewee_finished, slots.absent_by, slots.absent_at, slots.cancelled_by, slots.cancel_reason, slots.created_at, slots.updated_at 
FROM slots 
WHERE slots.status = $1::VARCHAR AND slots.start_time >= $2::TIMESTAMP WITH TIME ZONE AND slots.start_time < $3::TIMESTAMP WITH TIME ZONE
[2026-06-14 11:12:11,046: INFO/ForkPoolWorker-16] SELECT slots.id, slots.reviewer_id, slots.reviewee_id, slots.reviewer_project, slots.reviewee_project, slots.start_time, slots.end_time, slots.actual_start, slots.actual_end, slots.duration_minutes, slots.status, slots.is_online, slots.campus, slots.reviewer_started, slots.reviewee_started, slots.reviewer_finished, slots.reviewee_finished, slots.absent_by, slots.absent_at, slots.cancelled_by, slots.cancel_reason, slots.created_at, slots.updated_at 
FROM slots 
WHERE slots.status = $1::VARCHAR AND slots.start_time >= $2::TIMESTAMP WITH TIME ZONE AND slots.start_time < $3::TIMESTAMP WITH TIME ZONE
2026-06-14 11:12:11,046 INFO sqlalchemy.engine.Engine [cached since 480s ago] ('booked', datetime.datetime(2026, 6, 14, 6, 27, 11, 20578, tzinfo=datetime.timezone.utc), datetime.datetime(2026, 6, 14, 6, 28, 11, 20578, tzinfo=datetime.timezone.utc))
[2026-06-14 11:12:11,046: INFO/ForkPoolWorker-16] [cached since 480s ago] ('booked', datetime.datetime(2026, 6, 14, 6, 27, 11, 20578, tzinfo=datetime.timezone.utc), datetime.datetime(2026, 6, 14, 6, 28, 11, 20578, tzinfo=datetime.timezone.utc))
2026-06-14 11:12:11,049 INFO sqlalchemy.engine.Engine COMMIT
[2026-06-14 11:12:11,049: INFO/ForkPoolWorker-16] COMMIT
[2026-06-14 11:12:11,050: INFO/ForkPoolWorker-16] Task app.tasks.slot_tasks.send_slot_reminders[9270d789-26e4-45a2-a8e1-90e8d16fa5b4] succeeded in 0.03148617299984835s: 0
[2026-06-14 11:13:11,009: INFO/MainProcess] Task app.tasks.slot_tasks.check_absences[aefce760-a6a8-4788-bd18-2d751a1a294f] received
[2026-06-14 11:13:11,012: ERROR/ForkPoolWorker-15] Exception terminating connection <AdaptedConnection <asyncpg.connection.Connection object at 0x7f04e29766c0>>
Traceback (most recent call last):
  File "/home/farrukh/Frontend/p2p/backend/.venv/lib64/python3.14/site-packages/sqlalchemy/pool/base.py", line 373, in _close_connection
    self._dialect.do_terminate(connection)
    ~~~~~~~~~~~~~~~~~~~~~~~~~~^^^^^^^^^^^^
  File "/home/farrukh/Frontend/p2p/backend/.venv/lib64/python3.14/site-packages/sqlalchemy/dialects/postgresql/asyncpg.py", line 1131, in do_terminate
    dbapi_connection.terminate()
    ~~~~~~~~~~~~~~~~~~~~~~~~~~^^
  File "/home/farrukh/Frontend/p2p/backend/.venv/lib64/python3.14/site-packages/sqlalchemy/connectors/asyncio.py", line 402, in terminate
    self.await_(asyncio.shield(self._terminate_graceful_close()))  # type: ignore[attr-defined] # noqa: E501
    ~~~~~~~~~~~^^^^^^^^^^^^^^^^^^^^^^^^^^^^^^^^^^^^^^^^^^^^^^^^^^
  File "/home/farrukh/Frontend/p2p/backend/.venv/lib64/python3.14/site-packages/sqlalchemy/util/_concurrency_py3k.py", line 132, in await_only
    return current.parent.switch(awaitable)  # type: ignore[no-any-return,attr-defined] # noqa: E501
           ~~~~~~~~~~~~~~~~~~~~~^^^^^^^^^^^
  File "/home/farrukh/Frontend/p2p/backend/.venv/lib64/python3.14/site-packages/sqlalchemy/util/_concurrency_py3k.py", line 196, in greenlet_spawn
    value = await result
            ^^^^^^^^^^^^
  File "/home/farrukh/Frontend/p2p/backend/.venv/lib64/python3.14/site-packages/sqlalchemy/dialects/postgresql/asyncpg.py", line 912, in _terminate_graceful_close
    await self._connection.close(timeout=2)
  File "/home/farrukh/Frontend/p2p/backend/.venv/lib64/python3.14/site-packages/asyncpg/connection.py", line 1513, in close
    await self._protocol.close(timeout)
  File "asyncpg/protocol/protocol.pyx", line 617, in close
    self._request_cancel()
  File "asyncpg/protocol/protocol.pyx", line 650, in asyncpg.protocol.protocol.BaseProtocol._request_cancel
    con._cancel_current_command(self.cancel_sent_waiter)
  File "/home/farrukh/Frontend/p2p/backend/.venv/lib64/python3.14/site-packages/asyncpg/connection.py", line 1682, in _cancel_current_command
    self._cancellations.add(self._loop.create_task(self._cancel(waiter)))
                            ~~~~~~~~~~~~~~~~~~~~~~^^^^^^^^^^^^^^^^^^^^^^
  File "/usr/lib64/python3.14/asyncio/base_events.py", line 466, in create_task
    self._check_closed()
    ~~~~~~~~~~~~~~~~~~^^
  File "/usr/lib64/python3.14/asyncio/base_events.py", line 550, in _check_closed
    raise RuntimeError('Event loop is closed')
RuntimeError: Event loop is closed
[2026-06-14 11:13:11,018: INFO/MainProcess] Task app.tasks.slot_tasks.send_slot_reminders[bee7ab73-d658-4304-a603-7c5f27bdd75a] received
[2026-06-14 11:13:11,021: ERROR/ForkPoolWorker-16] Exception terminating connection <AdaptedConnection <asyncpg.connection.Connection object at 0x7f04e2974050>>
Traceback (most recent call last):
  File "/home/farrukh/Frontend/p2p/backend/.venv/lib64/python3.14/site-packages/sqlalchemy/pool/base.py", line 373, in _close_connection
    self._dialect.do_terminate(connection)
    ~~~~~~~~~~~~~~~~~~~~~~~~~~^^^^^^^^^^^^
  File "/home/farrukh/Frontend/p2p/backend/.venv/lib64/python3.14/site-packages/sqlalchemy/dialects/postgresql/asyncpg.py", line 1131, in do_terminate
    dbapi_connection.terminate()
    ~~~~~~~~~~~~~~~~~~~~~~~~~~^^
  File "/home/farrukh/Frontend/p2p/backend/.venv/lib64/python3.14/site-packages/sqlalchemy/connectors/asyncio.py", line 402, in terminate
    self.await_(asyncio.shield(self._terminate_graceful_close()))  # type: ignore[attr-defined] # noqa: E501
    ~~~~~~~~~~~^^^^^^^^^^^^^^^^^^^^^^^^^^^^^^^^^^^^^^^^^^^^^^^^^^
  File "/home/farrukh/Frontend/p2p/backend/.venv/lib64/python3.14/site-packages/sqlalchemy/util/_concurrency_py3k.py", line 132, in await_only
    return current.parent.switch(awaitable)  # type: ignore[no-any-return,attr-defined] # noqa: E501
           ~~~~~~~~~~~~~~~~~~~~~^^^^^^^^^^^
  File "/home/farrukh/Frontend/p2p/backend/.venv/lib64/python3.14/site-packages/sqlalchemy/util/_concurrency_py3k.py", line 196, in greenlet_spawn
    value = await result
            ^^^^^^^^^^^^
  File "/home/farrukh/Frontend/p2p/backend/.venv/lib64/python3.14/site-packages/sqlalchemy/dialects/postgresql/asyncpg.py", line 912, in _terminate_graceful_close
    await self._connection.close(timeout=2)
  File "/home/farrukh/Frontend/p2p/backend/.venv/lib64/python3.14/site-packages/asyncpg/connection.py", line 1513, in close
    await self._protocol.close(timeout)
  File "asyncpg/protocol/protocol.pyx", line 617, in close
    self._request_cancel()
  File "asyncpg/protocol/protocol.pyx", line 650, in asyncpg.protocol.protocol.BaseProtocol._request_cancel
    con._cancel_current_command(self.cancel_sent_waiter)
  File "/home/farrukh/Frontend/p2p/backend/.venv/lib64/python3.14/site-packages/asyncpg/connection.py", line 1682, in _cancel_current_command
    self._cancellations.add(self._loop.create_task(self._cancel(waiter)))
                            ~~~~~~~~~~~~~~~~~~~~~~^^^^^^^^^^^^^^^^^^^^^^
  File "/usr/lib64/python3.14/asyncio/base_events.py", line 466, in create_task
    self._check_closed()
    ~~~~~~~~~~~~~~~~~~^^
  File "/usr/lib64/python3.14/asyncio/base_events.py", line 550, in _check_closed
    raise RuntimeError('Event loop is closed')
RuntimeError: Event loop is closed
[2026-06-14 11:13:11,021: ERROR/ForkPoolWorker-15] Task app.tasks.slot_tasks.check_absences[aefce760-a6a8-4788-bd18-2d751a1a294f] raised unexpected: RuntimeError("Task <Task pending name='Task-46' coro=<_check_absences() running at /home/farrukh/Frontend/p2p/backend/app/tasks/slot_tasks.py:70> cb=[_run_until_complete_cb() at /usr/lib64/python3.14/asyncio/base_events.py:181]> got Future <Future pending cb=[BaseProtocol._on_waiter_completed()]> attached to a different loop")
Traceback (most recent call last):
  File "/home/farrukh/Frontend/p2p/backend/.venv/lib64/python3.14/site-packages/celery/app/trace.py", line 585, in trace_task
    R = retval = fun(*args, **kwargs)
                 ~~~^^^^^^^^^^^^^^^^^
  File "/home/farrukh/Frontend/p2p/backend/.venv/lib64/python3.14/site-packages/celery/app/trace.py", line 858, in __protected_call__
    return self.run(*args, **kwargs)
           ~~~~~~~~^^^^^^^^^^^^^^^^^
  File "/home/farrukh/Frontend/p2p/backend/app/tasks/slot_tasks.py", line 58, in check_absences
    return asyncio.run(_check_absences())
           ~~~~~~~~~~~^^^^^^^^^^^^^^^^^^^
  File "/usr/lib64/python3.14/asyncio/runners.py", line 204, in run
    return runner.run(main)
           ~~~~~~~~~~^^^^^^
  File "/usr/lib64/python3.14/asyncio/runners.py", line 127, in run
    return self._loop.run_until_complete(task)
           ~~~~~~~~~~~~~~~~~~~~~~~~~~~~~^^^^^^
  File "/usr/lib64/python3.14/asyncio/base_events.py", line 719, in run_until_complete
    return future.result()
           ~~~~~~~~~~~~~^^
  File "/home/farrukh/Frontend/p2p/backend/app/tasks/slot_tasks.py", line 70, in _check_absences
    slots = (await db.execute(stmt)).scalars().all()
             ^^^^^^^^^^^^^^^^^^^^^^
  File "/home/farrukh/Frontend/p2p/backend/.venv/lib64/python3.14/site-packages/sqlalchemy/ext/asyncio/session.py", line 448, in execute
    result = await greenlet_spawn(
             ^^^^^^^^^^^^^^^^^^^^^
    ...<6 lines>...
    )
    ^
  File "/home/farrukh/Frontend/p2p/backend/.venv/lib64/python3.14/site-packages/sqlalchemy/util/_concurrency_py3k.py", line 201, in greenlet_spawn
    result = context.throw(*sys.exc_info())
  File "/home/farrukh/Frontend/p2p/backend/.venv/lib64/python3.14/site-packages/sqlalchemy/orm/session.py", line 2372, in execute
    return self._execute_internal(
           ~~~~~~~~~~~~~~~~~~~~~~^
        statement,
        ^^^^^^^^^^
    ...<4 lines>...
        _add_event=_add_event,
        ^^^^^^^^^^^^^^^^^^^^^^
    )
    ^
  File "/home/farrukh/Frontend/p2p/backend/.venv/lib64/python3.14/site-packages/sqlalchemy/orm/session.py", line 2260, in _execute_internal
    conn = self._connection_for_bind(bind)
  File "/home/farrukh/Frontend/p2p/backend/.venv/lib64/python3.14/site-packages/sqlalchemy/orm/session.py", line 2112, in _connection_for_bind
    return trans._connection_for_bind(engine, execution_options)
           ~~~~~~~~~~~~~~~~~~~~~~~~~~^^^^^^^^^^^^^^^^^^^^^^^^^^^
  File "<string>", line 2, in _connection_for_bind
  File "/home/farrukh/Frontend/p2p/backend/.venv/lib64/python3.14/site-packages/sqlalchemy/orm/state_changes.py", line 137, in _go
    ret_value = fn(self, *arg, **kw)
  File "/home/farrukh/Frontend/p2p/backend/.venv/lib64/python3.14/site-packages/sqlalchemy/orm/session.py", line 1191, in _connection_for_bind
    conn = bind.connect()
  File "/home/farrukh/Frontend/p2p/backend/.venv/lib64/python3.14/site-packages/sqlalchemy/engine/base.py", line 3295, in connect
    return self._connection_cls(self)
           ~~~~~~~~~~~~~~~~~~~~^^^^^^
  File "/home/farrukh/Frontend/p2p/backend/.venv/lib64/python3.14/site-packages/sqlalchemy/engine/base.py", line 144, in __init__
    self._dbapi_connection = engine.raw_connection()
                             ~~~~~~~~~~~~~~~~~~~~~^^
  File "/home/farrukh/Frontend/p2p/backend/.venv/lib64/python3.14/site-packages/sqlalchemy/engine/base.py", line 3319, in raw_connection
    return self.pool.connect()
           ~~~~~~~~~~~~~~~~~^^
  File "/home/farrukh/Frontend/p2p/backend/.venv/lib64/python3.14/site-packages/sqlalchemy/pool/base.py", line 448, in connect
    return _ConnectionFairy._checkout(self)
           ~~~~~~~~~~~~~~~~~~~~~~~~~~^^^^^^
  File "/home/farrukh/Frontend/p2p/backend/.venv/lib64/python3.14/site-packages/sqlalchemy/pool/base.py", line 1371, in _checkout
    with util.safe_reraise():
         ~~~~~~~~~~~~~~~~~^^
  File "/home/farrukh/Frontend/p2p/backend/.venv/lib64/python3.14/site-packages/sqlalchemy/util/langhelpers.py", line 122, in __exit__
    raise exc_value.with_traceback(exc_tb)
  File "/home/farrukh/Frontend/p2p/backend/.venv/lib64/python3.14/site-packages/sqlalchemy/pool/base.py", line 1309, in _checkout
    result = pool._dialect._do_ping_w_event(
        fairy.dbapi_connection
    )
  File "/home/farrukh/Frontend/p2p/backend/.venv/lib64/python3.14/site-packages/sqlalchemy/engine/default.py", line 729, in _do_ping_w_event
    return self.do_ping(dbapi_connection)
           ~~~~~~~~~~~~^^^^^^^^^^^^^^^^^^
  File "/home/farrukh/Frontend/p2p/backend/.venv/lib64/python3.14/site-packages/sqlalchemy/dialects/postgresql/asyncpg.py", line 1164, in do_ping
    dbapi_connection.ping()
    ~~~~~~~~~~~~~~~~~~~~~^^
  File "/home/farrukh/Frontend/p2p/backend/.venv/lib64/python3.14/site-packages/sqlalchemy/dialects/postgresql/asyncpg.py", line 818, in ping
    self._handle_exception(error)
    ~~~~~~~~~~~~~~~~~~~~~~^^^^^^^
  File "/home/farrukh/Frontend/p2p/backend/.venv/lib64/python3.14/site-packages/sqlalchemy/dialects/postgresql/asyncpg.py", line 799, in _handle_exception
    raise error
  File "/home/farrukh/Frontend/p2p/backend/.venv/lib64/python3.14/site-packages/sqlalchemy/dialects/postgresql/asyncpg.py", line 816, in ping
    _ = self.await_(self._async_ping())
  File "/home/farrukh/Frontend/p2p/backend/.venv/lib64/python3.14/site-packages/sqlalchemy/util/_concurrency_py3k.py", line 132, in await_only
    return current.parent.switch(awaitable)  # type: ignore[no-any-return,attr-defined] # noqa: E501
           ~~~~~~~~~~~~~~~~~~~~~^^^^^^^^^^^
  File "/home/farrukh/Frontend/p2p/backend/.venv/lib64/python3.14/site-packages/sqlalchemy/util/_concurrency_py3k.py", line 196, in greenlet_spawn
    value = await result
            ^^^^^^^^^^^^
  File "/home/farrukh/Frontend/p2p/backend/.venv/lib64/python3.14/site-packages/sqlalchemy/dialects/postgresql/asyncpg.py", line 825, in _async_ping
    await tr.start()
  File "/home/farrukh/Frontend/p2p/backend/.venv/lib64/python3.14/site-packages/asyncpg/transaction.py", line 146, in start
    await self._connection.execute(query)
  File "/home/farrukh/Frontend/p2p/backend/.venv/lib64/python3.14/site-packages/asyncpg/connection.py", line 354, in execute
    result = await self._protocol.query(query, timeout)
             ^^^^^^^^^^^^^^^^^^^^^^^^^^^^^^^^^^^^^^^^^^
  File "asyncpg/protocol/protocol.pyx", line 369, in query
    return await waiter
RuntimeError: Task <Task pending name='Task-46' coro=<_check_absences() running at /home/farrukh/Frontend/p2p/backend/app/tasks/slot_tasks.py:70> cb=[_run_until_complete_cb() at /usr/lib64/python3.14/asyncio/base_events.py:181]> got Future <Future pending cb=[BaseProtocol._on_waiter_completed()]> attached to a different loop
[2026-06-14 11:13:11,028: ERROR/ForkPoolWorker-16] Task app.tasks.slot_tasks.send_slot_reminders[bee7ab73-d658-4304-a603-7c5f27bdd75a] raised unexpected: RuntimeError("Task <Task pending name='Task-46' coro=<_send_slot_reminders() running at /home/farrukh/Frontend/p2p/backend/app/tasks/slot_tasks.py:35> cb=[_run_until_complete_cb() at /usr/lib64/python3.14/asyncio/base_events.py:181]> got Future <Future pending cb=[BaseProtocol._on_waiter_completed()]> attached to a different loop")
Traceback (most recent call last):
  File "/home/farrukh/Frontend/p2p/backend/.venv/lib64/python3.14/site-packages/celery/app/trace.py", line 585, in trace_task
    R = retval = fun(*args, **kwargs)
                 ~~~^^^^^^^^^^^^^^^^^
  File "/home/farrukh/Frontend/p2p/backend/.venv/lib64/python3.14/site-packages/celery/app/trace.py", line 858, in __protected_call__
    return self.run(*args, **kwargs)
           ~~~~~~~~^^^^^^^^^^^^^^^^^
  File "/home/farrukh/Frontend/p2p/backend/app/tasks/slot_tasks.py", line 20, in send_slot_reminders
    return asyncio.run(_send_slot_reminders())
           ~~~~~~~~~~~^^^^^^^^^^^^^^^^^^^^^^^^
  File "/usr/lib64/python3.14/asyncio/runners.py", line 204, in run
    return runner.run(main)
           ~~~~~~~~~~^^^^^^
  File "/usr/lib64/python3.14/asyncio/runners.py", line 127, in run
    return self._loop.run_until_complete(task)
           ~~~~~~~~~~~~~~~~~~~~~~~~~~~~~^^^^^^
  File "/usr/lib64/python3.14/asyncio/base_events.py", line 719, in run_until_complete
    return future.result()
           ~~~~~~~~~~~~~^^
  File "/home/farrukh/Frontend/p2p/backend/app/tasks/slot_tasks.py", line 35, in _send_slot_reminders
    slots = (await db.execute(stmt)).scalars().all()
             ^^^^^^^^^^^^^^^^^^^^^^
  File "/home/farrukh/Frontend/p2p/backend/.venv/lib64/python3.14/site-packages/sqlalchemy/ext/asyncio/session.py", line 448, in execute
    result = await greenlet_spawn(
             ^^^^^^^^^^^^^^^^^^^^^
    ...<6 lines>...
    )
    ^
  File "/home/farrukh/Frontend/p2p/backend/.venv/lib64/python3.14/site-packages/sqlalchemy/util/_concurrency_py3k.py", line 201, in greenlet_spawn
    result = context.throw(*sys.exc_info())
  File "/home/farrukh/Frontend/p2p/backend/.venv/lib64/python3.14/site-packages/sqlalchemy/orm/session.py", line 2372, in execute
    return self._execute_internal(
           ~~~~~~~~~~~~~~~~~~~~~~^
        statement,
        ^^^^^^^^^^
    ...<4 lines>...
        _add_event=_add_event,
        ^^^^^^^^^^^^^^^^^^^^^^
    )
    ^
  File "/home/farrukh/Frontend/p2p/backend/.venv/lib64/python3.14/site-packages/sqlalchemy/orm/session.py", line 2260, in _execute_internal
    conn = self._connection_for_bind(bind)
  File "/home/farrukh/Frontend/p2p/backend/.venv/lib64/python3.14/site-packages/sqlalchemy/orm/session.py", line 2112, in _connection_for_bind
    return trans._connection_for_bind(engine, execution_options)
           ~~~~~~~~~~~~~~~~~~~~~~~~~~^^^^^^^^^^^^^^^^^^^^^^^^^^^
  File "<string>", line 2, in _connection_for_bind
  File "/home/farrukh/Frontend/p2p/backend/.venv/lib64/python3.14/site-packages/sqlalchemy/orm/state_changes.py", line 137, in _go
    ret_value = fn(self, *arg, **kw)
  File "/home/farrukh/Frontend/p2p/backend/.venv/lib64/python3.14/site-packages/sqlalchemy/orm/session.py", line 1191, in _connection_for_bind
    conn = bind.connect()
  File "/home/farrukh/Frontend/p2p/backend/.venv/lib64/python3.14/site-packages/sqlalchemy/engine/base.py", line 3295, in connect
    return self._connection_cls(self)
           ~~~~~~~~~~~~~~~~~~~~^^^^^^
  File "/home/farrukh/Frontend/p2p/backend/.venv/lib64/python3.14/site-packages/sqlalchemy/engine/base.py", line 144, in __init__
    self._dbapi_connection = engine.raw_connection()
                             ~~~~~~~~~~~~~~~~~~~~~^^
  File "/home/farrukh/Frontend/p2p/backend/.venv/lib64/python3.14/site-packages/sqlalchemy/engine/base.py", line 3319, in raw_connection
    return self.pool.connect()
           ~~~~~~~~~~~~~~~~~^^
  File "/home/farrukh/Frontend/p2p/backend/.venv/lib64/python3.14/site-packages/sqlalchemy/pool/base.py", line 448, in connect
    return _ConnectionFairy._checkout(self)
           ~~~~~~~~~~~~~~~~~~~~~~~~~~^^^^^^
  File "/home/farrukh/Frontend/p2p/backend/.venv/lib64/python3.14/site-packages/sqlalchemy/pool/base.py", line 1371, in _checkout
    with util.safe_reraise():
         ~~~~~~~~~~~~~~~~~^^
  File "/home/farrukh/Frontend/p2p/backend/.venv/lib64/python3.14/site-packages/sqlalchemy/util/langhelpers.py", line 122, in __exit__
    raise exc_value.with_traceback(exc_tb)
  File "/home/farrukh/Frontend/p2p/backend/.venv/lib64/python3.14/site-packages/sqlalchemy/pool/base.py", line 1309, in _checkout
    result = pool._dialect._do_ping_w_event(
        fairy.dbapi_connection
    )
  File "/home/farrukh/Frontend/p2p/backend/.venv/lib64/python3.14/site-packages/sqlalchemy/engine/default.py", line 729, in _do_ping_w_event
    return self.do_ping(dbapi_connection)
           ~~~~~~~~~~~~^^^^^^^^^^^^^^^^^^
  File "/home/farrukh/Frontend/p2p/backend/.venv/lib64/python3.14/site-packages/sqlalchemy/dialects/postgresql/asyncpg.py", line 1164, in do_ping
    dbapi_connection.ping()
    ~~~~~~~~~~~~~~~~~~~~~^^
  File "/home/farrukh/Frontend/p2p/backend/.venv/lib64/python3.14/site-packages/sqlalchemy/dialects/postgresql/asyncpg.py", line 818, in ping
    self._handle_exception(error)
    ~~~~~~~~~~~~~~~~~~~~~~^^^^^^^
  File "/home/farrukh/Frontend/p2p/backend/.venv/lib64/python3.14/site-packages/sqlalchemy/dialects/postgresql/asyncpg.py", line 799, in _handle_exception
    raise error
  File "/home/farrukh/Frontend/p2p/backend/.venv/lib64/python3.14/site-packages/sqlalchemy/dialects/postgresql/asyncpg.py", line 816, in ping
    _ = self.await_(self._async_ping())
  File "/home/farrukh/Frontend/p2p/backend/.venv/lib64/python3.14/site-packages/sqlalchemy/util/_concurrency_py3k.py", line 132, in await_only
    return current.parent.switch(awaitable)  # type: ignore[no-any-return,attr-defined] # noqa: E501
           ~~~~~~~~~~~~~~~~~~~~~^^^^^^^^^^^
  File "/home/farrukh/Frontend/p2p/backend/.venv/lib64/python3.14/site-packages/sqlalchemy/util/_concurrency_py3k.py", line 196, in greenlet_spawn
    value = await result
            ^^^^^^^^^^^^
  File "/home/farrukh/Frontend/p2p/backend/.venv/lib64/python3.14/site-packages/sqlalchemy/dialects/postgresql/asyncpg.py", line 825, in _async_ping
    await tr.start()
  File "/home/farrukh/Frontend/p2p/backend/.venv/lib64/python3.14/site-packages/asyncpg/transaction.py", line 146, in start
    await self._connection.execute(query)
  File "/home/farrukh/Frontend/p2p/backend/.venv/lib64/python3.14/site-packages/asyncpg/connection.py", line 354, in execute
    result = await self._protocol.query(query, timeout)
             ^^^^^^^^^^^^^^^^^^^^^^^^^^^^^^^^^^^^^^^^^^
  File "asyncpg/protocol/protocol.pyx", line 369, in query
    return await waiter
RuntimeError: Task <Task pending name='Task-46' coro=<_send_slot_reminders() running at /home/farrukh/Frontend/p2p/backend/app/tasks/slot_tasks.py:35> cb=[_run_until_complete_cb() at /usr/lib64/python3.14/asyncio/base_events.py:181]> got Future <Future pending cb=[BaseProtocol._on_waiter_completed()]> attached to a different loop
[2026-06-14 11:14:11,009: INFO/MainProcess] Task app.tasks.slot_tasks.check_absences[df4101af-bd8c-4d1f-a31c-d8f242f5195b] received
[2026-06-14 11:14:11,018: INFO/MainProcess] Task app.tasks.slot_tasks.send_slot_reminders[0ba2728d-7567-4d32-928a-0766ad7af64d] received
2026-06-14 11:14:11,038 INFO sqlalchemy.engine.Engine BEGIN (implicit)
[2026-06-14 11:14:11,038: INFO/ForkPoolWorker-15] BEGIN (implicit)
2026-06-14 11:14:11,038 INFO sqlalchemy.engine.Engine SELECT slots.id, slots.reviewer_id, slots.reviewee_id, slots.reviewer_project, slots.reviewee_project, slots.start_time, slots.end_time, slots.actual_start, slots.actual_end, slots.duration_minutes, slots.status, slots.is_online, slots.campus, slots.reviewer_started, slots.reviewee_started, slots.reviewer_finished, slots.reviewee_finished, slots.absent_by, slots.absent_at, slots.cancelled_by, slots.cancel_reason, slots.created_at, slots.updated_at 
FROM slots 
WHERE slots.status = $1::VARCHAR AND slots.start_time < $2::TIMESTAMP WITH TIME ZONE
[2026-06-14 11:14:11,038: INFO/ForkPoolWorker-15] SELECT slots.id, slots.reviewer_id, slots.reviewee_id, slots.reviewer_project, slots.reviewee_project, slots.start_time, slots.end_time, slots.actual_start, slots.actual_end, slots.duration_minutes, slots.status, slots.is_online, slots.campus, slots.reviewer_started, slots.reviewee_started, slots.reviewer_finished, slots.reviewee_finished, slots.absent_by, slots.absent_at, slots.cancelled_by, slots.cancel_reason, slots.created_at, slots.updated_at 
FROM slots 
WHERE slots.status = $1::VARCHAR AND slots.start_time < $2::TIMESTAMP WITH TIME ZONE
2026-06-14 11:14:11,038 INFO sqlalchemy.engine.Engine [cached since 600s ago] ('booked', datetime.datetime(2026, 6, 14, 5, 59, 11, 11356, tzinfo=datetime.timezone.utc))
[2026-06-14 11:14:11,038: INFO/ForkPoolWorker-15] [cached since 600s ago] ('booked', datetime.datetime(2026, 6, 14, 5, 59, 11, 11356, tzinfo=datetime.timezone.utc))
2026-06-14 11:14:11,041 INFO sqlalchemy.engine.Engine ROLLBACK
[2026-06-14 11:14:11,041: INFO/ForkPoolWorker-15] ROLLBACK
[2026-06-14 11:14:11,043: INFO/ForkPoolWorker-15] Task app.tasks.slot_tasks.check_absences[df4101af-bd8c-4d1f-a31c-d8f242f5195b] succeeded in 0.03376650099971812s: 0
2026-06-14 11:14:11,046 INFO sqlalchemy.engine.Engine BEGIN (implicit)
[2026-06-14 11:14:11,046: INFO/ForkPoolWorker-16] BEGIN (implicit)
2026-06-14 11:14:11,046 INFO sqlalchemy.engine.Engine SELECT slots.id, slots.reviewer_id, slots.reviewee_id, slots.reviewer_project, slots.reviewee_project, slots.start_time, slots.end_time, slots.actual_start, slots.actual_end, slots.duration_minutes, slots.status, slots.is_online, slots.campus, slots.reviewer_started, slots.reviewee_started, slots.reviewer_finished, slots.reviewee_finished, slots.absent_by, slots.absent_at, slots.cancelled_by, slots.cancel_reason, slots.created_at, slots.updated_at 
FROM slots 
WHERE slots.status = $1::VARCHAR AND slots.start_time >= $2::TIMESTAMP WITH TIME ZONE AND slots.start_time < $3::TIMESTAMP WITH TIME ZONE
[2026-06-14 11:14:11,046: INFO/ForkPoolWorker-16] SELECT slots.id, slots.reviewer_id, slots.reviewee_id, slots.reviewer_project, slots.reviewee_project, slots.start_time, slots.end_time, slots.actual_start, slots.actual_end, slots.duration_minutes, slots.status, slots.is_online, slots.campus, slots.reviewer_started, slots.reviewee_started, slots.reviewer_finished, slots.reviewee_finished, slots.absent_by, slots.absent_at, slots.cancelled_by, slots.cancel_reason, slots.created_at, slots.updated_at 
FROM slots 
WHERE slots.status = $1::VARCHAR AND slots.start_time >= $2::TIMESTAMP WITH TIME ZONE AND slots.start_time < $3::TIMESTAMP WITH TIME ZONE
2026-06-14 11:14:11,046 INFO sqlalchemy.engine.Engine [cached since 600s ago] ('booked', datetime.datetime(2026, 6, 14, 6, 29, 11, 20042, tzinfo=datetime.timezone.utc), datetime.datetime(2026, 6, 14, 6, 30, 11, 20042, tzinfo=datetime.timezone.utc))
[2026-06-14 11:14:11,046: INFO/ForkPoolWorker-16] [cached since 600s ago] ('booked', datetime.datetime(2026, 6, 14, 6, 29, 11, 20042, tzinfo=datetime.timezone.utc), datetime.datetime(2026, 6, 14, 6, 30, 11, 20042, tzinfo=datetime.timezone.utc))
2026-06-14 11:14:11,049 INFO sqlalchemy.engine.Engine COMMIT
[2026-06-14 11:14:11,049: INFO/ForkPoolWorker-16] COMMIT
[2026-06-14 11:14:11,051: INFO/ForkPoolWorker-16] Task app.tasks.slot_tasks.send_slot_reminders[0ba2728d-7567-4d32-928a-0766ad7af64d] succeeded in 0.031971683999927336s: 0
[2026-06-14 11:15:11,009: INFO/MainProcess] Task app.tasks.slot_tasks.check_absences[58b42859-9453-46ac-946d-de32e44a6fff] received
[2026-06-14 11:15:11,012: ERROR/ForkPoolWorker-15] Exception terminating connection <AdaptedConnection <asyncpg.connection.Connection object at 0x7f04e2975e50>>
Traceback (most recent call last):
  File "/home/farrukh/Frontend/p2p/backend/.venv/lib64/python3.14/site-packages/sqlalchemy/pool/base.py", line 373, in _close_connection
    self._dialect.do_terminate(connection)
    ~~~~~~~~~~~~~~~~~~~~~~~~~~^^^^^^^^^^^^
  File "/home/farrukh/Frontend/p2p/backend/.venv/lib64/python3.14/site-packages/sqlalchemy/dialects/postgresql/asyncpg.py", line 1131, in do_terminate
    dbapi_connection.terminate()
    ~~~~~~~~~~~~~~~~~~~~~~~~~~^^
  File "/home/farrukh/Frontend/p2p/backend/.venv/lib64/python3.14/site-packages/sqlalchemy/connectors/asyncio.py", line 402, in terminate
    self.await_(asyncio.shield(self._terminate_graceful_close()))  # type: ignore[attr-defined] # noqa: E501
    ~~~~~~~~~~~^^^^^^^^^^^^^^^^^^^^^^^^^^^^^^^^^^^^^^^^^^^^^^^^^^
  File "/home/farrukh/Frontend/p2p/backend/.venv/lib64/python3.14/site-packages/sqlalchemy/util/_concurrency_py3k.py", line 132, in await_only
    return current.parent.switch(awaitable)  # type: ignore[no-any-return,attr-defined] # noqa: E501
           ~~~~~~~~~~~~~~~~~~~~~^^^^^^^^^^^
  File "/home/farrukh/Frontend/p2p/backend/.venv/lib64/python3.14/site-packages/sqlalchemy/util/_concurrency_py3k.py", line 196, in greenlet_spawn
    value = await result
            ^^^^^^^^^^^^
  File "/home/farrukh/Frontend/p2p/backend/.venv/lib64/python3.14/site-packages/sqlalchemy/dialects/postgresql/asyncpg.py", line 912, in _terminate_graceful_close
    await self._connection.close(timeout=2)
  File "/home/farrukh/Frontend/p2p/backend/.venv/lib64/python3.14/site-packages/asyncpg/connection.py", line 1513, in close
    await self._protocol.close(timeout)
  File "asyncpg/protocol/protocol.pyx", line 617, in close
    self._request_cancel()
  File "asyncpg/protocol/protocol.pyx", line 650, in asyncpg.protocol.protocol.BaseProtocol._request_cancel
    con._cancel_current_command(self.cancel_sent_waiter)
  File "/home/farrukh/Frontend/p2p/backend/.venv/lib64/python3.14/site-packages/asyncpg/connection.py", line 1682, in _cancel_current_command
    self._cancellations.add(self._loop.create_task(self._cancel(waiter)))
                            ~~~~~~~~~~~~~~~~~~~~~~^^^^^^^^^^^^^^^^^^^^^^
  File "/usr/lib64/python3.14/asyncio/base_events.py", line 466, in create_task
    self._check_closed()
    ~~~~~~~~~~~~~~~~~~^^
  File "/usr/lib64/python3.14/asyncio/base_events.py", line 550, in _check_closed
    raise RuntimeError('Event loop is closed')
RuntimeError: Event loop is closed
[2026-06-14 11:15:11,018: INFO/MainProcess] Task app.tasks.slot_tasks.send_slot_reminders[8d53de7e-cc5b-4850-945c-8036af4b3589] received
[2026-06-14 11:15:11,019: ERROR/ForkPoolWorker-15] Task app.tasks.slot_tasks.check_absences[58b42859-9453-46ac-946d-de32e44a6fff] raised unexpected: RuntimeError("Task <Task pending name='Task-56' coro=<_check_absences() running at /home/farrukh/Frontend/p2p/backend/app/tasks/slot_tasks.py:70> cb=[_run_until_complete_cb() at /usr/lib64/python3.14/asyncio/base_events.py:181]> got Future <Future pending cb=[BaseProtocol._on_waiter_completed()]> attached to a different loop")
Traceback (most recent call last):
  File "/home/farrukh/Frontend/p2p/backend/.venv/lib64/python3.14/site-packages/celery/app/trace.py", line 585, in trace_task
    R = retval = fun(*args, **kwargs)
                 ~~~^^^^^^^^^^^^^^^^^
  File "/home/farrukh/Frontend/p2p/backend/.venv/lib64/python3.14/site-packages/celery/app/trace.py", line 858, in __protected_call__
    return self.run(*args, **kwargs)
           ~~~~~~~~^^^^^^^^^^^^^^^^^
  File "/home/farrukh/Frontend/p2p/backend/app/tasks/slot_tasks.py", line 58, in check_absences
    return asyncio.run(_check_absences())
           ~~~~~~~~~~~^^^^^^^^^^^^^^^^^^^
  File "/usr/lib64/python3.14/asyncio/runners.py", line 204, in run
    return runner.run(main)
           ~~~~~~~~~~^^^^^^
  File "/usr/lib64/python3.14/asyncio/runners.py", line 127, in run
    return self._loop.run_until_complete(task)
           ~~~~~~~~~~~~~~~~~~~~~~~~~~~~~^^^^^^
  File "/usr/lib64/python3.14/asyncio/base_events.py", line 719, in run_until_complete
    return future.result()
           ~~~~~~~~~~~~~^^
  File "/home/farrukh/Frontend/p2p/backend/app/tasks/slot_tasks.py", line 70, in _check_absences
    slots = (await db.execute(stmt)).scalars().all()
             ^^^^^^^^^^^^^^^^^^^^^^
  File "/home/farrukh/Frontend/p2p/backend/.venv/lib64/python3.14/site-packages/sqlalchemy/ext/asyncio/session.py", line 448, in execute
    result = await greenlet_spawn(
             ^^^^^^^^^^^^^^^^^^^^^
    ...<6 lines>...
    )
    ^
  File "/home/farrukh/Frontend/p2p/backend/.venv/lib64/python3.14/site-packages/sqlalchemy/util/_concurrency_py3k.py", line 201, in greenlet_spawn
    result = context.throw(*sys.exc_info())
  File "/home/farrukh/Frontend/p2p/backend/.venv/lib64/python3.14/site-packages/sqlalchemy/orm/session.py", line 2372, in execute
    return self._execute_internal(
           ~~~~~~~~~~~~~~~~~~~~~~^
        statement,
        ^^^^^^^^^^
    ...<4 lines>...
        _add_event=_add_event,
        ^^^^^^^^^^^^^^^^^^^^^^
    )
    ^
  File "/home/farrukh/Frontend/p2p/backend/.venv/lib64/python3.14/site-packages/sqlalchemy/orm/session.py", line 2260, in _execute_internal
    conn = self._connection_for_bind(bind)
  File "/home/farrukh/Frontend/p2p/backend/.venv/lib64/python3.14/site-packages/sqlalchemy/orm/session.py", line 2112, in _connection_for_bind
    return trans._connection_for_bind(engine, execution_options)
           ~~~~~~~~~~~~~~~~~~~~~~~~~~^^^^^^^^^^^^^^^^^^^^^^^^^^^
  File "<string>", line 2, in _connection_for_bind
  File "/home/farrukh/Frontend/p2p/backend/.venv/lib64/python3.14/site-packages/sqlalchemy/orm/state_changes.py", line 137, in _go
    ret_value = fn(self, *arg, **kw)
  File "/home/farrukh/Frontend/p2p/backend/.venv/lib64/python3.14/site-packages/sqlalchemy/orm/session.py", line 1191, in _connection_for_bind
    conn = bind.connect()
  File "/home/farrukh/Frontend/p2p/backend/.venv/lib64/python3.14/site-packages/sqlalchemy/engine/base.py", line 3295, in connect
    return self._connection_cls(self)
           ~~~~~~~~~~~~~~~~~~~~^^^^^^
  File "/home/farrukh/Frontend/p2p/backend/.venv/lib64/python3.14/site-packages/sqlalchemy/engine/base.py", line 144, in __init__
    self._dbapi_connection = engine.raw_connection()
                             ~~~~~~~~~~~~~~~~~~~~~^^
  File "/home/farrukh/Frontend/p2p/backend/.venv/lib64/python3.14/site-packages/sqlalchemy/engine/base.py", line 3319, in raw_connection
    return self.pool.connect()
           ~~~~~~~~~~~~~~~~~^^
  File "/home/farrukh/Frontend/p2p/backend/.venv/lib64/python3.14/site-packages/sqlalchemy/pool/base.py", line 448, in connect
    return _ConnectionFairy._checkout(self)
           ~~~~~~~~~~~~~~~~~~~~~~~~~~^^^^^^
  File "/home/farrukh/Frontend/p2p/backend/.venv/lib64/python3.14/site-packages/sqlalchemy/pool/base.py", line 1371, in _checkout
    with util.safe_reraise():
         ~~~~~~~~~~~~~~~~~^^
  File "/home/farrukh/Frontend/p2p/backend/.venv/lib64/python3.14/site-packages/sqlalchemy/util/langhelpers.py", line 122, in __exit__
    raise exc_value.with_traceback(exc_tb)
  File "/home/farrukh/Frontend/p2p/backend/.venv/lib64/python3.14/site-packages/sqlalchemy/pool/base.py", line 1309, in _checkout
    result = pool._dialect._do_ping_w_event(
        fairy.dbapi_connection
    )
  File "/home/farrukh/Frontend/p2p/backend/.venv/lib64/python3.14/site-packages/sqlalchemy/engine/default.py", line 729, in _do_ping_w_event
    return self.do_ping(dbapi_connection)
           ~~~~~~~~~~~~^^^^^^^^^^^^^^^^^^
  File "/home/farrukh/Frontend/p2p/backend/.venv/lib64/python3.14/site-packages/sqlalchemy/dialects/postgresql/asyncpg.py", line 1164, in do_ping
    dbapi_connection.ping()
    ~~~~~~~~~~~~~~~~~~~~~^^
  File "/home/farrukh/Frontend/p2p/backend/.venv/lib64/python3.14/site-packages/sqlalchemy/dialects/postgresql/asyncpg.py", line 818, in ping
    self._handle_exception(error)
    ~~~~~~~~~~~~~~~~~~~~~~^^^^^^^
  File "/home/farrukh/Frontend/p2p/backend/.venv/lib64/python3.14/site-packages/sqlalchemy/dialects/postgresql/asyncpg.py", line 799, in _handle_exception
    raise error
  File "/home/farrukh/Frontend/p2p/backend/.venv/lib64/python3.14/site-packages/sqlalchemy/dialects/postgresql/asyncpg.py", line 816, in ping
    _ = self.await_(self._async_ping())
  File "/home/farrukh/Frontend/p2p/backend/.venv/lib64/python3.14/site-packages/sqlalchemy/util/_concurrency_py3k.py", line 132, in await_only
    return current.parent.switch(awaitable)  # type: ignore[no-any-return,attr-defined] # noqa: E501
           ~~~~~~~~~~~~~~~~~~~~~^^^^^^^^^^^
  File "/home/farrukh/Frontend/p2p/backend/.venv/lib64/python3.14/site-packages/sqlalchemy/util/_concurrency_py3k.py", line 196, in greenlet_spawn
    value = await result
            ^^^^^^^^^^^^
  File "/home/farrukh/Frontend/p2p/backend/.venv/lib64/python3.14/site-packages/sqlalchemy/dialects/postgresql/asyncpg.py", line 825, in _async_ping
    await tr.start()
  File "/home/farrukh/Frontend/p2p/backend/.venv/lib64/python3.14/site-packages/asyncpg/transaction.py", line 146, in start
    await self._connection.execute(query)
  File "/home/farrukh/Frontend/p2p/backend/.venv/lib64/python3.14/site-packages/asyncpg/connection.py", line 354, in execute
    result = await self._protocol.query(query, timeout)
             ^^^^^^^^^^^^^^^^^^^^^^^^^^^^^^^^^^^^^^^^^^
  File "asyncpg/protocol/protocol.pyx", line 369, in query
    return await waiter
RuntimeError: Task <Task pending name='Task-56' coro=<_check_absences() running at /home/farrukh/Frontend/p2p/backend/app/tasks/slot_tasks.py:70> cb=[_run_until_complete_cb() at /usr/lib64/python3.14/asyncio/base_events.py:181]> got Future <Future pending cb=[BaseProtocol._on_waiter_completed()]> attached to a different loop
[2026-06-14 11:15:11,020: ERROR/ForkPoolWorker-16] Exception terminating connection <AdaptedConnection <asyncpg.connection.Connection object at 0x7f04e2977200>>
Traceback (most recent call last):
  File "/home/farrukh/Frontend/p2p/backend/.venv/lib64/python3.14/site-packages/sqlalchemy/pool/base.py", line 373, in _close_connection
    self._dialect.do_terminate(connection)
    ~~~~~~~~~~~~~~~~~~~~~~~~~~^^^^^^^^^^^^
  File "/home/farrukh/Frontend/p2p/backend/.venv/lib64/python3.14/site-packages/sqlalchemy/dialects/postgresql/asyncpg.py", line 1131, in do_terminate
    dbapi_connection.terminate()
    ~~~~~~~~~~~~~~~~~~~~~~~~~~^^
  File "/home/farrukh/Frontend/p2p/backend/.venv/lib64/python3.14/site-packages/sqlalchemy/connectors/asyncio.py", line 402, in terminate
    self.await_(asyncio.shield(self._terminate_graceful_close()))  # type: ignore[attr-defined] # noqa: E501
    ~~~~~~~~~~~^^^^^^^^^^^^^^^^^^^^^^^^^^^^^^^^^^^^^^^^^^^^^^^^^^
  File "/home/farrukh/Frontend/p2p/backend/.venv/lib64/python3.14/site-packages/sqlalchemy/util/_concurrency_py3k.py", line 132, in await_only
    return current.parent.switch(awaitable)  # type: ignore[no-any-return,attr-defined] # noqa: E501
           ~~~~~~~~~~~~~~~~~~~~~^^^^^^^^^^^
  File "/home/farrukh/Frontend/p2p/backend/.venv/lib64/python3.14/site-packages/sqlalchemy/util/_concurrency_py3k.py", line 196, in greenlet_spawn
    value = await result
            ^^^^^^^^^^^^
  File "/home/farrukh/Frontend/p2p/backend/.venv/lib64/python3.14/site-packages/sqlalchemy/dialects/postgresql/asyncpg.py", line 912, in _terminate_graceful_close
    await self._connection.close(timeout=2)
  File "/home/farrukh/Frontend/p2p/backend/.venv/lib64/python3.14/site-packages/asyncpg/connection.py", line 1513, in close
    await self._protocol.close(timeout)
  File "asyncpg/protocol/protocol.pyx", line 617, in close
    self._request_cancel()
  File "asyncpg/protocol/protocol.pyx", line 650, in asyncpg.protocol.protocol.BaseProtocol._request_cancel
    con._cancel_current_command(self.cancel_sent_waiter)
  File "/home/farrukh/Frontend/p2p/backend/.venv/lib64/python3.14/site-packages/asyncpg/connection.py", line 1682, in _cancel_current_command
    self._cancellations.add(self._loop.create_task(self._cancel(waiter)))
                            ~~~~~~~~~~~~~~~~~~~~~~^^^^^^^^^^^^^^^^^^^^^^
  File "/usr/lib64/python3.14/asyncio/base_events.py", line 466, in create_task
    self._check_closed()
    ~~~~~~~~~~~~~~~~~~^^
  File "/usr/lib64/python3.14/asyncio/base_events.py", line 550, in _check_closed
    raise RuntimeError('Event loop is closed')
RuntimeError: Event loop is closed
[2026-06-14 11:15:11,027: ERROR/ForkPoolWorker-16] Task app.tasks.slot_tasks.send_slot_reminders[8d53de7e-cc5b-4850-945c-8036af4b3589] raised unexpected: RuntimeError("Task <Task pending name='Task-56' coro=<_send_slot_reminders() running at /home/farrukh/Frontend/p2p/backend/app/tasks/slot_tasks.py:35> cb=[_run_until_complete_cb() at /usr/lib64/python3.14/asyncio/base_events.py:181]> got Future <Future pending cb=[BaseProtocol._on_waiter_completed()]> attached to a different loop")
Traceback (most recent call last):
  File "/home/farrukh/Frontend/p2p/backend/.venv/lib64/python3.14/site-packages/celery/app/trace.py", line 585, in trace_task
    R = retval = fun(*args, **kwargs)
                 ~~~^^^^^^^^^^^^^^^^^
  File "/home/farrukh/Frontend/p2p/backend/.venv/lib64/python3.14/site-packages/celery/app/trace.py", line 858, in __protected_call__
    return self.run(*args, **kwargs)
           ~~~~~~~~^^^^^^^^^^^^^^^^^
  File "/home/farrukh/Frontend/p2p/backend/app/tasks/slot_tasks.py", line 20, in send_slot_reminders
    return asyncio.run(_send_slot_reminders())
           ~~~~~~~~~~~^^^^^^^^^^^^^^^^^^^^^^^^
  File "/usr/lib64/python3.14/asyncio/runners.py", line 204, in run
    return runner.run(main)
           ~~~~~~~~~~^^^^^^
  File "/usr/lib64/python3.14/asyncio/runners.py", line 127, in run
    return self._loop.run_until_complete(task)
           ~~~~~~~~~~~~~~~~~~~~~~~~~~~~~^^^^^^
  File "/usr/lib64/python3.14/asyncio/base_events.py", line 719, in run_until_complete
    return future.result()
           ~~~~~~~~~~~~~^^
  File "/home/farrukh/Frontend/p2p/backend/app/tasks/slot_tasks.py", line 35, in _send_slot_reminders
    slots = (await db.execute(stmt)).scalars().all()
             ^^^^^^^^^^^^^^^^^^^^^^
  File "/home/farrukh/Frontend/p2p/backend/.venv/lib64/python3.14/site-packages/sqlalchemy/ext/asyncio/session.py", line 448, in execute
    result = await greenlet_spawn(
             ^^^^^^^^^^^^^^^^^^^^^
    ...<6 lines>...
    )
    ^
  File "/home/farrukh/Frontend/p2p/backend/.venv/lib64/python3.14/site-packages/sqlalchemy/util/_concurrency_py3k.py", line 201, in greenlet_spawn
    result = context.throw(*sys.exc_info())
  File "/home/farrukh/Frontend/p2p/backend/.venv/lib64/python3.14/site-packages/sqlalchemy/orm/session.py", line 2372, in execute
    return self._execute_internal(
           ~~~~~~~~~~~~~~~~~~~~~~^
        statement,
        ^^^^^^^^^^
    ...<4 lines>...
        _add_event=_add_event,
        ^^^^^^^^^^^^^^^^^^^^^^
    )
    ^
  File "/home/farrukh/Frontend/p2p/backend/.venv/lib64/python3.14/site-packages/sqlalchemy/orm/session.py", line 2260, in _execute_internal
    conn = self._connection_for_bind(bind)
  File "/home/farrukh/Frontend/p2p/backend/.venv/lib64/python3.14/site-packages/sqlalchemy/orm/session.py", line 2112, in _connection_for_bind
    return trans._connection_for_bind(engine, execution_options)
           ~~~~~~~~~~~~~~~~~~~~~~~~~~^^^^^^^^^^^^^^^^^^^^^^^^^^^
  File "<string>", line 2, in _connection_for_bind
  File "/home/farrukh/Frontend/p2p/backend/.venv/lib64/python3.14/site-packages/sqlalchemy/orm/state_changes.py", line 137, in _go
    ret_value = fn(self, *arg, **kw)
  File "/home/farrukh/Frontend/p2p/backend/.venv/lib64/python3.14/site-packages/sqlalchemy/orm/session.py", line 1191, in _connection_for_bind
    conn = bind.connect()
  File "/home/farrukh/Frontend/p2p/backend/.venv/lib64/python3.14/site-packages/sqlalchemy/engine/base.py", line 3295, in connect
    return self._connection_cls(self)
           ~~~~~~~~~~~~~~~~~~~~^^^^^^
  File "/home/farrukh/Frontend/p2p/backend/.venv/lib64/python3.14/site-packages/sqlalchemy/engine/base.py", line 144, in __init__
    self._dbapi_connection = engine.raw_connection()
                             ~~~~~~~~~~~~~~~~~~~~~^^
  File "/home/farrukh/Frontend/p2p/backend/.venv/lib64/python3.14/site-packages/sqlalchemy/engine/base.py", line 3319, in raw_connection
    return self.pool.connect()
           ~~~~~~~~~~~~~~~~~^^
  File "/home/farrukh/Frontend/p2p/backend/.venv/lib64/python3.14/site-packages/sqlalchemy/pool/base.py", line 448, in connect
    return _ConnectionFairy._checkout(self)
           ~~~~~~~~~~~~~~~~~~~~~~~~~~^^^^^^
  File "/home/farrukh/Frontend/p2p/backend/.venv/lib64/python3.14/site-packages/sqlalchemy/pool/base.py", line 1371, in _checkout
    with util.safe_reraise():
         ~~~~~~~~~~~~~~~~~^^
  File "/home/farrukh/Frontend/p2p/backend/.venv/lib64/python3.14/site-packages/sqlalchemy/util/langhelpers.py", line 122, in __exit__
    raise exc_value.with_traceback(exc_tb)
  File "/home/farrukh/Frontend/p2p/backend/.venv/lib64/python3.14/site-packages/sqlalchemy/pool/base.py", line 1309, in _checkout
    result = pool._dialect._do_ping_w_event(
        fairy.dbapi_connection
    )
  File "/home/farrukh/Frontend/p2p/backend/.venv/lib64/python3.14/site-packages/sqlalchemy/engine/default.py", line 729, in _do_ping_w_event
    return self.do_ping(dbapi_connection)
           ~~~~~~~~~~~~^^^^^^^^^^^^^^^^^^
  File "/home/farrukh/Frontend/p2p/backend/.venv/lib64/python3.14/site-packages/sqlalchemy/dialects/postgresql/asyncpg.py", line 1164, in do_ping
    dbapi_connection.ping()
    ~~~~~~~~~~~~~~~~~~~~~^^
  File "/home/farrukh/Frontend/p2p/backend/.venv/lib64/python3.14/site-packages/sqlalchemy/dialects/postgresql/asyncpg.py", line 818, in ping
    self._handle_exception(error)
    ~~~~~~~~~~~~~~~~~~~~~~^^^^^^^
  File "/home/farrukh/Frontend/p2p/backend/.venv/lib64/python3.14/site-packages/sqlalchemy/dialects/postgresql/asyncpg.py", line 799, in _handle_exception
    raise error
  File "/home/farrukh/Frontend/p2p/backend/.venv/lib64/python3.14/site-packages/sqlalchemy/dialects/postgresql/asyncpg.py", line 816, in ping
    _ = self.await_(self._async_ping())
  File "/home/farrukh/Frontend/p2p/backend/.venv/lib64/python3.14/site-packages/sqlalchemy/util/_concurrency_py3k.py", line 132, in await_only
    return current.parent.switch(awaitable)  # type: ignore[no-any-return,attr-defined] # noqa: E501
           ~~~~~~~~~~~~~~~~~~~~~^^^^^^^^^^^
  File "/home/farrukh/Frontend/p2p/backend/.venv/lib64/python3.14/site-packages/sqlalchemy/util/_concurrency_py3k.py", line 196, in greenlet_spawn
    value = await result
            ^^^^^^^^^^^^
  File "/home/farrukh/Frontend/p2p/backend/.venv/lib64/python3.14/site-packages/sqlalchemy/dialects/postgresql/asyncpg.py", line 825, in _async_ping
    await tr.start()
  File "/home/farrukh/Frontend/p2p/backend/.venv/lib64/python3.14/site-packages/asyncpg/transaction.py", line 146, in start
    await self._connection.execute(query)
  File "/home/farrukh/Frontend/p2p/backend/.venv/lib64/python3.14/site-packages/asyncpg/connection.py", line 354, in execute
    result = await self._protocol.query(query, timeout)
             ^^^^^^^^^^^^^^^^^^^^^^^^^^^^^^^^^^^^^^^^^^
  File "asyncpg/protocol/protocol.pyx", line 369, in query
    return await waiter
RuntimeError: Task <Task pending name='Task-56' coro=<_send_slot_reminders() running at /home/farrukh/Frontend/p2p/backend/app/tasks/slot_tasks.py:35> cb=[_run_until_complete_cb() at /usr/lib64/python3.14/asyncio/base_events.py:181]> got Future <Future pending cb=[BaseProtocol._on_waiter_completed()]> attached to a different loop
[2026-06-14 11:16:11,009: INFO/MainProcess] Task app.tasks.slot_tasks.check_absences[ec6e8ef6-bb44-4323-aced-c21540828859] received
[2026-06-14 11:16:11,018: INFO/MainProcess] Task app.tasks.slot_tasks.send_slot_reminders[b04c9a56-ead1-41a3-b1b2-631f738d2586] received
2026-06-14 11:16:11,037 INFO sqlalchemy.engine.Engine BEGIN (implicit)
[2026-06-14 11:16:11,037: INFO/ForkPoolWorker-15] BEGIN (implicit)
2026-06-14 11:16:11,038 INFO sqlalchemy.engine.Engine SELECT slots.id, slots.reviewer_id, slots.reviewee_id, slots.reviewer_project, slots.reviewee_project, slots.start_time, slots.end_time, slots.actual_start, slots.actual_end, slots.duration_minutes, slots.status, slots.is_online, slots.campus, slots.reviewer_started, slots.reviewee_started, slots.reviewer_finished, slots.reviewee_finished, slots.absent_by, slots.absent_at, slots.cancelled_by, slots.cancel_reason, slots.created_at, slots.updated_at 
FROM slots 
WHERE slots.status = $1::VARCHAR AND slots.start_time < $2::TIMESTAMP WITH TIME ZONE
[2026-06-14 11:16:11,038: INFO/ForkPoolWorker-15] SELECT slots.id, slots.reviewer_id, slots.reviewee_id, slots.reviewer_project, slots.reviewee_project, slots.start_time, slots.end_time, slots.actual_start, slots.actual_end, slots.duration_minutes, slots.status, slots.is_online, slots.campus, slots.reviewer_started, slots.reviewee_started, slots.reviewer_finished, slots.reviewee_finished, slots.absent_by, slots.absent_at, slots.cancelled_by, slots.cancel_reason, slots.created_at, slots.updated_at 
FROM slots 
WHERE slots.status = $1::VARCHAR AND slots.start_time < $2::TIMESTAMP WITH TIME ZONE
2026-06-14 11:16:11,038 INFO sqlalchemy.engine.Engine [cached since 720s ago] ('booked', datetime.datetime(2026, 6, 14, 6, 1, 11, 11302, tzinfo=datetime.timezone.utc))
[2026-06-14 11:16:11,038: INFO/ForkPoolWorker-15] [cached since 720s ago] ('booked', datetime.datetime(2026, 6, 14, 6, 1, 11, 11302, tzinfo=datetime.timezone.utc))
2026-06-14 11:16:11,041 INFO sqlalchemy.engine.Engine ROLLBACK
[2026-06-14 11:16:11,041: INFO/ForkPoolWorker-15] ROLLBACK
[2026-06-14 11:16:11,042: INFO/ForkPoolWorker-15] Task app.tasks.slot_tasks.check_absences[ec6e8ef6-bb44-4323-aced-c21540828859] succeeded in 0.03226951699980418s: 0
2026-06-14 11:16:11,047 INFO sqlalchemy.engine.Engine BEGIN (implicit)
[2026-06-14 11:16:11,047: INFO/ForkPoolWorker-16] BEGIN (implicit)
2026-06-14 11:16:11,047 INFO sqlalchemy.engine.Engine SELECT slots.id, slots.reviewer_id, slots.reviewee_id, slots.reviewer_project, slots.reviewee_project, slots.start_time, slots.end_time, slots.actual_start, slots.actual_end, slots.duration_minutes, slots.status, slots.is_online, slots.campus, slots.reviewer_started, slots.reviewee_started, slots.reviewer_finished, slots.reviewee_finished, slots.absent_by, slots.absent_at, slots.cancelled_by, slots.cancel_reason, slots.created_at, slots.updated_at 
FROM slots 
WHERE slots.status = $1::VARCHAR AND slots.start_time >= $2::TIMESTAMP WITH TIME ZONE AND slots.start_time < $3::TIMESTAMP WITH TIME ZONE
[2026-06-14 11:16:11,047: INFO/ForkPoolWorker-16] SELECT slots.id, slots.reviewer_id, slots.reviewee_id, slots.reviewer_project, slots.reviewee_project, slots.start_time, slots.end_time, slots.actual_start, slots.actual_end, slots.duration_minutes, slots.status, slots.is_online, slots.campus, slots.reviewer_started, slots.reviewee_started, slots.reviewer_finished, slots.reviewee_finished, slots.absent_by, slots.absent_at, slots.cancelled_by, slots.cancel_reason, slots.created_at, slots.updated_at 
FROM slots 
WHERE slots.status = $1::VARCHAR AND slots.start_time >= $2::TIMESTAMP WITH TIME ZONE AND slots.start_time < $3::TIMESTAMP WITH TIME ZONE
2026-06-14 11:16:11,048 INFO sqlalchemy.engine.Engine [cached since 720s ago] ('booked', datetime.datetime(2026, 6, 14, 6, 31, 11, 20653, tzinfo=datetime.timezone.utc), datetime.datetime(2026, 6, 14, 6, 32, 11, 20653, tzinfo=datetime.timezone.utc))
[2026-06-14 11:16:11,048: INFO/ForkPoolWorker-16] [cached since 720s ago] ('booked', datetime.datetime(2026, 6, 14, 6, 31, 11, 20653, tzinfo=datetime.timezone.utc), datetime.datetime(2026, 6, 14, 6, 32, 11, 20653, tzinfo=datetime.timezone.utc))
2026-06-14 11:16:11,050 INFO sqlalchemy.engine.Engine COMMIT
[2026-06-14 11:16:11,050: INFO/ForkPoolWorker-16] COMMIT
[2026-06-14 11:16:11,052: INFO/ForkPoolWorker-16] Task app.tasks.slot_tasks.send_slot_reminders[b04c9a56-ead1-41a3-b1b2-631f738d2586] succeeded in 0.03245640600016486s: 0
[2026-06-14 11:17:11,009: INFO/MainProcess] Task app.tasks.slot_tasks.check_absences[d4ae0cbe-0655-478e-a5e4-517e84bdcf9f] received
[2026-06-14 11:17:11,012: ERROR/ForkPoolWorker-15] Exception terminating connection <AdaptedConnection <asyncpg.connection.Connection object at 0x7f04e2974230>>
Traceback (most recent call last):
  File "/home/farrukh/Frontend/p2p/backend/.venv/lib64/python3.14/site-packages/sqlalchemy/pool/base.py", line 373, in _close_connection
    self._dialect.do_terminate(connection)
    ~~~~~~~~~~~~~~~~~~~~~~~~~~^^^^^^^^^^^^
  File "/home/farrukh/Frontend/p2p/backend/.venv/lib64/python3.14/site-packages/sqlalchemy/dialects/postgresql/asyncpg.py", line 1131, in do_terminate
    dbapi_connection.terminate()
    ~~~~~~~~~~~~~~~~~~~~~~~~~~^^
  File "/home/farrukh/Frontend/p2p/backend/.venv/lib64/python3.14/site-packages/sqlalchemy/connectors/asyncio.py", line 402, in terminate
    self.await_(asyncio.shield(self._terminate_graceful_close()))  # type: ignore[attr-defined] # noqa: E501
    ~~~~~~~~~~~^^^^^^^^^^^^^^^^^^^^^^^^^^^^^^^^^^^^^^^^^^^^^^^^^^
  File "/home/farrukh/Frontend/p2p/backend/.venv/lib64/python3.14/site-packages/sqlalchemy/util/_concurrency_py3k.py", line 132, in await_only
    return current.parent.switch(awaitable)  # type: ignore[no-any-return,attr-defined] # noqa: E501
           ~~~~~~~~~~~~~~~~~~~~~^^^^^^^^^^^
  File "/home/farrukh/Frontend/p2p/backend/.venv/lib64/python3.14/site-packages/sqlalchemy/util/_concurrency_py3k.py", line 196, in greenlet_spawn
    value = await result
            ^^^^^^^^^^^^
  File "/home/farrukh/Frontend/p2p/backend/.venv/lib64/python3.14/site-packages/sqlalchemy/dialects/postgresql/asyncpg.py", line 912, in _terminate_graceful_close
    await self._connection.close(timeout=2)
  File "/home/farrukh/Frontend/p2p/backend/.venv/lib64/python3.14/site-packages/asyncpg/connection.py", line 1513, in close
    await self._protocol.close(timeout)
  File "asyncpg/protocol/protocol.pyx", line 617, in close
    self._request_cancel()
  File "asyncpg/protocol/protocol.pyx", line 650, in asyncpg.protocol.protocol.BaseProtocol._request_cancel
    con._cancel_current_command(self.cancel_sent_waiter)
  File "/home/farrukh/Frontend/p2p/backend/.venv/lib64/python3.14/site-packages/asyncpg/connection.py", line 1682, in _cancel_current_command
    self._cancellations.add(self._loop.create_task(self._cancel(waiter)))
                            ~~~~~~~~~~~~~~~~~~~~~~^^^^^^^^^^^^^^^^^^^^^^
  File "/usr/lib64/python3.14/asyncio/base_events.py", line 466, in create_task
    self._check_closed()
    ~~~~~~~~~~~~~~~~~~^^
  File "/usr/lib64/python3.14/asyncio/base_events.py", line 550, in _check_closed
    raise RuntimeError('Event loop is closed')
RuntimeError: Event loop is closed
[2026-06-14 11:17:11,018: INFO/MainProcess] Task app.tasks.slot_tasks.send_slot_reminders[db92bb1c-c438-47b6-9f5c-36ce166feb98] received
[2026-06-14 11:17:11,019: ERROR/ForkPoolWorker-15] Task app.tasks.slot_tasks.check_absences[d4ae0cbe-0655-478e-a5e4-517e84bdcf9f] raised unexpected: RuntimeError("Task <Task pending name='Task-66' coro=<_check_absences() running at /home/farrukh/Frontend/p2p/backend/app/tasks/slot_tasks.py:70> cb=[_run_until_complete_cb() at /usr/lib64/python3.14/asyncio/base_events.py:181]> got Future <Future pending cb=[BaseProtocol._on_waiter_completed()]> attached to a different loop")
Traceback (most recent call last):
  File "/home/farrukh/Frontend/p2p/backend/.venv/lib64/python3.14/site-packages/celery/app/trace.py", line 585, in trace_task
    R = retval = fun(*args, **kwargs)
                 ~~~^^^^^^^^^^^^^^^^^
  File "/home/farrukh/Frontend/p2p/backend/.venv/lib64/python3.14/site-packages/celery/app/trace.py", line 858, in __protected_call__
    return self.run(*args, **kwargs)
           ~~~~~~~~^^^^^^^^^^^^^^^^^
  File "/home/farrukh/Frontend/p2p/backend/app/tasks/slot_tasks.py", line 58, in check_absences
    return asyncio.run(_check_absences())
           ~~~~~~~~~~~^^^^^^^^^^^^^^^^^^^
  File "/usr/lib64/python3.14/asyncio/runners.py", line 204, in run
    return runner.run(main)
           ~~~~~~~~~~^^^^^^
  File "/usr/lib64/python3.14/asyncio/runners.py", line 127, in run
    return self._loop.run_until_complete(task)
           ~~~~~~~~~~~~~~~~~~~~~~~~~~~~~^^^^^^
  File "/usr/lib64/python3.14/asyncio/base_events.py", line 719, in run_until_complete
    return future.result()
           ~~~~~~~~~~~~~^^
  File "/home/farrukh/Frontend/p2p/backend/app/tasks/slot_tasks.py", line 70, in _check_absences
    slots = (await db.execute(stmt)).scalars().all()
             ^^^^^^^^^^^^^^^^^^^^^^
  File "/home/farrukh/Frontend/p2p/backend/.venv/lib64/python3.14/site-packages/sqlalchemy/ext/asyncio/session.py", line 448, in execute
    result = await greenlet_spawn(
             ^^^^^^^^^^^^^^^^^^^^^
    ...<6 lines>...
    )
    ^
  File "/home/farrukh/Frontend/p2p/backend/.venv/lib64/python3.14/site-packages/sqlalchemy/util/_concurrency_py3k.py", line 201, in greenlet_spawn
    result = context.throw(*sys.exc_info())
  File "/home/farrukh/Frontend/p2p/backend/.venv/lib64/python3.14/site-packages/sqlalchemy/orm/session.py", line 2372, in execute
    return self._execute_internal(
           ~~~~~~~~~~~~~~~~~~~~~~^
        statement,
        ^^^^^^^^^^
    ...<4 lines>...
        _add_event=_add_event,
        ^^^^^^^^^^^^^^^^^^^^^^
    )
    ^
  File "/home/farrukh/Frontend/p2p/backend/.venv/lib64/python3.14/site-packages/sqlalchemy/orm/session.py", line 2260, in _execute_internal
    conn = self._connection_for_bind(bind)
  File "/home/farrukh/Frontend/p2p/backend/.venv/lib64/python3.14/site-packages/sqlalchemy/orm/session.py", line 2112, in _connection_for_bind
    return trans._connection_for_bind(engine, execution_options)
           ~~~~~~~~~~~~~~~~~~~~~~~~~~^^^^^^^^^^^^^^^^^^^^^^^^^^^
  File "<string>", line 2, in _connection_for_bind
  File "/home/farrukh/Frontend/p2p/backend/.venv/lib64/python3.14/site-packages/sqlalchemy/orm/state_changes.py", line 137, in _go
    ret_value = fn(self, *arg, **kw)
  File "/home/farrukh/Frontend/p2p/backend/.venv/lib64/python3.14/site-packages/sqlalchemy/orm/session.py", line 1191, in _connection_for_bind
    conn = bind.connect()
  File "/home/farrukh/Frontend/p2p/backend/.venv/lib64/python3.14/site-packages/sqlalchemy/engine/base.py", line 3295, in connect
    return self._connection_cls(self)
           ~~~~~~~~~~~~~~~~~~~~^^^^^^
  File "/home/farrukh/Frontend/p2p/backend/.venv/lib64/python3.14/site-packages/sqlalchemy/engine/base.py", line 144, in __init__
    self._dbapi_connection = engine.raw_connection()
                             ~~~~~~~~~~~~~~~~~~~~~^^
  File "/home/farrukh/Frontend/p2p/backend/.venv/lib64/python3.14/site-packages/sqlalchemy/engine/base.py", line 3319, in raw_connection
    return self.pool.connect()
           ~~~~~~~~~~~~~~~~~^^
  File "/home/farrukh/Frontend/p2p/backend/.venv/lib64/python3.14/site-packages/sqlalchemy/pool/base.py", line 448, in connect
    return _ConnectionFairy._checkout(self)
           ~~~~~~~~~~~~~~~~~~~~~~~~~~^^^^^^
  File "/home/farrukh/Frontend/p2p/backend/.venv/lib64/python3.14/site-packages/sqlalchemy/pool/base.py", line 1371, in _checkout
    with util.safe_reraise():
         ~~~~~~~~~~~~~~~~~^^
  File "/home/farrukh/Frontend/p2p/backend/.venv/lib64/python3.14/site-packages/sqlalchemy/util/langhelpers.py", line 122, in __exit__
    raise exc_value.with_traceback(exc_tb)
  File "/home/farrukh/Frontend/p2p/backend/.venv/lib64/python3.14/site-packages/sqlalchemy/pool/base.py", line 1309, in _checkout
    result = pool._dialect._do_ping_w_event(
        fairy.dbapi_connection
    )
  File "/home/farrukh/Frontend/p2p/backend/.venv/lib64/python3.14/site-packages/sqlalchemy/engine/default.py", line 729, in _do_ping_w_event
    return self.do_ping(dbapi_connection)
           ~~~~~~~~~~~~^^^^^^^^^^^^^^^^^^
  File "/home/farrukh/Frontend/p2p/backend/.venv/lib64/python3.14/site-packages/sqlalchemy/dialects/postgresql/asyncpg.py", line 1164, in do_ping
    dbapi_connection.ping()
    ~~~~~~~~~~~~~~~~~~~~~^^
  File "/home/farrukh/Frontend/p2p/backend/.venv/lib64/python3.14/site-packages/sqlalchemy/dialects/postgresql/asyncpg.py", line 818, in ping
    self._handle_exception(error)
    ~~~~~~~~~~~~~~~~~~~~~~^^^^^^^
  File "/home/farrukh/Frontend/p2p/backend/.venv/lib64/python3.14/site-packages/sqlalchemy/dialects/postgresql/asyncpg.py", line 799, in _handle_exception
    raise error
  File "/home/farrukh/Frontend/p2p/backend/.venv/lib64/python3.14/site-packages/sqlalchemy/dialects/postgresql/asyncpg.py", line 816, in ping
    _ = self.await_(self._async_ping())
  File "/home/farrukh/Frontend/p2p/backend/.venv/lib64/python3.14/site-packages/sqlalchemy/util/_concurrency_py3k.py", line 132, in await_only
    return current.parent.switch(awaitable)  # type: ignore[no-any-return,attr-defined] # noqa: E501
           ~~~~~~~~~~~~~~~~~~~~~^^^^^^^^^^^
  File "/home/farrukh/Frontend/p2p/backend/.venv/lib64/python3.14/site-packages/sqlalchemy/util/_concurrency_py3k.py", line 196, in greenlet_spawn
    value = await result
            ^^^^^^^^^^^^
  File "/home/farrukh/Frontend/p2p/backend/.venv/lib64/python3.14/site-packages/sqlalchemy/dialects/postgresql/asyncpg.py", line 825, in _async_ping
    await tr.start()
  File "/home/farrukh/Frontend/p2p/backend/.venv/lib64/python3.14/site-packages/asyncpg/transaction.py", line 146, in start
    await self._connection.execute(query)
  File "/home/farrukh/Frontend/p2p/backend/.venv/lib64/python3.14/site-packages/asyncpg/connection.py", line 354, in execute
    result = await self._protocol.query(query, timeout)
             ^^^^^^^^^^^^^^^^^^^^^^^^^^^^^^^^^^^^^^^^^^
  File "asyncpg/protocol/protocol.pyx", line 369, in query
    return await waiter
RuntimeError: Task <Task pending name='Task-66' coro=<_check_absences() running at /home/farrukh/Frontend/p2p/backend/app/tasks/slot_tasks.py:70> cb=[_run_until_complete_cb() at /usr/lib64/python3.14/asyncio/base_events.py:181]> got Future <Future pending cb=[BaseProtocol._on_waiter_completed()]> attached to a different loop
[2026-06-14 11:17:11,020: ERROR/ForkPoolWorker-16] Exception terminating connection <AdaptedConnection <asyncpg.connection.Connection object at 0x7f04e29776b0>>
Traceback (most recent call last):
  File "/home/farrukh/Frontend/p2p/backend/.venv/lib64/python3.14/site-packages/sqlalchemy/pool/base.py", line 373, in _close_connection
    self._dialect.do_terminate(connection)
    ~~~~~~~~~~~~~~~~~~~~~~~~~~^^^^^^^^^^^^
  File "/home/farrukh/Frontend/p2p/backend/.venv/lib64/python3.14/site-packages/sqlalchemy/dialects/postgresql/asyncpg.py", line 1131, in do_terminate
    dbapi_connection.terminate()
    ~~~~~~~~~~~~~~~~~~~~~~~~~~^^
  File "/home/farrukh/Frontend/p2p/backend/.venv/lib64/python3.14/site-packages/sqlalchemy/connectors/asyncio.py", line 402, in terminate
    self.await_(asyncio.shield(self._terminate_graceful_close()))  # type: ignore[attr-defined] # noqa: E501
    ~~~~~~~~~~~^^^^^^^^^^^^^^^^^^^^^^^^^^^^^^^^^^^^^^^^^^^^^^^^^^
  File "/home/farrukh/Frontend/p2p/backend/.venv/lib64/python3.14/site-packages/sqlalchemy/util/_concurrency_py3k.py", line 132, in await_only
    return current.parent.switch(awaitable)  # type: ignore[no-any-return,attr-defined] # noqa: E501
           ~~~~~~~~~~~~~~~~~~~~~^^^^^^^^^^^
  File "/home/farrukh/Frontend/p2p/backend/.venv/lib64/python3.14/site-packages/sqlalchemy/util/_concurrency_py3k.py", line 196, in greenlet_spawn
    value = await result
            ^^^^^^^^^^^^
  File "/home/farrukh/Frontend/p2p/backend/.venv/lib64/python3.14/site-packages/sqlalchemy/dialects/postgresql/asyncpg.py", line 912, in _terminate_graceful_close
    await self._connection.close(timeout=2)
  File "/home/farrukh/Frontend/p2p/backend/.venv/lib64/python3.14/site-packages/asyncpg/connection.py", line 1513, in close
    await self._protocol.close(timeout)
  File "asyncpg/protocol/protocol.pyx", line 617, in close
    self._request_cancel()
  File "asyncpg/protocol/protocol.pyx", line 650, in asyncpg.protocol.protocol.BaseProtocol._request_cancel
    con._cancel_current_command(self.cancel_sent_waiter)
  File "/home/farrukh/Frontend/p2p/backend/.venv/lib64/python3.14/site-packages/asyncpg/connection.py", line 1682, in _cancel_current_command
    self._cancellations.add(self._loop.create_task(self._cancel(waiter)))
                            ~~~~~~~~~~~~~~~~~~~~~~^^^^^^^^^^^^^^^^^^^^^^
  File "/usr/lib64/python3.14/asyncio/base_events.py", line 466, in create_task
    self._check_closed()
    ~~~~~~~~~~~~~~~~~~^^
  File "/usr/lib64/python3.14/asyncio/base_events.py", line 550, in _check_closed
    raise RuntimeError('Event loop is closed')
RuntimeError: Event loop is closed
[2026-06-14 11:17:11,029: ERROR/ForkPoolWorker-16] Task app.tasks.slot_tasks.send_slot_reminders[db92bb1c-c438-47b6-9f5c-36ce166feb98] raised unexpected: RuntimeError("Task <Task pending name='Task-66' coro=<_send_slot_reminders() running at /home/farrukh/Frontend/p2p/backend/app/tasks/slot_tasks.py:35> cb=[_run_until_complete_cb() at /usr/lib64/python3.14/asyncio/base_events.py:181]> got Future <Future pending cb=[BaseProtocol._on_waiter_completed()]> attached to a different loop")
Traceback (most recent call last):
  File "/home/farrukh/Frontend/p2p/backend/.venv/lib64/python3.14/site-packages/celery/app/trace.py", line 585, in trace_task
    R = retval = fun(*args, **kwargs)
                 ~~~^^^^^^^^^^^^^^^^^
  File "/home/farrukh/Frontend/p2p/backend/.venv/lib64/python3.14/site-packages/celery/app/trace.py", line 858, in __protected_call__
    return self.run(*args, **kwargs)
           ~~~~~~~~^^^^^^^^^^^^^^^^^
  File "/home/farrukh/Frontend/p2p/backend/app/tasks/slot_tasks.py", line 20, in send_slot_reminders
    return asyncio.run(_send_slot_reminders())
           ~~~~~~~~~~~^^^^^^^^^^^^^^^^^^^^^^^^
  File "/usr/lib64/python3.14/asyncio/runners.py", line 204, in run
    return runner.run(main)
           ~~~~~~~~~~^^^^^^
  File "/usr/lib64/python3.14/asyncio/runners.py", line 127, in run
    return self._loop.run_until_complete(task)
           ~~~~~~~~~~~~~~~~~~~~~~~~~~~~~^^^^^^
  File "/usr/lib64/python3.14/asyncio/base_events.py", line 719, in run_until_complete
    return future.result()
           ~~~~~~~~~~~~~^^
  File "/home/farrukh/Frontend/p2p/backend/app/tasks/slot_tasks.py", line 35, in _send_slot_reminders
    slots = (await db.execute(stmt)).scalars().all()
             ^^^^^^^^^^^^^^^^^^^^^^
  File "/home/farrukh/Frontend/p2p/backend/.venv/lib64/python3.14/site-packages/sqlalchemy/ext/asyncio/session.py", line 448, in execute
    result = await greenlet_spawn(
             ^^^^^^^^^^^^^^^^^^^^^
    ...<6 lines>...
    )
    ^
  File "/home/farrukh/Frontend/p2p/backend/.venv/lib64/python3.14/site-packages/sqlalchemy/util/_concurrency_py3k.py", line 201, in greenlet_spawn
    result = context.throw(*sys.exc_info())
  File "/home/farrukh/Frontend/p2p/backend/.venv/lib64/python3.14/site-packages/sqlalchemy/orm/session.py", line 2372, in execute
    return self._execute_internal(
           ~~~~~~~~~~~~~~~~~~~~~~^
        statement,
        ^^^^^^^^^^
    ...<4 lines>...
        _add_event=_add_event,
        ^^^^^^^^^^^^^^^^^^^^^^
    )
    ^
  File "/home/farrukh/Frontend/p2p/backend/.venv/lib64/python3.14/site-packages/sqlalchemy/orm/session.py", line 2260, in _execute_internal
    conn = self._connection_for_bind(bind)
  File "/home/farrukh/Frontend/p2p/backend/.venv/lib64/python3.14/site-packages/sqlalchemy/orm/session.py", line 2112, in _connection_for_bind
    return trans._connection_for_bind(engine, execution_options)
           ~~~~~~~~~~~~~~~~~~~~~~~~~~^^^^^^^^^^^^^^^^^^^^^^^^^^^
  File "<string>", line 2, in _connection_for_bind
  File "/home/farrukh/Frontend/p2p/backend/.venv/lib64/python3.14/site-packages/sqlalchemy/orm/state_changes.py", line 137, in _go
    ret_value = fn(self, *arg, **kw)
  File "/home/farrukh/Frontend/p2p/backend/.venv/lib64/python3.14/site-packages/sqlalchemy/orm/session.py", line 1191, in _connection_for_bind
    conn = bind.connect()
  File "/home/farrukh/Frontend/p2p/backend/.venv/lib64/python3.14/site-packages/sqlalchemy/engine/base.py", line 3295, in connect
    return self._connection_cls(self)
           ~~~~~~~~~~~~~~~~~~~~^^^^^^
  File "/home/farrukh/Frontend/p2p/backend/.venv/lib64/python3.14/site-packages/sqlalchemy/engine/base.py", line 144, in __init__
    self._dbapi_connection = engine.raw_connection()
                             ~~~~~~~~~~~~~~~~~~~~~^^
  File "/home/farrukh/Frontend/p2p/backend/.venv/lib64/python3.14/site-packages/sqlalchemy/engine/base.py", line 3319, in raw_connection
    return self.pool.connect()
           ~~~~~~~~~~~~~~~~~^^
  File "/home/farrukh/Frontend/p2p/backend/.venv/lib64/python3.14/site-packages/sqlalchemy/pool/base.py", line 448, in connect
    return _ConnectionFairy._checkout(self)
           ~~~~~~~~~~~~~~~~~~~~~~~~~~^^^^^^
  File "/home/farrukh/Frontend/p2p/backend/.venv/lib64/python3.14/site-packages/sqlalchemy/pool/base.py", line 1371, in _checkout
    with util.safe_reraise():
         ~~~~~~~~~~~~~~~~~^^
  File "/home/farrukh/Frontend/p2p/backend/.venv/lib64/python3.14/site-packages/sqlalchemy/util/langhelpers.py", line 122, in __exit__
    raise exc_value.with_traceback(exc_tb)
  File "/home/farrukh/Frontend/p2p/backend/.venv/lib64/python3.14/site-packages/sqlalchemy/pool/base.py", line 1309, in _checkout
    result = pool._dialect._do_ping_w_event(
        fairy.dbapi_connection
    )
  File "/home/farrukh/Frontend/p2p/backend/.venv/lib64/python3.14/site-packages/sqlalchemy/engine/default.py", line 729, in _do_ping_w_event
    return self.do_ping(dbapi_connection)
           ~~~~~~~~~~~~^^^^^^^^^^^^^^^^^^
  File "/home/farrukh/Frontend/p2p/backend/.venv/lib64/python3.14/site-packages/sqlalchemy/dialects/postgresql/asyncpg.py", line 1164, in do_ping
    dbapi_connection.ping()
    ~~~~~~~~~~~~~~~~~~~~~^^
  File "/home/farrukh/Frontend/p2p/backend/.venv/lib64/python3.14/site-packages/sqlalchemy/dialects/postgresql/asyncpg.py", line 818, in ping
    self._handle_exception(error)
    ~~~~~~~~~~~~~~~~~~~~~~^^^^^^^
  File "/home/farrukh/Frontend/p2p/backend/.venv/lib64/python3.14/site-packages/sqlalchemy/dialects/postgresql/asyncpg.py", line 799, in _handle_exception
    raise error
  File "/home/farrukh/Frontend/p2p/backend/.venv/lib64/python3.14/site-packages/sqlalchemy/dialects/postgresql/asyncpg.py", line 816, in ping
    _ = self.await_(self._async_ping())
  File "/home/farrukh/Frontend/p2p/backend/.venv/lib64/python3.14/site-packages/sqlalchemy/util/_concurrency_py3k.py", line 132, in await_only
    return current.parent.switch(awaitable)  # type: ignore[no-any-return,attr-defined] # noqa: E501
           ~~~~~~~~~~~~~~~~~~~~~^^^^^^^^^^^
  File "/home/farrukh/Frontend/p2p/backend/.venv/lib64/python3.14/site-packages/sqlalchemy/util/_concurrency_py3k.py", line 196, in greenlet_spawn
    value = await result
            ^^^^^^^^^^^^
  File "/home/farrukh/Frontend/p2p/backend/.venv/lib64/python3.14/site-packages/sqlalchemy/dialects/postgresql/asyncpg.py", line 825, in _async_ping
    await tr.start()
  File "/home/farrukh/Frontend/p2p/backend/.venv/lib64/python3.14/site-packages/asyncpg/transaction.py", line 146, in start
    await self._connection.execute(query)
  File "/home/farrukh/Frontend/p2p/backend/.venv/lib64/python3.14/site-packages/asyncpg/connection.py", line 354, in execute
    result = await self._protocol.query(query, timeout)
             ^^^^^^^^^^^^^^^^^^^^^^^^^^^^^^^^^^^^^^^^^^
  File "asyncpg/protocol/protocol.pyx", line 369, in query
    return await waiter
RuntimeError: Task <Task pending name='Task-66' coro=<_send_slot_reminders() running at /home/farrukh/Frontend/p2p/backend/app/tasks/slot_tasks.py:35> cb=[_run_until_complete_cb() at /usr/lib64/python3.14/asyncio/base_events.py:181]> got Future <Future pending cb=[BaseProtocol._on_waiter_completed()]> attached to a different loop
[2026-06-14 11:18:11,009: INFO/MainProcess] Task app.tasks.slot_tasks.check_absences[7a1d473c-0f03-4f53-bad5-f8870cc27993] received
[2026-06-14 11:18:11,018: INFO/MainProcess] Task app.tasks.slot_tasks.send_slot_reminders[7bc6fe0f-5676-4b22-9b7a-6e674d59737f] received
2026-06-14 11:18:11,037 INFO sqlalchemy.engine.Engine BEGIN (implicit)
[2026-06-14 11:18:11,037: INFO/ForkPoolWorker-15] BEGIN (implicit)
2026-06-14 11:18:11,037 INFO sqlalchemy.engine.Engine SELECT slots.id, slots.reviewer_id, slots.reviewee_id, slots.reviewer_project, slots.reviewee_project, slots.start_time, slots.end_time, slots.actual_start, slots.actual_end, slots.duration_minutes, slots.status, slots.is_online, slots.campus, slots.reviewer_started, slots.reviewee_started, slots.reviewer_finished, slots.reviewee_finished, slots.absent_by, slots.absent_at, slots.cancelled_by, slots.cancel_reason, slots.created_at, slots.updated_at 
FROM slots 
WHERE slots.status = $1::VARCHAR AND slots.start_time < $2::TIMESTAMP WITH TIME ZONE
[2026-06-14 11:18:11,037: INFO/ForkPoolWorker-15] SELECT slots.id, slots.reviewer_id, slots.reviewee_id, slots.reviewer_project, slots.reviewee_project, slots.start_time, slots.end_time, slots.actual_start, slots.actual_end, slots.duration_minutes, slots.status, slots.is_online, slots.campus, slots.reviewer_started, slots.reviewee_started, slots.reviewer_finished, slots.reviewee_finished, slots.absent_by, slots.absent_at, slots.cancelled_by, slots.cancel_reason, slots.created_at, slots.updated_at 
FROM slots 
WHERE slots.status = $1::VARCHAR AND slots.start_time < $2::TIMESTAMP WITH TIME ZONE
2026-06-14 11:18:11,038 INFO sqlalchemy.engine.Engine [cached since 840s ago] ('booked', datetime.datetime(2026, 6, 14, 6, 3, 11, 11468, tzinfo=datetime.timezone.utc))
[2026-06-14 11:18:11,038: INFO/ForkPoolWorker-15] [cached since 840s ago] ('booked', datetime.datetime(2026, 6, 14, 6, 3, 11, 11468, tzinfo=datetime.timezone.utc))
2026-06-14 11:18:11,041 INFO sqlalchemy.engine.Engine ROLLBACK
[2026-06-14 11:18:11,041: INFO/ForkPoolWorker-15] ROLLBACK
[2026-06-14 11:18:11,043: INFO/ForkPoolWorker-15] Task app.tasks.slot_tasks.check_absences[7a1d473c-0f03-4f53-bad5-f8870cc27993] succeeded in 0.032829180999669916s: 0
2026-06-14 11:18:11,045 INFO sqlalchemy.engine.Engine BEGIN (implicit)
[2026-06-14 11:18:11,045: INFO/ForkPoolWorker-16] BEGIN (implicit)
2026-06-14 11:18:11,045 INFO sqlalchemy.engine.Engine SELECT slots.id, slots.reviewer_id, slots.reviewee_id, slots.reviewer_project, slots.reviewee_project, slots.start_time, slots.end_time, slots.actual_start, slots.actual_end, slots.duration_minutes, slots.status, slots.is_online, slots.campus, slots.reviewer_started, slots.reviewee_started, slots.reviewer_finished, slots.reviewee_finished, slots.absent_by, slots.absent_at, slots.cancelled_by, slots.cancel_reason, slots.created_at, slots.updated_at 
FROM slots 
WHERE slots.status = $1::VARCHAR AND slots.start_time >= $2::TIMESTAMP WITH TIME ZONE AND slots.start_time < $3::TIMESTAMP WITH TIME ZONE
[2026-06-14 11:18:11,045: INFO/ForkPoolWorker-16] SELECT slots.id, slots.reviewer_id, slots.reviewee_id, slots.reviewer_project, slots.reviewee_project, slots.start_time, slots.end_time, slots.actual_start, slots.actual_end, slots.duration_minutes, slots.status, slots.is_online, slots.campus, slots.reviewer_started, slots.reviewee_started, slots.reviewer_finished, slots.reviewee_finished, slots.absent_by, slots.absent_at, slots.cancelled_by, slots.cancel_reason, slots.created_at, slots.updated_at 
FROM slots 
WHERE slots.status = $1::VARCHAR AND slots.start_time >= $2::TIMESTAMP WITH TIME ZONE AND slots.start_time < $3::TIMESTAMP WITH TIME ZONE
2026-06-14 11:18:11,046 INFO sqlalchemy.engine.Engine [cached since 840s ago] ('booked', datetime.datetime(2026, 6, 14, 6, 33, 11, 20215, tzinfo=datetime.timezone.utc), datetime.datetime(2026, 6, 14, 6, 34, 11, 20215, tzinfo=datetime.timezone.utc))
[2026-06-14 11:18:11,046: INFO/ForkPoolWorker-16] [cached since 840s ago] ('booked', datetime.datetime(2026, 6, 14, 6, 33, 11, 20215, tzinfo=datetime.timezone.utc), datetime.datetime(2026, 6, 14, 6, 34, 11, 20215, tzinfo=datetime.timezone.utc))
2026-06-14 11:18:11,048 INFO sqlalchemy.engine.Engine COMMIT
[2026-06-14 11:18:11,048: INFO/ForkPoolWorker-16] COMMIT
[2026-06-14 11:18:11,049: INFO/ForkPoolWorker-16] Task app.tasks.slot_tasks.send_slot_reminders[7bc6fe0f-5676-4b22-9b7a-6e674d59737f] succeeded in 0.030588056000397046s: 0
[2026-06-14 11:19:11,009: INFO/MainProcess] Task app.tasks.slot_tasks.check_absences[06a62bf2-3c0d-4827-a89c-ba67e2b01ea8] received
[2026-06-14 11:19:11,012: ERROR/ForkPoolWorker-15] Exception terminating connection <AdaptedConnection <asyncpg.connection.Connection object at 0x7f04e29776b0>>
Traceback (most recent call last):
  File "/home/farrukh/Frontend/p2p/backend/.venv/lib64/python3.14/site-packages/sqlalchemy/pool/base.py", line 373, in _close_connection
    self._dialect.do_terminate(connection)
    ~~~~~~~~~~~~~~~~~~~~~~~~~~^^^^^^^^^^^^
  File "/home/farrukh/Frontend/p2p/backend/.venv/lib64/python3.14/site-packages/sqlalchemy/dialects/postgresql/asyncpg.py", line 1131, in do_terminate
    dbapi_connection.terminate()
    ~~~~~~~~~~~~~~~~~~~~~~~~~~^^
  File "/home/farrukh/Frontend/p2p/backend/.venv/lib64/python3.14/site-packages/sqlalchemy/connectors/asyncio.py", line 402, in terminate
    self.await_(asyncio.shield(self._terminate_graceful_close()))  # type: ignore[attr-defined] # noqa: E501
    ~~~~~~~~~~~^^^^^^^^^^^^^^^^^^^^^^^^^^^^^^^^^^^^^^^^^^^^^^^^^^
  File "/home/farrukh/Frontend/p2p/backend/.venv/lib64/python3.14/site-packages/sqlalchemy/util/_concurrency_py3k.py", line 132, in await_only
    return current.parent.switch(awaitable)  # type: ignore[no-any-return,attr-defined] # noqa: E501
           ~~~~~~~~~~~~~~~~~~~~~^^^^^^^^^^^
  File "/home/farrukh/Frontend/p2p/backend/.venv/lib64/python3.14/site-packages/sqlalchemy/util/_concurrency_py3k.py", line 196, in greenlet_spawn
    value = await result
            ^^^^^^^^^^^^
  File "/home/farrukh/Frontend/p2p/backend/.venv/lib64/python3.14/site-packages/sqlalchemy/dialects/postgresql/asyncpg.py", line 912, in _terminate_graceful_close
    await self._connection.close(timeout=2)
  File "/home/farrukh/Frontend/p2p/backend/.venv/lib64/python3.14/site-packages/asyncpg/connection.py", line 1513, in close
    await self._protocol.close(timeout)
  File "asyncpg/protocol/protocol.pyx", line 617, in close
    self._request_cancel()
  File "asyncpg/protocol/protocol.pyx", line 650, in asyncpg.protocol.protocol.BaseProtocol._request_cancel
    con._cancel_current_command(self.cancel_sent_waiter)
  File "/home/farrukh/Frontend/p2p/backend/.venv/lib64/python3.14/site-packages/asyncpg/connection.py", line 1682, in _cancel_current_command
    self._cancellations.add(self._loop.create_task(self._cancel(waiter)))
                            ~~~~~~~~~~~~~~~~~~~~~~^^^^^^^^^^^^^^^^^^^^^^
  File "/usr/lib64/python3.14/asyncio/base_events.py", line 466, in create_task
    self._check_closed()
    ~~~~~~~~~~~~~~~~~~^^
  File "/usr/lib64/python3.14/asyncio/base_events.py", line 550, in _check_closed
    raise RuntimeError('Event loop is closed')
RuntimeError: Event loop is closed
[2026-06-14 11:19:11,018: INFO/MainProcess] Task app.tasks.slot_tasks.send_slot_reminders[d67c429b-b7fd-4af6-b146-f46369b6ee00] received
[2026-06-14 11:19:11,021: ERROR/ForkPoolWorker-16] Exception terminating connection <AdaptedConnection <asyncpg.connection.Connection object at 0x7f04e29767b0>>
Traceback (most recent call last):
  File "/home/farrukh/Frontend/p2p/backend/.venv/lib64/python3.14/site-packages/sqlalchemy/pool/base.py", line 373, in _close_connection
    self._dialect.do_terminate(connection)
    ~~~~~~~~~~~~~~~~~~~~~~~~~~^^^^^^^^^^^^
  File "/home/farrukh/Frontend/p2p/backend/.venv/lib64/python3.14/site-packages/sqlalchemy/dialects/postgresql/asyncpg.py", line 1131, in do_terminate
    dbapi_connection.terminate()
    ~~~~~~~~~~~~~~~~~~~~~~~~~~^^
  File "/home/farrukh/Frontend/p2p/backend/.venv/lib64/python3.14/site-packages/sqlalchemy/connectors/asyncio.py", line 402, in terminate
    self.await_(asyncio.shield(self._terminate_graceful_close()))  # type: ignore[attr-defined] # noqa: E501
    ~~~~~~~~~~~^^^^^^^^^^^^^^^^^^^^^^^^^^^^^^^^^^^^^^^^^^^^^^^^^^
  File "/home/farrukh/Frontend/p2p/backend/.venv/lib64/python3.14/site-packages/sqlalchemy/util/_concurrency_py3k.py", line 132, in await_only
    return current.parent.switch(awaitable)  # type: ignore[no-any-return,attr-defined] # noqa: E501
           ~~~~~~~~~~~~~~~~~~~~~^^^^^^^^^^^
  File "/home/farrukh/Frontend/p2p/backend/.venv/lib64/python3.14/site-packages/sqlalchemy/util/_concurrency_py3k.py", line 196, in greenlet_spawn
    value = await result
            ^^^^^^^^^^^^
  File "/home/farrukh/Frontend/p2p/backend/.venv/lib64/python3.14/site-packages/sqlalchemy/dialects/postgresql/asyncpg.py", line 912, in _terminate_graceful_close
    await self._connection.close(timeout=2)
  File "/home/farrukh/Frontend/p2p/backend/.venv/lib64/python3.14/site-packages/asyncpg/connection.py", line 1513, in close
    await self._protocol.close(timeout)
  File "asyncpg/protocol/protocol.pyx", line 617, in close
    self._request_cancel()
  File "asyncpg/protocol/protocol.pyx", line 650, in asyncpg.protocol.protocol.BaseProtocol._request_cancel
    con._cancel_current_command(self.cancel_sent_waiter)
  File "/home/farrukh/Frontend/p2p/backend/.venv/lib64/python3.14/site-packages/asyncpg/connection.py", line 1682, in _cancel_current_command
    self._cancellations.add(self._loop.create_task(self._cancel(waiter)))
                            ~~~~~~~~~~~~~~~~~~~~~~^^^^^^^^^^^^^^^^^^^^^^
  File "/usr/lib64/python3.14/asyncio/base_events.py", line 466, in create_task
    self._check_closed()
    ~~~~~~~~~~~~~~~~~~^^
  File "/usr/lib64/python3.14/asyncio/base_events.py", line 550, in _check_closed
    raise RuntimeError('Event loop is closed')
RuntimeError: Event loop is closed
[2026-06-14 11:19:11,020: ERROR/ForkPoolWorker-15] Task app.tasks.slot_tasks.check_absences[06a62bf2-3c0d-4827-a89c-ba67e2b01ea8] raised unexpected: RuntimeError("Task <Task pending name='Task-76' coro=<_check_absences() running at /home/farrukh/Frontend/p2p/backend/app/tasks/slot_tasks.py:70> cb=[_run_until_complete_cb() at /usr/lib64/python3.14/asyncio/base_events.py:181]> got Future <Future pending cb=[BaseProtocol._on_waiter_completed()]> attached to a different loop")
Traceback (most recent call last):
  File "/home/farrukh/Frontend/p2p/backend/.venv/lib64/python3.14/site-packages/celery/app/trace.py", line 585, in trace_task
    R = retval = fun(*args, **kwargs)
                 ~~~^^^^^^^^^^^^^^^^^
  File "/home/farrukh/Frontend/p2p/backend/.venv/lib64/python3.14/site-packages/celery/app/trace.py", line 858, in __protected_call__
    return self.run(*args, **kwargs)
           ~~~~~~~~^^^^^^^^^^^^^^^^^
  File "/home/farrukh/Frontend/p2p/backend/app/tasks/slot_tasks.py", line 58, in check_absences
    return asyncio.run(_check_absences())
           ~~~~~~~~~~~^^^^^^^^^^^^^^^^^^^
  File "/usr/lib64/python3.14/asyncio/runners.py", line 204, in run
    return runner.run(main)
           ~~~~~~~~~~^^^^^^
  File "/usr/lib64/python3.14/asyncio/runners.py", line 127, in run
    return self._loop.run_until_complete(task)
           ~~~~~~~~~~~~~~~~~~~~~~~~~~~~~^^^^^^
  File "/usr/lib64/python3.14/asyncio/base_events.py", line 719, in run_until_complete
    return future.result()
           ~~~~~~~~~~~~~^^
  File "/home/farrukh/Frontend/p2p/backend/app/tasks/slot_tasks.py", line 70, in _check_absences
    slots = (await db.execute(stmt)).scalars().all()
             ^^^^^^^^^^^^^^^^^^^^^^
  File "/home/farrukh/Frontend/p2p/backend/.venv/lib64/python3.14/site-packages/sqlalchemy/ext/asyncio/session.py", line 448, in execute
    result = await greenlet_spawn(
             ^^^^^^^^^^^^^^^^^^^^^
    ...<6 lines>...
    )
    ^
  File "/home/farrukh/Frontend/p2p/backend/.venv/lib64/python3.14/site-packages/sqlalchemy/util/_concurrency_py3k.py", line 201, in greenlet_spawn
    result = context.throw(*sys.exc_info())
  File "/home/farrukh/Frontend/p2p/backend/.venv/lib64/python3.14/site-packages/sqlalchemy/orm/session.py", line 2372, in execute
    return self._execute_internal(
           ~~~~~~~~~~~~~~~~~~~~~~^
        statement,
        ^^^^^^^^^^
    ...<4 lines>...
        _add_event=_add_event,
        ^^^^^^^^^^^^^^^^^^^^^^
    )
    ^
  File "/home/farrukh/Frontend/p2p/backend/.venv/lib64/python3.14/site-packages/sqlalchemy/orm/session.py", line 2260, in _execute_internal
    conn = self._connection_for_bind(bind)
  File "/home/farrukh/Frontend/p2p/backend/.venv/lib64/python3.14/site-packages/sqlalchemy/orm/session.py", line 2112, in _connection_for_bind
    return trans._connection_for_bind(engine, execution_options)
           ~~~~~~~~~~~~~~~~~~~~~~~~~~^^^^^^^^^^^^^^^^^^^^^^^^^^^
  File "<string>", line 2, in _connection_for_bind
  File "/home/farrukh/Frontend/p2p/backend/.venv/lib64/python3.14/site-packages/sqlalchemy/orm/state_changes.py", line 137, in _go
    ret_value = fn(self, *arg, **kw)
  File "/home/farrukh/Frontend/p2p/backend/.venv/lib64/python3.14/site-packages/sqlalchemy/orm/session.py", line 1191, in _connection_for_bind
    conn = bind.connect()
  File "/home/farrukh/Frontend/p2p/backend/.venv/lib64/python3.14/site-packages/sqlalchemy/engine/base.py", line 3295, in connect
    return self._connection_cls(self)
           ~~~~~~~~~~~~~~~~~~~~^^^^^^
  File "/home/farrukh/Frontend/p2p/backend/.venv/lib64/python3.14/site-packages/sqlalchemy/engine/base.py", line 144, in __init__
    self._dbapi_connection = engine.raw_connection()
                             ~~~~~~~~~~~~~~~~~~~~~^^
  File "/home/farrukh/Frontend/p2p/backend/.venv/lib64/python3.14/site-packages/sqlalchemy/engine/base.py", line 3319, in raw_connection
    return self.pool.connect()
           ~~~~~~~~~~~~~~~~~^^
  File "/home/farrukh/Frontend/p2p/backend/.venv/lib64/python3.14/site-packages/sqlalchemy/pool/base.py", line 448, in connect
    return _ConnectionFairy._checkout(self)
           ~~~~~~~~~~~~~~~~~~~~~~~~~~^^^^^^
  File "/home/farrukh/Frontend/p2p/backend/.venv/lib64/python3.14/site-packages/sqlalchemy/pool/base.py", line 1371, in _checkout
    with util.safe_reraise():
         ~~~~~~~~~~~~~~~~~^^
  File "/home/farrukh/Frontend/p2p/backend/.venv/lib64/python3.14/site-packages/sqlalchemy/util/langhelpers.py", line 122, in __exit__
    raise exc_value.with_traceback(exc_tb)
  File "/home/farrukh/Frontend/p2p/backend/.venv/lib64/python3.14/site-packages/sqlalchemy/pool/base.py", line 1309, in _checkout
    result = pool._dialect._do_ping_w_event(
        fairy.dbapi_connection
    )
  File "/home/farrukh/Frontend/p2p/backend/.venv/lib64/python3.14/site-packages/sqlalchemy/engine/default.py", line 729, in _do_ping_w_event
    return self.do_ping(dbapi_connection)
           ~~~~~~~~~~~~^^^^^^^^^^^^^^^^^^
  File "/home/farrukh/Frontend/p2p/backend/.venv/lib64/python3.14/site-packages/sqlalchemy/dialects/postgresql/asyncpg.py", line 1164, in do_ping
    dbapi_connection.ping()
    ~~~~~~~~~~~~~~~~~~~~~^^
  File "/home/farrukh/Frontend/p2p/backend/.venv/lib64/python3.14/site-packages/sqlalchemy/dialects/postgresql/asyncpg.py", line 818, in ping
    self._handle_exception(error)
    ~~~~~~~~~~~~~~~~~~~~~~^^^^^^^
  File "/home/farrukh/Frontend/p2p/backend/.venv/lib64/python3.14/site-packages/sqlalchemy/dialects/postgresql/asyncpg.py", line 799, in _handle_exception
    raise error
  File "/home/farrukh/Frontend/p2p/backend/.venv/lib64/python3.14/site-packages/sqlalchemy/dialects/postgresql/asyncpg.py", line 816, in ping
    _ = self.await_(self._async_ping())
  File "/home/farrukh/Frontend/p2p/backend/.venv/lib64/python3.14/site-packages/sqlalchemy/util/_concurrency_py3k.py", line 132, in await_only
    return current.parent.switch(awaitable)  # type: ignore[no-any-return,attr-defined] # noqa: E501
           ~~~~~~~~~~~~~~~~~~~~~^^^^^^^^^^^
  File "/home/farrukh/Frontend/p2p/backend/.venv/lib64/python3.14/site-packages/sqlalchemy/util/_concurrency_py3k.py", line 196, in greenlet_spawn
    value = await result
            ^^^^^^^^^^^^
  File "/home/farrukh/Frontend/p2p/backend/.venv/lib64/python3.14/site-packages/sqlalchemy/dialects/postgresql/asyncpg.py", line 825, in _async_ping
    await tr.start()
  File "/home/farrukh/Frontend/p2p/backend/.venv/lib64/python3.14/site-packages/asyncpg/transaction.py", line 146, in start
    await self._connection.execute(query)
  File "/home/farrukh/Frontend/p2p/backend/.venv/lib64/python3.14/site-packages/asyncpg/connection.py", line 354, in execute
    result = await self._protocol.query(query, timeout)
             ^^^^^^^^^^^^^^^^^^^^^^^^^^^^^^^^^^^^^^^^^^
  File "asyncpg/protocol/protocol.pyx", line 369, in query
    return await waiter
RuntimeError: Task <Task pending name='Task-76' coro=<_check_absences() running at /home/farrukh/Frontend/p2p/backend/app/tasks/slot_tasks.py:70> cb=[_run_until_complete_cb() at /usr/lib64/python3.14/asyncio/base_events.py:181]> got Future <Future pending cb=[BaseProtocol._on_waiter_completed()]> attached to a different loop
[2026-06-14 11:19:11,028: ERROR/ForkPoolWorker-16] Task app.tasks.slot_tasks.send_slot_reminders[d67c429b-b7fd-4af6-b146-f46369b6ee00] raised unexpected: RuntimeError("Task <Task pending name='Task-76' coro=<_send_slot_reminders() running at /home/farrukh/Frontend/p2p/backend/app/tasks/slot_tasks.py:35> cb=[_run_until_complete_cb() at /usr/lib64/python3.14/asyncio/base_events.py:181]> got Future <Future pending cb=[BaseProtocol._on_waiter_completed()]> attached to a different loop")
Traceback (most recent call last):
  File "/home/farrukh/Frontend/p2p/backend/.venv/lib64/python3.14/site-packages/celery/app/trace.py", line 585, in trace_task
    R = retval = fun(*args, **kwargs)
                 ~~~^^^^^^^^^^^^^^^^^
  File "/home/farrukh/Frontend/p2p/backend/.venv/lib64/python3.14/site-packages/celery/app/trace.py", line 858, in __protected_call__
    return self.run(*args, **kwargs)
           ~~~~~~~~^^^^^^^^^^^^^^^^^
  File "/home/farrukh/Frontend/p2p/backend/app/tasks/slot_tasks.py", line 20, in send_slot_reminders
    return asyncio.run(_send_slot_reminders())
           ~~~~~~~~~~~^^^^^^^^^^^^^^^^^^^^^^^^
  File "/usr/lib64/python3.14/asyncio/runners.py", line 204, in run
    return runner.run(main)
           ~~~~~~~~~~^^^^^^
  File "/usr/lib64/python3.14/asyncio/runners.py", line 127, in run
    return self._loop.run_until_complete(task)
           ~~~~~~~~~~~~~~~~~~~~~~~~~~~~~^^^^^^
  File "/usr/lib64/python3.14/asyncio/base_events.py", line 719, in run_until_complete
    return future.result()
           ~~~~~~~~~~~~~^^
  File "/home/farrukh/Frontend/p2p/backend/app/tasks/slot_tasks.py", line 35, in _send_slot_reminders
    slots = (await db.execute(stmt)).scalars().all()
             ^^^^^^^^^^^^^^^^^^^^^^
  File "/home/farrukh/Frontend/p2p/backend/.venv/lib64/python3.14/site-packages/sqlalchemy/ext/asyncio/session.py", line 448, in execute
    result = await greenlet_spawn(
             ^^^^^^^^^^^^^^^^^^^^^
    ...<6 lines>...
    )
    ^
  File "/home/farrukh/Frontend/p2p/backend/.venv/lib64/python3.14/site-packages/sqlalchemy/util/_concurrency_py3k.py", line 201, in greenlet_spawn
    result = context.throw(*sys.exc_info())
  File "/home/farrukh/Frontend/p2p/backend/.venv/lib64/python3.14/site-packages/sqlalchemy/orm/session.py", line 2372, in execute
    return self._execute_internal(
           ~~~~~~~~~~~~~~~~~~~~~~^
        statement,
        ^^^^^^^^^^
    ...<4 lines>...
        _add_event=_add_event,
        ^^^^^^^^^^^^^^^^^^^^^^
    )
    ^
  File "/home/farrukh/Frontend/p2p/backend/.venv/lib64/python3.14/site-packages/sqlalchemy/orm/session.py", line 2260, in _execute_internal
    conn = self._connection_for_bind(bind)
  File "/home/farrukh/Frontend/p2p/backend/.venv/lib64/python3.14/site-packages/sqlalchemy/orm/session.py", line 2112, in _connection_for_bind
    return trans._connection_for_bind(engine, execution_options)
           ~~~~~~~~~~~~~~~~~~~~~~~~~~^^^^^^^^^^^^^^^^^^^^^^^^^^^
  File "<string>", line 2, in _connection_for_bind
  File "/home/farrukh/Frontend/p2p/backend/.venv/lib64/python3.14/site-packages/sqlalchemy/orm/state_changes.py", line 137, in _go
    ret_value = fn(self, *arg, **kw)
  File "/home/farrukh/Frontend/p2p/backend/.venv/lib64/python3.14/site-packages/sqlalchemy/orm/session.py", line 1191, in _connection_for_bind
    conn = bind.connect()
  File "/home/farrukh/Frontend/p2p/backend/.venv/lib64/python3.14/site-packages/sqlalchemy/engine/base.py", line 3295, in connect
    return self._connection_cls(self)
           ~~~~~~~~~~~~~~~~~~~~^^^^^^
  File "/home/farrukh/Frontend/p2p/backend/.venv/lib64/python3.14/site-packages/sqlalchemy/engine/base.py", line 144, in __init__
    self._dbapi_connection = engine.raw_connection()
                             ~~~~~~~~~~~~~~~~~~~~~^^
  File "/home/farrukh/Frontend/p2p/backend/.venv/lib64/python3.14/site-packages/sqlalchemy/engine/base.py", line 3319, in raw_connection
    return self.pool.connect()
           ~~~~~~~~~~~~~~~~~^^
  File "/home/farrukh/Frontend/p2p/backend/.venv/lib64/python3.14/site-packages/sqlalchemy/pool/base.py", line 448, in connect
    return _ConnectionFairy._checkout(self)
           ~~~~~~~~~~~~~~~~~~~~~~~~~~^^^^^^
  File "/home/farrukh/Frontend/p2p/backend/.venv/lib64/python3.14/site-packages/sqlalchemy/pool/base.py", line 1371, in _checkout
    with util.safe_reraise():
         ~~~~~~~~~~~~~~~~~^^
  File "/home/farrukh/Frontend/p2p/backend/.venv/lib64/python3.14/site-packages/sqlalchemy/util/langhelpers.py", line 122, in __exit__
    raise exc_value.with_traceback(exc_tb)
  File "/home/farrukh/Frontend/p2p/backend/.venv/lib64/python3.14/site-packages/sqlalchemy/pool/base.py", line 1309, in _checkout
    result = pool._dialect._do_ping_w_event(
        fairy.dbapi_connection
    )
  File "/home/farrukh/Frontend/p2p/backend/.venv/lib64/python3.14/site-packages/sqlalchemy/engine/default.py", line 729, in _do_ping_w_event
    return self.do_ping(dbapi_connection)
           ~~~~~~~~~~~~^^^^^^^^^^^^^^^^^^
  File "/home/farrukh/Frontend/p2p/backend/.venv/lib64/python3.14/site-packages/sqlalchemy/dialects/postgresql/asyncpg.py", line 1164, in do_ping
    dbapi_connection.ping()
    ~~~~~~~~~~~~~~~~~~~~~^^
  File "/home/farrukh/Frontend/p2p/backend/.venv/lib64/python3.14/site-packages/sqlalchemy/dialects/postgresql/asyncpg.py", line 818, in ping
    self._handle_exception(error)
    ~~~~~~~~~~~~~~~~~~~~~~^^^^^^^
  File "/home/farrukh/Frontend/p2p/backend/.venv/lib64/python3.14/site-packages/sqlalchemy/dialects/postgresql/asyncpg.py", line 799, in _handle_exception
    raise error
  File "/home/farrukh/Frontend/p2p/backend/.venv/lib64/python3.14/site-packages/sqlalchemy/dialects/postgresql/asyncpg.py", line 816, in ping
    _ = self.await_(self._async_ping())
  File "/home/farrukh/Frontend/p2p/backend/.venv/lib64/python3.14/site-packages/sqlalchemy/util/_concurrency_py3k.py", line 132, in await_only
    return current.parent.switch(awaitable)  # type: ignore[no-any-return,attr-defined] # noqa: E501
           ~~~~~~~~~~~~~~~~~~~~~^^^^^^^^^^^
  File "/home/farrukh/Frontend/p2p/backend/.venv/lib64/python3.14/site-packages/sqlalchemy/util/_concurrency_py3k.py", line 196, in greenlet_spawn
    value = await result
            ^^^^^^^^^^^^
  File "/home/farrukh/Frontend/p2p/backend/.venv/lib64/python3.14/site-packages/sqlalchemy/dialects/postgresql/asyncpg.py", line 825, in _async_ping
    await tr.start()
  File "/home/farrukh/Frontend/p2p/backend/.venv/lib64/python3.14/site-packages/asyncpg/transaction.py", line 146, in start
    await self._connection.execute(query)
  File "/home/farrukh/Frontend/p2p/backend/.venv/lib64/python3.14/site-packages/asyncpg/connection.py", line 354, in execute
    result = await self._protocol.query(query, timeout)
             ^^^^^^^^^^^^^^^^^^^^^^^^^^^^^^^^^^^^^^^^^^
  File "asyncpg/protocol/protocol.pyx", line 369, in query
    return await waiter
RuntimeError: Task <Task pending name='Task-76' coro=<_send_slot_reminders() running at /home/farrukh/Frontend/p2p/backend/app/tasks/slot_tasks.py:35> cb=[_run_until_complete_cb() at /usr/lib64/python3.14/asyncio/base_events.py:181]> got Future <Future pending cb=[BaseProtocol._on_waiter_completed()]> attached to a different loop
[2026-06-14 11:20:11,009: INFO/MainProcess] Task app.tasks.slot_tasks.check_absences[43f02e72-98e5-4e2e-811c-059cc648cb84] received
[2026-06-14 11:20:11,019: INFO/MainProcess] Task app.tasks.slot_tasks.send_slot_reminders[b90d7a1a-d0a9-4d93-86e6-2cfba87eaf90] received
2026-06-14 11:20:11,038 INFO sqlalchemy.engine.Engine BEGIN (implicit)
[2026-06-14 11:20:11,038: INFO/ForkPoolWorker-15] BEGIN (implicit)
2026-06-14 11:20:11,039 INFO sqlalchemy.engine.Engine SELECT slots.id, slots.reviewer_id, slots.reviewee_id, slots.reviewer_project, slots.reviewee_project, slots.start_time, slots.end_time, slots.actual_start, slots.actual_end, slots.duration_minutes, slots.status, slots.is_online, slots.campus, slots.reviewer_started, slots.reviewee_started, slots.reviewer_finished, slots.reviewee_finished, slots.absent_by, slots.absent_at, slots.cancelled_by, slots.cancel_reason, slots.created_at, slots.updated_at 
FROM slots 
WHERE slots.status = $1::VARCHAR AND slots.start_time < $2::TIMESTAMP WITH TIME ZONE
[2026-06-14 11:20:11,039: INFO/ForkPoolWorker-15] SELECT slots.id, slots.reviewer_id, slots.reviewee_id, slots.reviewer_project, slots.reviewee_project, slots.start_time, slots.end_time, slots.actual_start, slots.actual_end, slots.duration_minutes, slots.status, slots.is_online, slots.campus, slots.reviewer_started, slots.reviewee_started, slots.reviewer_finished, slots.reviewee_finished, slots.absent_by, slots.absent_at, slots.cancelled_by, slots.cancel_reason, slots.created_at, slots.updated_at 
FROM slots 
WHERE slots.status = $1::VARCHAR AND slots.start_time < $2::TIMESTAMP WITH TIME ZONE
2026-06-14 11:20:11,039 INFO sqlalchemy.engine.Engine [cached since 960s ago] ('booked', datetime.datetime(2026, 6, 14, 6, 5, 11, 11693, tzinfo=datetime.timezone.utc))
[2026-06-14 11:20:11,039: INFO/ForkPoolWorker-15] [cached since 960s ago] ('booked', datetime.datetime(2026, 6, 14, 6, 5, 11, 11693, tzinfo=datetime.timezone.utc))
2026-06-14 11:20:11,041 INFO sqlalchemy.engine.Engine ROLLBACK
[2026-06-14 11:20:11,041: INFO/ForkPoolWorker-15] ROLLBACK
[2026-06-14 11:20:11,043: INFO/ForkPoolWorker-15] Task app.tasks.slot_tasks.check_absences[43f02e72-98e5-4e2e-811c-059cc648cb84] succeeded in 0.0329245540001466s: 0
2026-06-14 11:20:11,047 INFO sqlalchemy.engine.Engine BEGIN (implicit)
[2026-06-14 11:20:11,047: INFO/ForkPoolWorker-16] BEGIN (implicit)
2026-06-14 11:20:11,047 INFO sqlalchemy.engine.Engine SELECT slots.id, slots.reviewer_id, slots.reviewee_id, slots.reviewer_project, slots.reviewee_project, slots.start_time, slots.end_time, slots.actual_start, slots.actual_end, slots.duration_minutes, slots.status, slots.is_online, slots.campus, slots.reviewer_started, slots.reviewee_started, slots.reviewer_finished, slots.reviewee_finished, slots.absent_by, slots.absent_at, slots.cancelled_by, slots.cancel_reason, slots.created_at, slots.updated_at 
FROM slots 
WHERE slots.status = $1::VARCHAR AND slots.start_time >= $2::TIMESTAMP WITH TIME ZONE AND slots.start_time < $3::TIMESTAMP WITH TIME ZONE
[2026-06-14 11:20:11,047: INFO/ForkPoolWorker-16] SELECT slots.id, slots.reviewer_id, slots.reviewee_id, slots.reviewer_project, slots.reviewee_project, slots.start_time, slots.end_time, slots.actual_start, slots.actual_end, slots.duration_minutes, slots.status, slots.is_online, slots.campus, slots.reviewer_started, slots.reviewee_started, slots.reviewer_finished, slots.reviewee_finished, slots.absent_by, slots.absent_at, slots.cancelled_by, slots.cancel_reason, slots.created_at, slots.updated_at 
FROM slots 
WHERE slots.status = $1::VARCHAR AND slots.start_time >= $2::TIMESTAMP WITH TIME ZONE AND slots.start_time < $3::TIMESTAMP WITH TIME ZONE
2026-06-14 11:20:11,047 INFO sqlalchemy.engine.Engine [cached since 960s ago] ('booked', datetime.datetime(2026, 6, 14, 6, 35, 11, 20781, tzinfo=datetime.timezone.utc), datetime.datetime(2026, 6, 14, 6, 36, 11, 20781, tzinfo=datetime.timezone.utc))
[2026-06-14 11:20:11,047: INFO/ForkPoolWorker-16] [cached since 960s ago] ('booked', datetime.datetime(2026, 6, 14, 6, 35, 11, 20781, tzinfo=datetime.timezone.utc), datetime.datetime(2026, 6, 14, 6, 36, 11, 20781, tzinfo=datetime.timezone.utc))
2026-06-14 11:20:11,049 INFO sqlalchemy.engine.Engine COMMIT
[2026-06-14 11:20:11,049: INFO/ForkPoolWorker-16] COMMIT
[2026-06-14 11:20:11,051: INFO/ForkPoolWorker-16] Task app.tasks.slot_tasks.send_slot_reminders[b90d7a1a-d0a9-4d93-86e6-2cfba87eaf90] succeeded in 0.0317274300000463s: 0
[2026-06-14 11:21:11,009: INFO/MainProcess] Task app.tasks.slot_tasks.check_absences[0c43de4e-0add-4fcd-8760-84037bed3e4a] received
[2026-06-14 11:21:11,012: ERROR/ForkPoolWorker-15] Exception terminating connection <AdaptedConnection <asyncpg.connection.Connection object at 0x7f04e2974410>>
Traceback (most recent call last):
  File "/home/farrukh/Frontend/p2p/backend/.venv/lib64/python3.14/site-packages/sqlalchemy/pool/base.py", line 373, in _close_connection
    self._dialect.do_terminate(connection)
    ~~~~~~~~~~~~~~~~~~~~~~~~~~^^^^^^^^^^^^
  File "/home/farrukh/Frontend/p2p/backend/.venv/lib64/python3.14/site-packages/sqlalchemy/dialects/postgresql/asyncpg.py", line 1131, in do_terminate
    dbapi_connection.terminate()
    ~~~~~~~~~~~~~~~~~~~~~~~~~~^^
  File "/home/farrukh/Frontend/p2p/backend/.venv/lib64/python3.14/site-packages/sqlalchemy/connectors/asyncio.py", line 402, in terminate
    self.await_(asyncio.shield(self._terminate_graceful_close()))  # type: ignore[attr-defined] # noqa: E501
    ~~~~~~~~~~~^^^^^^^^^^^^^^^^^^^^^^^^^^^^^^^^^^^^^^^^^^^^^^^^^^
  File "/home/farrukh/Frontend/p2p/backend/.venv/lib64/python3.14/site-packages/sqlalchemy/util/_concurrency_py3k.py", line 132, in await_only
    return current.parent.switch(awaitable)  # type: ignore[no-any-return,attr-defined] # noqa: E501
           ~~~~~~~~~~~~~~~~~~~~~^^^^^^^^^^^
  File "/home/farrukh/Frontend/p2p/backend/.venv/lib64/python3.14/site-packages/sqlalchemy/util/_concurrency_py3k.py", line 196, in greenlet_spawn
    value = await result
            ^^^^^^^^^^^^
  File "/home/farrukh/Frontend/p2p/backend/.venv/lib64/python3.14/site-packages/sqlalchemy/dialects/postgresql/asyncpg.py", line 912, in _terminate_graceful_close
    await self._connection.close(timeout=2)
  File "/home/farrukh/Frontend/p2p/backend/.venv/lib64/python3.14/site-packages/asyncpg/connection.py", line 1513, in close
    await self._protocol.close(timeout)
  File "asyncpg/protocol/protocol.pyx", line 617, in close
    self._request_cancel()
  File "asyncpg/protocol/protocol.pyx", line 650, in asyncpg.protocol.protocol.BaseProtocol._request_cancel
    con._cancel_current_command(self.cancel_sent_waiter)
  File "/home/farrukh/Frontend/p2p/backend/.venv/lib64/python3.14/site-packages/asyncpg/connection.py", line 1682, in _cancel_current_command
    self._cancellations.add(self._loop.create_task(self._cancel(waiter)))
                            ~~~~~~~~~~~~~~~~~~~~~~^^^^^^^^^^^^^^^^^^^^^^
  File "/usr/lib64/python3.14/asyncio/base_events.py", line 466, in create_task
    self._check_closed()
    ~~~~~~~~~~~~~~~~~~^^
  File "/usr/lib64/python3.14/asyncio/base_events.py", line 550, in _check_closed
    raise RuntimeError('Event loop is closed')
RuntimeError: Event loop is closed
[2026-06-14 11:21:11,018: INFO/MainProcess] Task app.tasks.slot_tasks.send_slot_reminders[0cf19733-61f0-40e8-87a4-1928c768347d] received
[2026-06-14 11:21:11,018: ERROR/ForkPoolWorker-15] Task app.tasks.slot_tasks.check_absences[0c43de4e-0add-4fcd-8760-84037bed3e4a] raised unexpected: RuntimeError("Task <Task pending name='Task-86' coro=<_check_absences() running at /home/farrukh/Frontend/p2p/backend/app/tasks/slot_tasks.py:70> cb=[_run_until_complete_cb() at /usr/lib64/python3.14/asyncio/base_events.py:181]> got Future <Future pending cb=[BaseProtocol._on_waiter_completed()]> attached to a different loop")
Traceback (most recent call last):
  File "/home/farrukh/Frontend/p2p/backend/.venv/lib64/python3.14/site-packages/celery/app/trace.py", line 585, in trace_task
    R = retval = fun(*args, **kwargs)
                 ~~~^^^^^^^^^^^^^^^^^
  File "/home/farrukh/Frontend/p2p/backend/.venv/lib64/python3.14/site-packages/celery/app/trace.py", line 858, in __protected_call__
    return self.run(*args, **kwargs)
           ~~~~~~~~^^^^^^^^^^^^^^^^^
  File "/home/farrukh/Frontend/p2p/backend/app/tasks/slot_tasks.py", line 58, in check_absences
    return asyncio.run(_check_absences())
           ~~~~~~~~~~~^^^^^^^^^^^^^^^^^^^
  File "/usr/lib64/python3.14/asyncio/runners.py", line 204, in run
    return runner.run(main)
           ~~~~~~~~~~^^^^^^
  File "/usr/lib64/python3.14/asyncio/runners.py", line 127, in run
    return self._loop.run_until_complete(task)
           ~~~~~~~~~~~~~~~~~~~~~~~~~~~~~^^^^^^
  File "/usr/lib64/python3.14/asyncio/base_events.py", line 719, in run_until_complete
    return future.result()
           ~~~~~~~~~~~~~^^
  File "/home/farrukh/Frontend/p2p/backend/app/tasks/slot_tasks.py", line 70, in _check_absences
    slots = (await db.execute(stmt)).scalars().all()
             ^^^^^^^^^^^^^^^^^^^^^^
  File "/home/farrukh/Frontend/p2p/backend/.venv/lib64/python3.14/site-packages/sqlalchemy/ext/asyncio/session.py", line 448, in execute
    result = await greenlet_spawn(
             ^^^^^^^^^^^^^^^^^^^^^
    ...<6 lines>...
    )
    ^
  File "/home/farrukh/Frontend/p2p/backend/.venv/lib64/python3.14/site-packages/sqlalchemy/util/_concurrency_py3k.py", line 201, in greenlet_spawn
    result = context.throw(*sys.exc_info())
  File "/home/farrukh/Frontend/p2p/backend/.venv/lib64/python3.14/site-packages/sqlalchemy/orm/session.py", line 2372, in execute
    return self._execute_internal(
           ~~~~~~~~~~~~~~~~~~~~~~^
        statement,
        ^^^^^^^^^^
    ...<4 lines>...
        _add_event=_add_event,
        ^^^^^^^^^^^^^^^^^^^^^^
    )
    ^
  File "/home/farrukh/Frontend/p2p/backend/.venv/lib64/python3.14/site-packages/sqlalchemy/orm/session.py", line 2260, in _execute_internal
    conn = self._connection_for_bind(bind)
  File "/home/farrukh/Frontend/p2p/backend/.venv/lib64/python3.14/site-packages/sqlalchemy/orm/session.py", line 2112, in _connection_for_bind
    return trans._connection_for_bind(engine, execution_options)
           ~~~~~~~~~~~~~~~~~~~~~~~~~~^^^^^^^^^^^^^^^^^^^^^^^^^^^
  File "<string>", line 2, in _connection_for_bind
  File "/home/farrukh/Frontend/p2p/backend/.venv/lib64/python3.14/site-packages/sqlalchemy/orm/state_changes.py", line 137, in _go
    ret_value = fn(self, *arg, **kw)
  File "/home/farrukh/Frontend/p2p/backend/.venv/lib64/python3.14/site-packages/sqlalchemy/orm/session.py", line 1191, in _connection_for_bind
    conn = bind.connect()
  File "/home/farrukh/Frontend/p2p/backend/.venv/lib64/python3.14/site-packages/sqlalchemy/engine/base.py", line 3295, in connect
    return self._connection_cls(self)
           ~~~~~~~~~~~~~~~~~~~~^^^^^^
  File "/home/farrukh/Frontend/p2p/backend/.venv/lib64/python3.14/site-packages/sqlalchemy/engine/base.py", line 144, in __init__
    self._dbapi_connection = engine.raw_connection()
                             ~~~~~~~~~~~~~~~~~~~~~^^
  File "/home/farrukh/Frontend/p2p/backend/.venv/lib64/python3.14/site-packages/sqlalchemy/engine/base.py", line 3319, in raw_connection
    return self.pool.connect()
           ~~~~~~~~~~~~~~~~~^^
  File "/home/farrukh/Frontend/p2p/backend/.venv/lib64/python3.14/site-packages/sqlalchemy/pool/base.py", line 448, in connect
    return _ConnectionFairy._checkout(self)
           ~~~~~~~~~~~~~~~~~~~~~~~~~~^^^^^^
  File "/home/farrukh/Frontend/p2p/backend/.venv/lib64/python3.14/site-packages/sqlalchemy/pool/base.py", line 1371, in _checkout
    with util.safe_reraise():
         ~~~~~~~~~~~~~~~~~^^
  File "/home/farrukh/Frontend/p2p/backend/.venv/lib64/python3.14/site-packages/sqlalchemy/util/langhelpers.py", line 122, in __exit__
    raise exc_value.with_traceback(exc_tb)
  File "/home/farrukh/Frontend/p2p/backend/.venv/lib64/python3.14/site-packages/sqlalchemy/pool/base.py", line 1309, in _checkout
    result = pool._dialect._do_ping_w_event(
        fairy.dbapi_connection
    )
  File "/home/farrukh/Frontend/p2p/backend/.venv/lib64/python3.14/site-packages/sqlalchemy/engine/default.py", line 729, in _do_ping_w_event
    return self.do_ping(dbapi_connection)
           ~~~~~~~~~~~~^^^^^^^^^^^^^^^^^^
  File "/home/farrukh/Frontend/p2p/backend/.venv/lib64/python3.14/site-packages/sqlalchemy/dialects/postgresql/asyncpg.py", line 1164, in do_ping
    dbapi_connection.ping()
    ~~~~~~~~~~~~~~~~~~~~~^^
  File "/home/farrukh/Frontend/p2p/backend/.venv/lib64/python3.14/site-packages/sqlalchemy/dialects/postgresql/asyncpg.py", line 818, in ping
    self._handle_exception(error)
    ~~~~~~~~~~~~~~~~~~~~~~^^^^^^^
  File "/home/farrukh/Frontend/p2p/backend/.venv/lib64/python3.14/site-packages/sqlalchemy/dialects/postgresql/asyncpg.py", line 799, in _handle_exception
    raise error
  File "/home/farrukh/Frontend/p2p/backend/.venv/lib64/python3.14/site-packages/sqlalchemy/dialects/postgresql/asyncpg.py", line 816, in ping
    _ = self.await_(self._async_ping())
  File "/home/farrukh/Frontend/p2p/backend/.venv/lib64/python3.14/site-packages/sqlalchemy/util/_concurrency_py3k.py", line 132, in await_only
    return current.parent.switch(awaitable)  # type: ignore[no-any-return,attr-defined] # noqa: E501
           ~~~~~~~~~~~~~~~~~~~~~^^^^^^^^^^^
  File "/home/farrukh/Frontend/p2p/backend/.venv/lib64/python3.14/site-packages/sqlalchemy/util/_concurrency_py3k.py", line 196, in greenlet_spawn
    value = await result
            ^^^^^^^^^^^^
  File "/home/farrukh/Frontend/p2p/backend/.venv/lib64/python3.14/site-packages/sqlalchemy/dialects/postgresql/asyncpg.py", line 825, in _async_ping
    await tr.start()
  File "/home/farrukh/Frontend/p2p/backend/.venv/lib64/python3.14/site-packages/asyncpg/transaction.py", line 146, in start
    await self._connection.execute(query)
  File "/home/farrukh/Frontend/p2p/backend/.venv/lib64/python3.14/site-packages/asyncpg/connection.py", line 354, in execute
    result = await self._protocol.query(query, timeout)
             ^^^^^^^^^^^^^^^^^^^^^^^^^^^^^^^^^^^^^^^^^^
  File "asyncpg/protocol/protocol.pyx", line 369, in query
    return await waiter
RuntimeError: Task <Task pending name='Task-86' coro=<_check_absences() running at /home/farrukh/Frontend/p2p/backend/app/tasks/slot_tasks.py:70> cb=[_run_until_complete_cb() at /usr/lib64/python3.14/asyncio/base_events.py:181]> got Future <Future pending cb=[BaseProtocol._on_waiter_completed()]> attached to a different loop
[2026-06-14 11:21:11,020: ERROR/ForkPoolWorker-16] Exception terminating connection <AdaptedConnection <asyncpg.connection.Connection object at 0x7f04e2974050>>
Traceback (most recent call last):
  File "/home/farrukh/Frontend/p2p/backend/.venv/lib64/python3.14/site-packages/sqlalchemy/pool/base.py", line 373, in _close_connection
    self._dialect.do_terminate(connection)
    ~~~~~~~~~~~~~~~~~~~~~~~~~~^^^^^^^^^^^^
  File "/home/farrukh/Frontend/p2p/backend/.venv/lib64/python3.14/site-packages/sqlalchemy/dialects/postgresql/asyncpg.py", line 1131, in do_terminate
    dbapi_connection.terminate()
    ~~~~~~~~~~~~~~~~~~~~~~~~~~^^
  File "/home/farrukh/Frontend/p2p/backend/.venv/lib64/python3.14/site-packages/sqlalchemy/connectors/asyncio.py", line 402, in terminate
    self.await_(asyncio.shield(self._terminate_graceful_close()))  # type: ignore[attr-defined] # noqa: E501
    ~~~~~~~~~~~^^^^^^^^^^^^^^^^^^^^^^^^^^^^^^^^^^^^^^^^^^^^^^^^^^
  File "/home/farrukh/Frontend/p2p/backend/.venv/lib64/python3.14/site-packages/sqlalchemy/util/_concurrency_py3k.py", line 132, in await_only
    return current.parent.switch(awaitable)  # type: ignore[no-any-return,attr-defined] # noqa: E501
           ~~~~~~~~~~~~~~~~~~~~~^^^^^^^^^^^
  File "/home/farrukh/Frontend/p2p/backend/.venv/lib64/python3.14/site-packages/sqlalchemy/util/_concurrency_py3k.py", line 196, in greenlet_spawn
    value = await result
            ^^^^^^^^^^^^
  File "/home/farrukh/Frontend/p2p/backend/.venv/lib64/python3.14/site-packages/sqlalchemy/dialects/postgresql/asyncpg.py", line 912, in _terminate_graceful_close
    await self._connection.close(timeout=2)
  File "/home/farrukh/Frontend/p2p/backend/.venv/lib64/python3.14/site-packages/asyncpg/connection.py", line 1513, in close
    await self._protocol.close(timeout)
  File "asyncpg/protocol/protocol.pyx", line 617, in close
    self._request_cancel()
  File "asyncpg/protocol/protocol.pyx", line 650, in asyncpg.protocol.protocol.BaseProtocol._request_cancel
    con._cancel_current_command(self.cancel_sent_waiter)
  File "/home/farrukh/Frontend/p2p/backend/.venv/lib64/python3.14/site-packages/asyncpg/connection.py", line 1682, in _cancel_current_command
    self._cancellations.add(self._loop.create_task(self._cancel(waiter)))
                            ~~~~~~~~~~~~~~~~~~~~~~^^^^^^^^^^^^^^^^^^^^^^
  File "/usr/lib64/python3.14/asyncio/base_events.py", line 466, in create_task
    self._check_closed()
    ~~~~~~~~~~~~~~~~~~^^
  File "/usr/lib64/python3.14/asyncio/base_events.py", line 550, in _check_closed
    raise RuntimeError('Event loop is closed')
RuntimeError: Event loop is closed
[2026-06-14 11:21:11,027: ERROR/ForkPoolWorker-16] Task app.tasks.slot_tasks.send_slot_reminders[0cf19733-61f0-40e8-87a4-1928c768347d] raised unexpected: RuntimeError("Task <Task pending name='Task-86' coro=<_send_slot_reminders() running at /home/farrukh/Frontend/p2p/backend/app/tasks/slot_tasks.py:35> cb=[_run_until_complete_cb() at /usr/lib64/python3.14/asyncio/base_events.py:181]> got Future <Future pending cb=[BaseProtocol._on_waiter_completed()]> attached to a different loop")
Traceback (most recent call last):
  File "/home/farrukh/Frontend/p2p/backend/.venv/lib64/python3.14/site-packages/celery/app/trace.py", line 585, in trace_task
    R = retval = fun(*args, **kwargs)
                 ~~~^^^^^^^^^^^^^^^^^
  File "/home/farrukh/Frontend/p2p/backend/.venv/lib64/python3.14/site-packages/celery/app/trace.py", line 858, in __protected_call__
    return self.run(*args, **kwargs)
           ~~~~~~~~^^^^^^^^^^^^^^^^^
  File "/home/farrukh/Frontend/p2p/backend/app/tasks/slot_tasks.py", line 20, in send_slot_reminders
    return asyncio.run(_send_slot_reminders())
           ~~~~~~~~~~~^^^^^^^^^^^^^^^^^^^^^^^^
  File "/usr/lib64/python3.14/asyncio/runners.py", line 204, in run
    return runner.run(main)
           ~~~~~~~~~~^^^^^^
  File "/usr/lib64/python3.14/asyncio/runners.py", line 127, in run
    return self._loop.run_until_complete(task)
           ~~~~~~~~~~~~~~~~~~~~~~~~~~~~~^^^^^^
  File "/usr/lib64/python3.14/asyncio/base_events.py", line 719, in run_until_complete
    return future.result()
           ~~~~~~~~~~~~~^^
  File "/home/farrukh/Frontend/p2p/backend/app/tasks/slot_tasks.py", line 35, in _send_slot_reminders
    slots = (await db.execute(stmt)).scalars().all()
             ^^^^^^^^^^^^^^^^^^^^^^
  File "/home/farrukh/Frontend/p2p/backend/.venv/lib64/python3.14/site-packages/sqlalchemy/ext/asyncio/session.py", line 448, in execute
    result = await greenlet_spawn(
             ^^^^^^^^^^^^^^^^^^^^^
    ...<6 lines>...
    )
    ^
  File "/home/farrukh/Frontend/p2p/backend/.venv/lib64/python3.14/site-packages/sqlalchemy/util/_concurrency_py3k.py", line 201, in greenlet_spawn
    result = context.throw(*sys.exc_info())
  File "/home/farrukh/Frontend/p2p/backend/.venv/lib64/python3.14/site-packages/sqlalchemy/orm/session.py", line 2372, in execute
    return self._execute_internal(
           ~~~~~~~~~~~~~~~~~~~~~~^
        statement,
        ^^^^^^^^^^
    ...<4 lines>...
        _add_event=_add_event,
        ^^^^^^^^^^^^^^^^^^^^^^
    )
    ^
  File "/home/farrukh/Frontend/p2p/backend/.venv/lib64/python3.14/site-packages/sqlalchemy/orm/session.py", line 2260, in _execute_internal
    conn = self._connection_for_bind(bind)
  File "/home/farrukh/Frontend/p2p/backend/.venv/lib64/python3.14/site-packages/sqlalchemy/orm/session.py", line 2112, in _connection_for_bind
    return trans._connection_for_bind(engine, execution_options)
           ~~~~~~~~~~~~~~~~~~~~~~~~~~^^^^^^^^^^^^^^^^^^^^^^^^^^^
  File "<string>", line 2, in _connection_for_bind
  File "/home/farrukh/Frontend/p2p/backend/.venv/lib64/python3.14/site-packages/sqlalchemy/orm/state_changes.py", line 137, in _go
    ret_value = fn(self, *arg, **kw)
  File "/home/farrukh/Frontend/p2p/backend/.venv/lib64/python3.14/site-packages/sqlalchemy/orm/session.py", line 1191, in _connection_for_bind
    conn = bind.connect()
  File "/home/farrukh/Frontend/p2p/backend/.venv/lib64/python3.14/site-packages/sqlalchemy/engine/base.py", line 3295, in connect
    return self._connection_cls(self)
           ~~~~~~~~~~~~~~~~~~~~^^^^^^
  File "/home/farrukh/Frontend/p2p/backend/.venv/lib64/python3.14/site-packages/sqlalchemy/engine/base.py", line 144, in __init__
    self._dbapi_connection = engine.raw_connection()
                             ~~~~~~~~~~~~~~~~~~~~~^^
  File "/home/farrukh/Frontend/p2p/backend/.venv/lib64/python3.14/site-packages/sqlalchemy/engine/base.py", line 3319, in raw_connection
    return self.pool.connect()
           ~~~~~~~~~~~~~~~~~^^
  File "/home/farrukh/Frontend/p2p/backend/.venv/lib64/python3.14/site-packages/sqlalchemy/pool/base.py", line 448, in connect
    return _ConnectionFairy._checkout(self)
           ~~~~~~~~~~~~~~~~~~~~~~~~~~^^^^^^
  File "/home/farrukh/Frontend/p2p/backend/.venv/lib64/python3.14/site-packages/sqlalchemy/pool/base.py", line 1371, in _checkout
    with util.safe_reraise():
         ~~~~~~~~~~~~~~~~~^^
  File "/home/farrukh/Frontend/p2p/backend/.venv/lib64/python3.14/site-packages/sqlalchemy/util/langhelpers.py", line 122, in __exit__
    raise exc_value.with_traceback(exc_tb)
  File "/home/farrukh/Frontend/p2p/backend/.venv/lib64/python3.14/site-packages/sqlalchemy/pool/base.py", line 1309, in _checkout
    result = pool._dialect._do_ping_w_event(
        fairy.dbapi_connection
    )
  File "/home/farrukh/Frontend/p2p/backend/.venv/lib64/python3.14/site-packages/sqlalchemy/engine/default.py", line 729, in _do_ping_w_event
    return self.do_ping(dbapi_connection)
           ~~~~~~~~~~~~^^^^^^^^^^^^^^^^^^
  File "/home/farrukh/Frontend/p2p/backend/.venv/lib64/python3.14/site-packages/sqlalchemy/dialects/postgresql/asyncpg.py", line 1164, in do_ping
    dbapi_connection.ping()
    ~~~~~~~~~~~~~~~~~~~~~^^
  File "/home/farrukh/Frontend/p2p/backend/.venv/lib64/python3.14/site-packages/sqlalchemy/dialects/postgresql/asyncpg.py", line 818, in ping
    self._handle_exception(error)
    ~~~~~~~~~~~~~~~~~~~~~~^^^^^^^
  File "/home/farrukh/Frontend/p2p/backend/.venv/lib64/python3.14/site-packages/sqlalchemy/dialects/postgresql/asyncpg.py", line 799, in _handle_exception
    raise error
  File "/home/farrukh/Frontend/p2p/backend/.venv/lib64/python3.14/site-packages/sqlalchemy/dialects/postgresql/asyncpg.py", line 816, in ping
    _ = self.await_(self._async_ping())
  File "/home/farrukh/Frontend/p2p/backend/.venv/lib64/python3.14/site-packages/sqlalchemy/util/_concurrency_py3k.py", line 132, in await_only
    return current.parent.switch(awaitable)  # type: ignore[no-any-return,attr-defined] # noqa: E501
           ~~~~~~~~~~~~~~~~~~~~~^^^^^^^^^^^
  File "/home/farrukh/Frontend/p2p/backend/.venv/lib64/python3.14/site-packages/sqlalchemy/util/_concurrency_py3k.py", line 196, in greenlet_spawn
    value = await result
            ^^^^^^^^^^^^
  File "/home/farrukh/Frontend/p2p/backend/.venv/lib64/python3.14/site-packages/sqlalchemy/dialects/postgresql/asyncpg.py", line 825, in _async_ping
    await tr.start()
  File "/home/farrukh/Frontend/p2p/backend/.venv/lib64/python3.14/site-packages/asyncpg/transaction.py", line 146, in start
    await self._connection.execute(query)
  File "/home/farrukh/Frontend/p2p/backend/.venv/lib64/python3.14/site-packages/asyncpg/connection.py", line 354, in execute
    result = await self._protocol.query(query, timeout)
             ^^^^^^^^^^^^^^^^^^^^^^^^^^^^^^^^^^^^^^^^^^
  File "asyncpg/protocol/protocol.pyx", line 369, in query
    return await waiter
RuntimeError: Task <Task pending name='Task-86' coro=<_send_slot_reminders() running at /home/farrukh/Frontend/p2p/backend/app/tasks/slot_tasks.py:35> cb=[_run_until_complete_cb() at /usr/lib64/python3.14/asyncio/base_events.py:181]> got Future <Future pending cb=[BaseProtocol._on_waiter_completed()]> attached to a different loop
[2026-06-14 11:22:11,009: INFO/MainProcess] Task app.tasks.slot_tasks.check_absences[11b76101-ffc9-46f5-a6fb-531829af1fff] received
[2026-06-14 11:22:11,018: INFO/MainProcess] Task app.tasks.slot_tasks.send_slot_reminders[37bd7433-9c15-4c92-8121-af0969a85504] received
2026-06-14 11:22:11,038 INFO sqlalchemy.engine.Engine BEGIN (implicit)
[2026-06-14 11:22:11,038: INFO/ForkPoolWorker-15] BEGIN (implicit)
2026-06-14 11:22:11,038 INFO sqlalchemy.engine.Engine SELECT slots.id, slots.reviewer_id, slots.reviewee_id, slots.reviewer_project, slots.reviewee_project, slots.start_time, slots.end_time, slots.actual_start, slots.actual_end, slots.duration_minutes, slots.status, slots.is_online, slots.campus, slots.reviewer_started, slots.reviewee_started, slots.reviewer_finished, slots.reviewee_finished, slots.absent_by, slots.absent_at, slots.cancelled_by, slots.cancel_reason, slots.created_at, slots.updated_at 
FROM slots 
WHERE slots.status = $1::VARCHAR AND slots.start_time < $2::TIMESTAMP WITH TIME ZONE
[2026-06-14 11:22:11,038: INFO/ForkPoolWorker-15] SELECT slots.id, slots.reviewer_id, slots.reviewee_id, slots.reviewer_project, slots.reviewee_project, slots.start_time, slots.end_time, slots.actual_start, slots.actual_end, slots.duration_minutes, slots.status, slots.is_online, slots.campus, slots.reviewer_started, slots.reviewee_started, slots.reviewer_finished, slots.reviewee_finished, slots.absent_by, slots.absent_at, slots.cancelled_by, slots.cancel_reason, slots.created_at, slots.updated_at 
FROM slots 
WHERE slots.status = $1::VARCHAR AND slots.start_time < $2::TIMESTAMP WITH TIME ZONE
2026-06-14 11:22:11,038 INFO sqlalchemy.engine.Engine [cached since 1080s ago] ('booked', datetime.datetime(2026, 6, 14, 6, 7, 11, 11872, tzinfo=datetime.timezone.utc))
[2026-06-14 11:22:11,038: INFO/ForkPoolWorker-15] [cached since 1080s ago] ('booked', datetime.datetime(2026, 6, 14, 6, 7, 11, 11872, tzinfo=datetime.timezone.utc))
2026-06-14 11:22:11,040 INFO sqlalchemy.engine.Engine ROLLBACK
[2026-06-14 11:22:11,040: INFO/ForkPoolWorker-15] ROLLBACK
[2026-06-14 11:22:11,042: INFO/ForkPoolWorker-15] Task app.tasks.slot_tasks.check_absences[11b76101-ffc9-46f5-a6fb-531829af1fff] succeeded in 0.031795199000043795s: 0
2026-06-14 11:22:11,046 INFO sqlalchemy.engine.Engine BEGIN (implicit)
[2026-06-14 11:22:11,046: INFO/ForkPoolWorker-16] BEGIN (implicit)
2026-06-14 11:22:11,047 INFO sqlalchemy.engine.Engine SELECT slots.id, slots.reviewer_id, slots.reviewee_id, slots.reviewer_project, slots.reviewee_project, slots.start_time, slots.end_time, slots.actual_start, slots.actual_end, slots.duration_minutes, slots.status, slots.is_online, slots.campus, slots.reviewer_started, slots.reviewee_started, slots.reviewer_finished, slots.reviewee_finished, slots.absent_by, slots.absent_at, slots.cancelled_by, slots.cancel_reason, slots.created_at, slots.updated_at 
FROM slots 
WHERE slots.status = $1::VARCHAR AND slots.start_time >= $2::TIMESTAMP WITH TIME ZONE AND slots.start_time < $3::TIMESTAMP WITH TIME ZONE
[2026-06-14 11:22:11,047: INFO/ForkPoolWorker-16] SELECT slots.id, slots.reviewer_id, slots.reviewee_id, slots.reviewer_project, slots.reviewee_project, slots.start_time, slots.end_time, slots.actual_start, slots.actual_end, slots.duration_minutes, slots.status, slots.is_online, slots.campus, slots.reviewer_started, slots.reviewee_started, slots.reviewer_finished, slots.reviewee_finished, slots.absent_by, slots.absent_at, slots.cancelled_by, slots.cancel_reason, slots.created_at, slots.updated_at 
FROM slots 
WHERE slots.status = $1::VARCHAR AND slots.start_time >= $2::TIMESTAMP WITH TIME ZONE AND slots.start_time < $3::TIMESTAMP WITH TIME ZONE
2026-06-14 11:22:11,047 INFO sqlalchemy.engine.Engine [cached since 1080s ago] ('booked', datetime.datetime(2026, 6, 14, 6, 37, 11, 19865, tzinfo=datetime.timezone.utc), datetime.datetime(2026, 6, 14, 6, 38, 11, 19865, tzinfo=datetime.timezone.utc))
[2026-06-14 11:22:11,047: INFO/ForkPoolWorker-16] [cached since 1080s ago] ('booked', datetime.datetime(2026, 6, 14, 6, 37, 11, 19865, tzinfo=datetime.timezone.utc), datetime.datetime(2026, 6, 14, 6, 38, 11, 19865, tzinfo=datetime.timezone.utc))
2026-06-14 11:22:11,049 INFO sqlalchemy.engine.Engine COMMIT
[2026-06-14 11:22:11,049: INFO/ForkPoolWorker-16] COMMIT
[2026-06-14 11:22:11,051: INFO/ForkPoolWorker-16] Task app.tasks.slot_tasks.send_slot_reminders[37bd7433-9c15-4c92-8121-af0969a85504] succeeded in 0.03244060399993032s: 0
[2026-06-14 11:23:11,009: INFO/MainProcess] Task app.tasks.slot_tasks.check_absences[099adec0-24ca-42fb-b870-87c94026b264] received
[2026-06-14 11:23:11,012: ERROR/ForkPoolWorker-15] Exception terminating connection <AdaptedConnection <asyncpg.connection.Connection object at 0x7f04e292bf20>>
Traceback (most recent call last):
  File "/home/farrukh/Frontend/p2p/backend/.venv/lib64/python3.14/site-packages/sqlalchemy/pool/base.py", line 373, in _close_connection
    self._dialect.do_terminate(connection)
    ~~~~~~~~~~~~~~~~~~~~~~~~~~^^^^^^^^^^^^
  File "/home/farrukh/Frontend/p2p/backend/.venv/lib64/python3.14/site-packages/sqlalchemy/dialects/postgresql/asyncpg.py", line 1131, in do_terminate
    dbapi_connection.terminate()
    ~~~~~~~~~~~~~~~~~~~~~~~~~~^^
  File "/home/farrukh/Frontend/p2p/backend/.venv/lib64/python3.14/site-packages/sqlalchemy/connectors/asyncio.py", line 402, in terminate
    self.await_(asyncio.shield(self._terminate_graceful_close()))  # type: ignore[attr-defined] # noqa: E501
    ~~~~~~~~~~~^^^^^^^^^^^^^^^^^^^^^^^^^^^^^^^^^^^^^^^^^^^^^^^^^^
  File "/home/farrukh/Frontend/p2p/backend/.venv/lib64/python3.14/site-packages/sqlalchemy/util/_concurrency_py3k.py", line 132, in await_only
    return current.parent.switch(awaitable)  # type: ignore[no-any-return,attr-defined] # noqa: E501
           ~~~~~~~~~~~~~~~~~~~~~^^^^^^^^^^^
  File "/home/farrukh/Frontend/p2p/backend/.venv/lib64/python3.14/site-packages/sqlalchemy/util/_concurrency_py3k.py", line 196, in greenlet_spawn
    value = await result
            ^^^^^^^^^^^^
  File "/home/farrukh/Frontend/p2p/backend/.venv/lib64/python3.14/site-packages/sqlalchemy/dialects/postgresql/asyncpg.py", line 912, in _terminate_graceful_close
    await self._connection.close(timeout=2)
  File "/home/farrukh/Frontend/p2p/backend/.venv/lib64/python3.14/site-packages/asyncpg/connection.py", line 1513, in close
    await self._protocol.close(timeout)
  File "asyncpg/protocol/protocol.pyx", line 617, in close
    self._request_cancel()
  File "asyncpg/protocol/protocol.pyx", line 650, in asyncpg.protocol.protocol.BaseProtocol._request_cancel
    con._cancel_current_command(self.cancel_sent_waiter)
  File "/home/farrukh/Frontend/p2p/backend/.venv/lib64/python3.14/site-packages/asyncpg/connection.py", line 1682, in _cancel_current_command
    self._cancellations.add(self._loop.create_task(self._cancel(waiter)))
                            ~~~~~~~~~~~~~~~~~~~~~~^^^^^^^^^^^^^^^^^^^^^^
  File "/usr/lib64/python3.14/asyncio/base_events.py", line 466, in create_task
    self._check_closed()
    ~~~~~~~~~~~~~~~~~~^^
  File "/usr/lib64/python3.14/asyncio/base_events.py", line 550, in _check_closed
    raise RuntimeError('Event loop is closed')
RuntimeError: Event loop is closed
[2026-06-14 11:23:11,018: INFO/MainProcess] Task app.tasks.slot_tasks.send_slot_reminders[0c6e1c32-cde3-42aa-aa33-1262c4c3946e] received
[2026-06-14 11:23:11,018: ERROR/ForkPoolWorker-15] Task app.tasks.slot_tasks.check_absences[099adec0-24ca-42fb-b870-87c94026b264] raised unexpected: RuntimeError("Task <Task pending name='Task-96' coro=<_check_absences() running at /home/farrukh/Frontend/p2p/backend/app/tasks/slot_tasks.py:70> cb=[_run_until_complete_cb() at /usr/lib64/python3.14/asyncio/base_events.py:181]> got Future <Future pending cb=[BaseProtocol._on_waiter_completed()]> attached to a different loop")
Traceback (most recent call last):
  File "/home/farrukh/Frontend/p2p/backend/.venv/lib64/python3.14/site-packages/celery/app/trace.py", line 585, in trace_task
    R = retval = fun(*args, **kwargs)
                 ~~~^^^^^^^^^^^^^^^^^
  File "/home/farrukh/Frontend/p2p/backend/.venv/lib64/python3.14/site-packages/celery/app/trace.py", line 858, in __protected_call__
    return self.run(*args, **kwargs)
           ~~~~~~~~^^^^^^^^^^^^^^^^^
  File "/home/farrukh/Frontend/p2p/backend/app/tasks/slot_tasks.py", line 58, in check_absences
    return asyncio.run(_check_absences())
           ~~~~~~~~~~~^^^^^^^^^^^^^^^^^^^
  File "/usr/lib64/python3.14/asyncio/runners.py", line 204, in run
    return runner.run(main)
           ~~~~~~~~~~^^^^^^
  File "/usr/lib64/python3.14/asyncio/runners.py", line 127, in run
    return self._loop.run_until_complete(task)
           ~~~~~~~~~~~~~~~~~~~~~~~~~~~~~^^^^^^
  File "/usr/lib64/python3.14/asyncio/base_events.py", line 719, in run_until_complete
    return future.result()
           ~~~~~~~~~~~~~^^
  File "/home/farrukh/Frontend/p2p/backend/app/tasks/slot_tasks.py", line 70, in _check_absences
    slots = (await db.execute(stmt)).scalars().all()
             ^^^^^^^^^^^^^^^^^^^^^^
  File "/home/farrukh/Frontend/p2p/backend/.venv/lib64/python3.14/site-packages/sqlalchemy/ext/asyncio/session.py", line 448, in execute
    result = await greenlet_spawn(
             ^^^^^^^^^^^^^^^^^^^^^
    ...<6 lines>...
    )
    ^
  File "/home/farrukh/Frontend/p2p/backend/.venv/lib64/python3.14/site-packages/sqlalchemy/util/_concurrency_py3k.py", line 201, in greenlet_spawn
    result = context.throw(*sys.exc_info())
  File "/home/farrukh/Frontend/p2p/backend/.venv/lib64/python3.14/site-packages/sqlalchemy/orm/session.py", line 2372, in execute
    return self._execute_internal(
           ~~~~~~~~~~~~~~~~~~~~~~^
        statement,
        ^^^^^^^^^^
    ...<4 lines>...
        _add_event=_add_event,
        ^^^^^^^^^^^^^^^^^^^^^^
    )
    ^
  File "/home/farrukh/Frontend/p2p/backend/.venv/lib64/python3.14/site-packages/sqlalchemy/orm/session.py", line 2260, in _execute_internal
    conn = self._connection_for_bind(bind)
  File "/home/farrukh/Frontend/p2p/backend/.venv/lib64/python3.14/site-packages/sqlalchemy/orm/session.py", line 2112, in _connection_for_bind
    return trans._connection_for_bind(engine, execution_options)
           ~~~~~~~~~~~~~~~~~~~~~~~~~~^^^^^^^^^^^^^^^^^^^^^^^^^^^
  File "<string>", line 2, in _connection_for_bind
  File "/home/farrukh/Frontend/p2p/backend/.venv/lib64/python3.14/site-packages/sqlalchemy/orm/state_changes.py", line 137, in _go
    ret_value = fn(self, *arg, **kw)
  File "/home/farrukh/Frontend/p2p/backend/.venv/lib64/python3.14/site-packages/sqlalchemy/orm/session.py", line 1191, in _connection_for_bind
    conn = bind.connect()
  File "/home/farrukh/Frontend/p2p/backend/.venv/lib64/python3.14/site-packages/sqlalchemy/engine/base.py", line 3295, in connect
    return self._connection_cls(self)
           ~~~~~~~~~~~~~~~~~~~~^^^^^^
  File "/home/farrukh/Frontend/p2p/backend/.venv/lib64/python3.14/site-packages/sqlalchemy/engine/base.py", line 144, in __init__
    self._dbapi_connection = engine.raw_connection()
                             ~~~~~~~~~~~~~~~~~~~~~^^
  File "/home/farrukh/Frontend/p2p/backend/.venv/lib64/python3.14/site-packages/sqlalchemy/engine/base.py", line 3319, in raw_connection
    return self.pool.connect()
           ~~~~~~~~~~~~~~~~~^^
  File "/home/farrukh/Frontend/p2p/backend/.venv/lib64/python3.14/site-packages/sqlalchemy/pool/base.py", line 448, in connect
    return _ConnectionFairy._checkout(self)
           ~~~~~~~~~~~~~~~~~~~~~~~~~~^^^^^^
  File "/home/farrukh/Frontend/p2p/backend/.venv/lib64/python3.14/site-packages/sqlalchemy/pool/base.py", line 1371, in _checkout
    with util.safe_reraise():
         ~~~~~~~~~~~~~~~~~^^
  File "/home/farrukh/Frontend/p2p/backend/.venv/lib64/python3.14/site-packages/sqlalchemy/util/langhelpers.py", line 122, in __exit__
    raise exc_value.with_traceback(exc_tb)
  File "/home/farrukh/Frontend/p2p/backend/.venv/lib64/python3.14/site-packages/sqlalchemy/pool/base.py", line 1309, in _checkout
    result = pool._dialect._do_ping_w_event(
        fairy.dbapi_connection
    )
  File "/home/farrukh/Frontend/p2p/backend/.venv/lib64/python3.14/site-packages/sqlalchemy/engine/default.py", line 729, in _do_ping_w_event
    return self.do_ping(dbapi_connection)
           ~~~~~~~~~~~~^^^^^^^^^^^^^^^^^^
  File "/home/farrukh/Frontend/p2p/backend/.venv/lib64/python3.14/site-packages/sqlalchemy/dialects/postgresql/asyncpg.py", line 1164, in do_ping
    dbapi_connection.ping()
    ~~~~~~~~~~~~~~~~~~~~~^^
  File "/home/farrukh/Frontend/p2p/backend/.venv/lib64/python3.14/site-packages/sqlalchemy/dialects/postgresql/asyncpg.py", line 818, in ping
    self._handle_exception(error)
    ~~~~~~~~~~~~~~~~~~~~~~^^^^^^^
  File "/home/farrukh/Frontend/p2p/backend/.venv/lib64/python3.14/site-packages/sqlalchemy/dialects/postgresql/asyncpg.py", line 799, in _handle_exception
    raise error
  File "/home/farrukh/Frontend/p2p/backend/.venv/lib64/python3.14/site-packages/sqlalchemy/dialects/postgresql/asyncpg.py", line 816, in ping
    _ = self.await_(self._async_ping())
  File "/home/farrukh/Frontend/p2p/backend/.venv/lib64/python3.14/site-packages/sqlalchemy/util/_concurrency_py3k.py", line 132, in await_only
    return current.parent.switch(awaitable)  # type: ignore[no-any-return,attr-defined] # noqa: E501
           ~~~~~~~~~~~~~~~~~~~~~^^^^^^^^^^^
  File "/home/farrukh/Frontend/p2p/backend/.venv/lib64/python3.14/site-packages/sqlalchemy/util/_concurrency_py3k.py", line 196, in greenlet_spawn
    value = await result
            ^^^^^^^^^^^^
  File "/home/farrukh/Frontend/p2p/backend/.venv/lib64/python3.14/site-packages/sqlalchemy/dialects/postgresql/asyncpg.py", line 825, in _async_ping
    await tr.start()
  File "/home/farrukh/Frontend/p2p/backend/.venv/lib64/python3.14/site-packages/asyncpg/transaction.py", line 146, in start
    await self._connection.execute(query)
  File "/home/farrukh/Frontend/p2p/backend/.venv/lib64/python3.14/site-packages/asyncpg/connection.py", line 354, in execute
    result = await self._protocol.query(query, timeout)
             ^^^^^^^^^^^^^^^^^^^^^^^^^^^^^^^^^^^^^^^^^^
  File "asyncpg/protocol/protocol.pyx", line 369, in query
    return await waiter
RuntimeError: Task <Task pending name='Task-96' coro=<_check_absences() running at /home/farrukh/Frontend/p2p/backend/app/tasks/slot_tasks.py:70> cb=[_run_until_complete_cb() at /usr/lib64/python3.14/asyncio/base_events.py:181]> got Future <Future pending cb=[BaseProtocol._on_waiter_completed()]> attached to a different loop
[2026-06-14 11:23:11,020: ERROR/ForkPoolWorker-16] Exception terminating connection <AdaptedConnection <asyncpg.connection.Connection object at 0x7f04e10fc320>>
Traceback (most recent call last):
  File "/home/farrukh/Frontend/p2p/backend/.venv/lib64/python3.14/site-packages/sqlalchemy/pool/base.py", line 373, in _close_connection
    self._dialect.do_terminate(connection)
    ~~~~~~~~~~~~~~~~~~~~~~~~~~^^^^^^^^^^^^
  File "/home/farrukh/Frontend/p2p/backend/.venv/lib64/python3.14/site-packages/sqlalchemy/dialects/postgresql/asyncpg.py", line 1131, in do_terminate
    dbapi_connection.terminate()
    ~~~~~~~~~~~~~~~~~~~~~~~~~~^^
  File "/home/farrukh/Frontend/p2p/backend/.venv/lib64/python3.14/site-packages/sqlalchemy/connectors/asyncio.py", line 402, in terminate
    self.await_(asyncio.shield(self._terminate_graceful_close()))  # type: ignore[attr-defined] # noqa: E501
    ~~~~~~~~~~~^^^^^^^^^^^^^^^^^^^^^^^^^^^^^^^^^^^^^^^^^^^^^^^^^^
  File "/home/farrukh/Frontend/p2p/backend/.venv/lib64/python3.14/site-packages/sqlalchemy/util/_concurrency_py3k.py", line 132, in await_only
    return current.parent.switch(awaitable)  # type: ignore[no-any-return,attr-defined] # noqa: E501
           ~~~~~~~~~~~~~~~~~~~~~^^^^^^^^^^^
  File "/home/farrukh/Frontend/p2p/backend/.venv/lib64/python3.14/site-packages/sqlalchemy/util/_concurrency_py3k.py", line 196, in greenlet_spawn
    value = await result
            ^^^^^^^^^^^^
  File "/home/farrukh/Frontend/p2p/backend/.venv/lib64/python3.14/site-packages/sqlalchemy/dialects/postgresql/asyncpg.py", line 912, in _terminate_graceful_close
    await self._connection.close(timeout=2)
  File "/home/farrukh/Frontend/p2p/backend/.venv/lib64/python3.14/site-packages/asyncpg/connection.py", line 1513, in close
    await self._protocol.close(timeout)
  File "asyncpg/protocol/protocol.pyx", line 617, in close
    self._request_cancel()
  File "asyncpg/protocol/protocol.pyx", line 650, in asyncpg.protocol.protocol.BaseProtocol._request_cancel
    con._cancel_current_command(self.cancel_sent_waiter)
  File "/home/farrukh/Frontend/p2p/backend/.venv/lib64/python3.14/site-packages/asyncpg/connection.py", line 1682, in _cancel_current_command
    self._cancellations.add(self._loop.create_task(self._cancel(waiter)))
                            ~~~~~~~~~~~~~~~~~~~~~~^^^^^^^^^^^^^^^^^^^^^^
  File "/usr/lib64/python3.14/asyncio/base_events.py", line 466, in create_task
    self._check_closed()
    ~~~~~~~~~~~~~~~~~~^^
  File "/usr/lib64/python3.14/asyncio/base_events.py", line 550, in _check_closed
    raise RuntimeError('Event loop is closed')
RuntimeError: Event loop is closed
[2026-06-14 11:23:11,028: ERROR/ForkPoolWorker-16] Task app.tasks.slot_tasks.send_slot_reminders[0c6e1c32-cde3-42aa-aa33-1262c4c3946e] raised unexpected: RuntimeError("Task <Task pending name='Task-96' coro=<_send_slot_reminders() running at /home/farrukh/Frontend/p2p/backend/app/tasks/slot_tasks.py:35> cb=[_run_until_complete_cb() at /usr/lib64/python3.14/asyncio/base_events.py:181]> got Future <Future pending cb=[BaseProtocol._on_waiter_completed()]> attached to a different loop")
Traceback (most recent call last):
  File "/home/farrukh/Frontend/p2p/backend/.venv/lib64/python3.14/site-packages/celery/app/trace.py", line 585, in trace_task
    R = retval = fun(*args, **kwargs)
                 ~~~^^^^^^^^^^^^^^^^^
  File "/home/farrukh/Frontend/p2p/backend/.venv/lib64/python3.14/site-packages/celery/app/trace.py", line 858, in __protected_call__
    return self.run(*args, **kwargs)
           ~~~~~~~~^^^^^^^^^^^^^^^^^
  File "/home/farrukh/Frontend/p2p/backend/app/tasks/slot_tasks.py", line 20, in send_slot_reminders
    return asyncio.run(_send_slot_reminders())
           ~~~~~~~~~~~^^^^^^^^^^^^^^^^^^^^^^^^
  File "/usr/lib64/python3.14/asyncio/runners.py", line 204, in run
    return runner.run(main)
           ~~~~~~~~~~^^^^^^
  File "/usr/lib64/python3.14/asyncio/runners.py", line 127, in run
    return self._loop.run_until_complete(task)
           ~~~~~~~~~~~~~~~~~~~~~~~~~~~~~^^^^^^
  File "/usr/lib64/python3.14/asyncio/base_events.py", line 719, in run_until_complete
    return future.result()
           ~~~~~~~~~~~~~^^
  File "/home/farrukh/Frontend/p2p/backend/app/tasks/slot_tasks.py", line 35, in _send_slot_reminders
    slots = (await db.execute(stmt)).scalars().all()
             ^^^^^^^^^^^^^^^^^^^^^^
  File "/home/farrukh/Frontend/p2p/backend/.venv/lib64/python3.14/site-packages/sqlalchemy/ext/asyncio/session.py", line 448, in execute
    result = await greenlet_spawn(
             ^^^^^^^^^^^^^^^^^^^^^
    ...<6 lines>...
    )
    ^
  File "/home/farrukh/Frontend/p2p/backend/.venv/lib64/python3.14/site-packages/sqlalchemy/util/_concurrency_py3k.py", line 201, in greenlet_spawn
    result = context.throw(*sys.exc_info())
  File "/home/farrukh/Frontend/p2p/backend/.venv/lib64/python3.14/site-packages/sqlalchemy/orm/session.py", line 2372, in execute
    return self._execute_internal(
           ~~~~~~~~~~~~~~~~~~~~~~^
        statement,
        ^^^^^^^^^^
    ...<4 lines>...
        _add_event=_add_event,
        ^^^^^^^^^^^^^^^^^^^^^^
    )
    ^
  File "/home/farrukh/Frontend/p2p/backend/.venv/lib64/python3.14/site-packages/sqlalchemy/orm/session.py", line 2260, in _execute_internal
    conn = self._connection_for_bind(bind)
  File "/home/farrukh/Frontend/p2p/backend/.venv/lib64/python3.14/site-packages/sqlalchemy/orm/session.py", line 2112, in _connection_for_bind
    return trans._connection_for_bind(engine, execution_options)
           ~~~~~~~~~~~~~~~~~~~~~~~~~~^^^^^^^^^^^^^^^^^^^^^^^^^^^
  File "<string>", line 2, in _connection_for_bind
  File "/home/farrukh/Frontend/p2p/backend/.venv/lib64/python3.14/site-packages/sqlalchemy/orm/state_changes.py", line 137, in _go
    ret_value = fn(self, *arg, **kw)
  File "/home/farrukh/Frontend/p2p/backend/.venv/lib64/python3.14/site-packages/sqlalchemy/orm/session.py", line 1191, in _connection_for_bind
    conn = bind.connect()
  File "/home/farrukh/Frontend/p2p/backend/.venv/lib64/python3.14/site-packages/sqlalchemy/engine/base.py", line 3295, in connect
    return self._connection_cls(self)
           ~~~~~~~~~~~~~~~~~~~~^^^^^^
  File "/home/farrukh/Frontend/p2p/backend/.venv/lib64/python3.14/site-packages/sqlalchemy/engine/base.py", line 144, in __init__
    self._dbapi_connection = engine.raw_connection()
                             ~~~~~~~~~~~~~~~~~~~~~^^
  File "/home/farrukh/Frontend/p2p/backend/.venv/lib64/python3.14/site-packages/sqlalchemy/engine/base.py", line 3319, in raw_connection
    return self.pool.connect()
           ~~~~~~~~~~~~~~~~~^^
  File "/home/farrukh/Frontend/p2p/backend/.venv/lib64/python3.14/site-packages/sqlalchemy/pool/base.py", line 448, in connect
    return _ConnectionFairy._checkout(self)
           ~~~~~~~~~~~~~~~~~~~~~~~~~~^^^^^^
  File "/home/farrukh/Frontend/p2p/backend/.venv/lib64/python3.14/site-packages/sqlalchemy/pool/base.py", line 1371, in _checkout
    with util.safe_reraise():
         ~~~~~~~~~~~~~~~~~^^
  File "/home/farrukh/Frontend/p2p/backend/.venv/lib64/python3.14/site-packages/sqlalchemy/util/langhelpers.py", line 122, in __exit__
    raise exc_value.with_traceback(exc_tb)
  File "/home/farrukh/Frontend/p2p/backend/.venv/lib64/python3.14/site-packages/sqlalchemy/pool/base.py", line 1309, in _checkout
    result = pool._dialect._do_ping_w_event(
        fairy.dbapi_connection
    )
  File "/home/farrukh/Frontend/p2p/backend/.venv/lib64/python3.14/site-packages/sqlalchemy/engine/default.py", line 729, in _do_ping_w_event
    return self.do_ping(dbapi_connection)
           ~~~~~~~~~~~~^^^^^^^^^^^^^^^^^^
  File "/home/farrukh/Frontend/p2p/backend/.venv/lib64/python3.14/site-packages/sqlalchemy/dialects/postgresql/asyncpg.py", line 1164, in do_ping
    dbapi_connection.ping()
    ~~~~~~~~~~~~~~~~~~~~~^^
  File "/home/farrukh/Frontend/p2p/backend/.venv/lib64/python3.14/site-packages/sqlalchemy/dialects/postgresql/asyncpg.py", line 818, in ping
    self._handle_exception(error)
    ~~~~~~~~~~~~~~~~~~~~~~^^^^^^^
  File "/home/farrukh/Frontend/p2p/backend/.venv/lib64/python3.14/site-packages/sqlalchemy/dialects/postgresql/asyncpg.py", line 799, in _handle_exception
    raise error
  File "/home/farrukh/Frontend/p2p/backend/.venv/lib64/python3.14/site-packages/sqlalchemy/dialects/postgresql/asyncpg.py", line 816, in ping
    _ = self.await_(self._async_ping())
  File "/home/farrukh/Frontend/p2p/backend/.venv/lib64/python3.14/site-packages/sqlalchemy/util/_concurrency_py3k.py", line 132, in await_only
    return current.parent.switch(awaitable)  # type: ignore[no-any-return,attr-defined] # noqa: E501
           ~~~~~~~~~~~~~~~~~~~~~^^^^^^^^^^^
  File "/home/farrukh/Frontend/p2p/backend/.venv/lib64/python3.14/site-packages/sqlalchemy/util/_concurrency_py3k.py", line 196, in greenlet_spawn
    value = await result
            ^^^^^^^^^^^^
  File "/home/farrukh/Frontend/p2p/backend/.venv/lib64/python3.14/site-packages/sqlalchemy/dialects/postgresql/asyncpg.py", line 825, in _async_ping
    await tr.start()
  File "/home/farrukh/Frontend/p2p/backend/.venv/lib64/python3.14/site-packages/asyncpg/transaction.py", line 146, in start
    await self._connection.execute(query)
  File "/home/farrukh/Frontend/p2p/backend/.venv/lib64/python3.14/site-packages/asyncpg/connection.py", line 354, in execute
    result = await self._protocol.query(query, timeout)
             ^^^^^^^^^^^^^^^^^^^^^^^^^^^^^^^^^^^^^^^^^^
  File "asyncpg/protocol/protocol.pyx", line 369, in query
    return await waiter
RuntimeError: Task <Task pending name='Task-96' coro=<_send_slot_reminders() running at /home/farrukh/Frontend/p2p/backend/app/tasks/slot_tasks.py:35> cb=[_run_until_complete_cb() at /usr/lib64/python3.14/asyncio/base_events.py:181]> got Future <Future pending cb=[BaseProtocol._on_waiter_completed()]> attached to a different loop
[2026-06-14 11:24:11,009: INFO/MainProcess] Task app.tasks.slot_tasks.check_absences[13747a09-5e38-4ab5-9501-cf2f0ae00a15] received
[2026-06-14 11:24:11,018: INFO/MainProcess] Task app.tasks.slot_tasks.send_slot_reminders[0faef48f-bb8b-44a8-90f3-674830fc125c] received
2026-06-14 11:24:11,038 INFO sqlalchemy.engine.Engine BEGIN (implicit)
[2026-06-14 11:24:11,038: INFO/ForkPoolWorker-15] BEGIN (implicit)
2026-06-14 11:24:11,038 INFO sqlalchemy.engine.Engine SELECT slots.id, slots.reviewer_id, slots.reviewee_id, slots.reviewer_project, slots.reviewee_project, slots.start_time, slots.end_time, slots.actual_start, slots.actual_end, slots.duration_minutes, slots.status, slots.is_online, slots.campus, slots.reviewer_started, slots.reviewee_started, slots.reviewer_finished, slots.reviewee_finished, slots.absent_by, slots.absent_at, slots.cancelled_by, slots.cancel_reason, slots.created_at, slots.updated_at 
FROM slots 
WHERE slots.status = $1::VARCHAR AND slots.start_time < $2::TIMESTAMP WITH TIME ZONE
[2026-06-14 11:24:11,038: INFO/ForkPoolWorker-15] SELECT slots.id, slots.reviewer_id, slots.reviewee_id, slots.reviewer_project, slots.reviewee_project, slots.start_time, slots.end_time, slots.actual_start, slots.actual_end, slots.duration_minutes, slots.status, slots.is_online, slots.campus, slots.reviewer_started, slots.reviewee_started, slots.reviewer_finished, slots.reviewee_finished, slots.absent_by, slots.absent_at, slots.cancelled_by, slots.cancel_reason, slots.created_at, slots.updated_at 
FROM slots 
WHERE slots.status = $1::VARCHAR AND slots.start_time < $2::TIMESTAMP WITH TIME ZONE
2026-06-14 11:24:11,038 INFO sqlalchemy.engine.Engine [cached since 1200s ago] ('booked', datetime.datetime(2026, 6, 14, 6, 9, 11, 11030, tzinfo=datetime.timezone.utc))
[2026-06-14 11:24:11,038: INFO/ForkPoolWorker-15] [cached since 1200s ago] ('booked', datetime.datetime(2026, 6, 14, 6, 9, 11, 11030, tzinfo=datetime.timezone.utc))
2026-06-14 11:24:11,041 INFO sqlalchemy.engine.Engine ROLLBACK
[2026-06-14 11:24:11,041: INFO/ForkPoolWorker-15] ROLLBACK
[2026-06-14 11:24:11,043: INFO/ForkPoolWorker-15] Task app.tasks.slot_tasks.check_absences[13747a09-5e38-4ab5-9501-cf2f0ae00a15] succeeded in 0.03344335800011322s: 0
2026-06-14 11:24:11,046 INFO sqlalchemy.engine.Engine BEGIN (implicit)
[2026-06-14 11:24:11,046: INFO/ForkPoolWorker-16] BEGIN (implicit)
2026-06-14 11:24:11,046 INFO sqlalchemy.engine.Engine SELECT slots.id, slots.reviewer_id, slots.reviewee_id, slots.reviewer_project, slots.reviewee_project, slots.start_time, slots.end_time, slots.actual_start, slots.actual_end, slots.duration_minutes, slots.status, slots.is_online, slots.campus, slots.reviewer_started, slots.reviewee_started, slots.reviewer_finished, slots.reviewee_finished, slots.absent_by, slots.absent_at, slots.cancelled_by, slots.cancel_reason, slots.created_at, slots.updated_at 
FROM slots 
WHERE slots.status = $1::VARCHAR AND slots.start_time >= $2::TIMESTAMP WITH TIME ZONE AND slots.start_time < $3::TIMESTAMP WITH TIME ZONE
[2026-06-14 11:24:11,046: INFO/ForkPoolWorker-16] SELECT slots.id, slots.reviewer_id, slots.reviewee_id, slots.reviewer_project, slots.reviewee_project, slots.start_time, slots.end_time, slots.actual_start, slots.actual_end, slots.duration_minutes, slots.status, slots.is_online, slots.campus, slots.reviewer_started, slots.reviewee_started, slots.reviewer_finished, slots.reviewee_finished, slots.absent_by, slots.absent_at, slots.cancelled_by, slots.cancel_reason, slots.created_at, slots.updated_at 
FROM slots 
WHERE slots.status = $1::VARCHAR AND slots.start_time >= $2::TIMESTAMP WITH TIME ZONE AND slots.start_time < $3::TIMESTAMP WITH TIME ZONE
2026-06-14 11:24:11,046 INFO sqlalchemy.engine.Engine [cached since 1200s ago] ('booked', datetime.datetime(2026, 6, 14, 6, 39, 11, 20310, tzinfo=datetime.timezone.utc), datetime.datetime(2026, 6, 14, 6, 40, 11, 20310, tzinfo=datetime.timezone.utc))
[2026-06-14 11:24:11,046: INFO/ForkPoolWorker-16] [cached since 1200s ago] ('booked', datetime.datetime(2026, 6, 14, 6, 39, 11, 20310, tzinfo=datetime.timezone.utc), datetime.datetime(2026, 6, 14, 6, 40, 11, 20310, tzinfo=datetime.timezone.utc))
2026-06-14 11:24:11,048 INFO sqlalchemy.engine.Engine COMMIT
[2026-06-14 11:24:11,048: INFO/ForkPoolWorker-16] COMMIT
[2026-06-14 11:24:11,050: INFO/ForkPoolWorker-16] Task app.tasks.slot_tasks.send_slot_reminders[0faef48f-bb8b-44a8-90f3-674830fc125c] succeeded in 0.030447523000020738s: 0
[2026-06-14 11:25:11,009: INFO/MainProcess] Task app.tasks.slot_tasks.check_absences[6a77bb24-b632-4635-a592-1eeea4eb5fb6] received
[2026-06-14 11:25:11,012: ERROR/ForkPoolWorker-15] Exception terminating connection <AdaptedConnection <asyncpg.connection.Connection object at 0x7f04e10e8320>>
Traceback (most recent call last):
  File "/home/farrukh/Frontend/p2p/backend/.venv/lib64/python3.14/site-packages/sqlalchemy/pool/base.py", line 373, in _close_connection
    self._dialect.do_terminate(connection)
    ~~~~~~~~~~~~~~~~~~~~~~~~~~^^^^^^^^^^^^
  File "/home/farrukh/Frontend/p2p/backend/.venv/lib64/python3.14/site-packages/sqlalchemy/dialects/postgresql/asyncpg.py", line 1131, in do_terminate
    dbapi_connection.terminate()
    ~~~~~~~~~~~~~~~~~~~~~~~~~~^^
  File "/home/farrukh/Frontend/p2p/backend/.venv/lib64/python3.14/site-packages/sqlalchemy/connectors/asyncio.py", line 402, in terminate
    self.await_(asyncio.shield(self._terminate_graceful_close()))  # type: ignore[attr-defined] # noqa: E501
    ~~~~~~~~~~~^^^^^^^^^^^^^^^^^^^^^^^^^^^^^^^^^^^^^^^^^^^^^^^^^^
  File "/home/farrukh/Frontend/p2p/backend/.venv/lib64/python3.14/site-packages/sqlalchemy/util/_concurrency_py3k.py", line 132, in await_only
    return current.parent.switch(awaitable)  # type: ignore[no-any-return,attr-defined] # noqa: E501
           ~~~~~~~~~~~~~~~~~~~~~^^^^^^^^^^^
  File "/home/farrukh/Frontend/p2p/backend/.venv/lib64/python3.14/site-packages/sqlalchemy/util/_concurrency_py3k.py", line 196, in greenlet_spawn
    value = await result
            ^^^^^^^^^^^^
  File "/home/farrukh/Frontend/p2p/backend/.venv/lib64/python3.14/site-packages/sqlalchemy/dialects/postgresql/asyncpg.py", line 912, in _terminate_graceful_close
    await self._connection.close(timeout=2)
  File "/home/farrukh/Frontend/p2p/backend/.venv/lib64/python3.14/site-packages/asyncpg/connection.py", line 1513, in close
    await self._protocol.close(timeout)
  File "asyncpg/protocol/protocol.pyx", line 617, in close
    self._request_cancel()
  File "asyncpg/protocol/protocol.pyx", line 650, in asyncpg.protocol.protocol.BaseProtocol._request_cancel
    con._cancel_current_command(self.cancel_sent_waiter)
  File "/home/farrukh/Frontend/p2p/backend/.venv/lib64/python3.14/site-packages/asyncpg/connection.py", line 1682, in _cancel_current_command
    self._cancellations.add(self._loop.create_task(self._cancel(waiter)))
                            ~~~~~~~~~~~~~~~~~~~~~~^^^^^^^^^^^^^^^^^^^^^^
  File "/usr/lib64/python3.14/asyncio/base_events.py", line 466, in create_task
    self._check_closed()
    ~~~~~~~~~~~~~~~~~~^^
  File "/usr/lib64/python3.14/asyncio/base_events.py", line 550, in _check_closed
    raise RuntimeError('Event loop is closed')
RuntimeError: Event loop is closed
[2026-06-14 11:25:11,019: INFO/MainProcess] Task app.tasks.slot_tasks.send_slot_reminders[e61fd6bd-0e84-4e94-a20b-c93d042dec28] received
[2026-06-14 11:25:11,021: ERROR/ForkPoolWorker-16] Exception terminating connection <AdaptedConnection <asyncpg.connection.Connection object at 0x7f04e29766c0>>
Traceback (most recent call last):
  File "/home/farrukh/Frontend/p2p/backend/.venv/lib64/python3.14/site-packages/sqlalchemy/pool/base.py", line 373, in _close_connection
    self._dialect.do_terminate(connection)
    ~~~~~~~~~~~~~~~~~~~~~~~~~~^^^^^^^^^^^^
  File "/home/farrukh/Frontend/p2p/backend/.venv/lib64/python3.14/site-packages/sqlalchemy/dialects/postgresql/asyncpg.py", line 1131, in do_terminate
    dbapi_connection.terminate()
    ~~~~~~~~~~~~~~~~~~~~~~~~~~^^
  File "/home/farrukh/Frontend/p2p/backend/.venv/lib64/python3.14/site-packages/sqlalchemy/connectors/asyncio.py", line 402, in terminate
    self.await_(asyncio.shield(self._terminate_graceful_close()))  # type: ignore[attr-defined] # noqa: E501
    ~~~~~~~~~~~^^^^^^^^^^^^^^^^^^^^^^^^^^^^^^^^^^^^^^^^^^^^^^^^^^
  File "/home/farrukh/Frontend/p2p/backend/.venv/lib64/python3.14/site-packages/sqlalchemy/util/_concurrency_py3k.py", line 132, in await_only
    return current.parent.switch(awaitable)  # type: ignore[no-any-return,attr-defined] # noqa: E501
           ~~~~~~~~~~~~~~~~~~~~~^^^^^^^^^^^
  File "/home/farrukh/Frontend/p2p/backend/.venv/lib64/python3.14/site-packages/sqlalchemy/util/_concurrency_py3k.py", line 196, in greenlet_spawn
    value = await result
            ^^^^^^^^^^^^
  File "/home/farrukh/Frontend/p2p/backend/.venv/lib64/python3.14/site-packages/sqlalchemy/dialects/postgresql/asyncpg.py", line 912, in _terminate_graceful_close
    await self._connection.close(timeout=2)
  File "/home/farrukh/Frontend/p2p/backend/.venv/lib64/python3.14/site-packages/asyncpg/connection.py", line 1513, in close
    await self._protocol.close(timeout)
  File "asyncpg/protocol/protocol.pyx", line 617, in close
    self._request_cancel()
  File "asyncpg/protocol/protocol.pyx", line 650, in asyncpg.protocol.protocol.BaseProtocol._request_cancel
    con._cancel_current_command(self.cancel_sent_waiter)
  File "/home/farrukh/Frontend/p2p/backend/.venv/lib64/python3.14/site-packages/asyncpg/connection.py", line 1682, in _cancel_current_command
    self._cancellations.add(self._loop.create_task(self._cancel(waiter)))
                            ~~~~~~~~~~~~~~~~~~~~~~^^^^^^^^^^^^^^^^^^^^^^
  File "/usr/lib64/python3.14/asyncio/base_events.py", line 466, in create_task
    self._check_closed()
    ~~~~~~~~~~~~~~~~~~^^
  File "/usr/lib64/python3.14/asyncio/base_events.py", line 550, in _check_closed
    raise RuntimeError('Event loop is closed')
RuntimeError: Event loop is closed
[2026-06-14 11:25:11,023: ERROR/ForkPoolWorker-15] Task app.tasks.slot_tasks.check_absences[6a77bb24-b632-4635-a592-1eeea4eb5fb6] raised unexpected: RuntimeError("Task <Task pending name='Task-106' coro=<_check_absences() running at /home/farrukh/Frontend/p2p/backend/app/tasks/slot_tasks.py:70> cb=[_run_until_complete_cb() at /usr/lib64/python3.14/asyncio/base_events.py:181]> got Future <Future pending cb=[BaseProtocol._on_waiter_completed()]> attached to a different loop")
Traceback (most recent call last):
  File "/home/farrukh/Frontend/p2p/backend/.venv/lib64/python3.14/site-packages/celery/app/trace.py", line 585, in trace_task
    R = retval = fun(*args, **kwargs)
                 ~~~^^^^^^^^^^^^^^^^^
  File "/home/farrukh/Frontend/p2p/backend/.venv/lib64/python3.14/site-packages/celery/app/trace.py", line 858, in __protected_call__
    return self.run(*args, **kwargs)
           ~~~~~~~~^^^^^^^^^^^^^^^^^
  File "/home/farrukh/Frontend/p2p/backend/app/tasks/slot_tasks.py", line 58, in check_absences
    return asyncio.run(_check_absences())
           ~~~~~~~~~~~^^^^^^^^^^^^^^^^^^^
  File "/usr/lib64/python3.14/asyncio/runners.py", line 204, in run
    return runner.run(main)
           ~~~~~~~~~~^^^^^^
  File "/usr/lib64/python3.14/asyncio/runners.py", line 127, in run
    return self._loop.run_until_complete(task)
           ~~~~~~~~~~~~~~~~~~~~~~~~~~~~~^^^^^^
  File "/usr/lib64/python3.14/asyncio/base_events.py", line 719, in run_until_complete
    return future.result()
           ~~~~~~~~~~~~~^^
  File "/home/farrukh/Frontend/p2p/backend/app/tasks/slot_tasks.py", line 70, in _check_absences
    slots = (await db.execute(stmt)).scalars().all()
             ^^^^^^^^^^^^^^^^^^^^^^
  File "/home/farrukh/Frontend/p2p/backend/.venv/lib64/python3.14/site-packages/sqlalchemy/ext/asyncio/session.py", line 448, in execute
    result = await greenlet_spawn(
             ^^^^^^^^^^^^^^^^^^^^^
    ...<6 lines>...
    )
    ^
  File "/home/farrukh/Frontend/p2p/backend/.venv/lib64/python3.14/site-packages/sqlalchemy/util/_concurrency_py3k.py", line 201, in greenlet_spawn
    result = context.throw(*sys.exc_info())
  File "/home/farrukh/Frontend/p2p/backend/.venv/lib64/python3.14/site-packages/sqlalchemy/orm/session.py", line 2372, in execute
    return self._execute_internal(
           ~~~~~~~~~~~~~~~~~~~~~~^
        statement,
        ^^^^^^^^^^
    ...<4 lines>...
        _add_event=_add_event,
        ^^^^^^^^^^^^^^^^^^^^^^
    )
    ^
  File "/home/farrukh/Frontend/p2p/backend/.venv/lib64/python3.14/site-packages/sqlalchemy/orm/session.py", line 2260, in _execute_internal
    conn = self._connection_for_bind(bind)
  File "/home/farrukh/Frontend/p2p/backend/.venv/lib64/python3.14/site-packages/sqlalchemy/orm/session.py", line 2112, in _connection_for_bind
    return trans._connection_for_bind(engine, execution_options)
           ~~~~~~~~~~~~~~~~~~~~~~~~~~^^^^^^^^^^^^^^^^^^^^^^^^^^^
  File "<string>", line 2, in _connection_for_bind
  File "/home/farrukh/Frontend/p2p/backend/.venv/lib64/python3.14/site-packages/sqlalchemy/orm/state_changes.py", line 137, in _go
    ret_value = fn(self, *arg, **kw)
  File "/home/farrukh/Frontend/p2p/backend/.venv/lib64/python3.14/site-packages/sqlalchemy/orm/session.py", line 1191, in _connection_for_bind
    conn = bind.connect()
  File "/home/farrukh/Frontend/p2p/backend/.venv/lib64/python3.14/site-packages/sqlalchemy/engine/base.py", line 3295, in connect
    return self._connection_cls(self)
           ~~~~~~~~~~~~~~~~~~~~^^^^^^
  File "/home/farrukh/Frontend/p2p/backend/.venv/lib64/python3.14/site-packages/sqlalchemy/engine/base.py", line 144, in __init__
    self._dbapi_connection = engine.raw_connection()
                             ~~~~~~~~~~~~~~~~~~~~~^^
  File "/home/farrukh/Frontend/p2p/backend/.venv/lib64/python3.14/site-packages/sqlalchemy/engine/base.py", line 3319, in raw_connection
    return self.pool.connect()
           ~~~~~~~~~~~~~~~~~^^
  File "/home/farrukh/Frontend/p2p/backend/.venv/lib64/python3.14/site-packages/sqlalchemy/pool/base.py", line 448, in connect
    return _ConnectionFairy._checkout(self)
           ~~~~~~~~~~~~~~~~~~~~~~~~~~^^^^^^
  File "/home/farrukh/Frontend/p2p/backend/.venv/lib64/python3.14/site-packages/sqlalchemy/pool/base.py", line 1371, in _checkout
    with util.safe_reraise():
         ~~~~~~~~~~~~~~~~~^^
  File "/home/farrukh/Frontend/p2p/backend/.venv/lib64/python3.14/site-packages/sqlalchemy/util/langhelpers.py", line 122, in __exit__
    raise exc_value.with_traceback(exc_tb)
  File "/home/farrukh/Frontend/p2p/backend/.venv/lib64/python3.14/site-packages/sqlalchemy/pool/base.py", line 1309, in _checkout
    result = pool._dialect._do_ping_w_event(
        fairy.dbapi_connection
    )
  File "/home/farrukh/Frontend/p2p/backend/.venv/lib64/python3.14/site-packages/sqlalchemy/engine/default.py", line 729, in _do_ping_w_event
    return self.do_ping(dbapi_connection)
           ~~~~~~~~~~~~^^^^^^^^^^^^^^^^^^
  File "/home/farrukh/Frontend/p2p/backend/.venv/lib64/python3.14/site-packages/sqlalchemy/dialects/postgresql/asyncpg.py", line 1164, in do_ping
    dbapi_connection.ping()
    ~~~~~~~~~~~~~~~~~~~~~^^
  File "/home/farrukh/Frontend/p2p/backend/.venv/lib64/python3.14/site-packages/sqlalchemy/dialects/postgresql/asyncpg.py", line 818, in ping
    self._handle_exception(error)
    ~~~~~~~~~~~~~~~~~~~~~~^^^^^^^
  File "/home/farrukh/Frontend/p2p/backend/.venv/lib64/python3.14/site-packages/sqlalchemy/dialects/postgresql/asyncpg.py", line 799, in _handle_exception
    raise error
  File "/home/farrukh/Frontend/p2p/backend/.venv/lib64/python3.14/site-packages/sqlalchemy/dialects/postgresql/asyncpg.py", line 816, in ping
    _ = self.await_(self._async_ping())
  File "/home/farrukh/Frontend/p2p/backend/.venv/lib64/python3.14/site-packages/sqlalchemy/util/_concurrency_py3k.py", line 132, in await_only
    return current.parent.switch(awaitable)  # type: ignore[no-any-return,attr-defined] # noqa: E501
           ~~~~~~~~~~~~~~~~~~~~~^^^^^^^^^^^
  File "/home/farrukh/Frontend/p2p/backend/.venv/lib64/python3.14/site-packages/sqlalchemy/util/_concurrency_py3k.py", line 196, in greenlet_spawn
    value = await result
            ^^^^^^^^^^^^
  File "/home/farrukh/Frontend/p2p/backend/.venv/lib64/python3.14/site-packages/sqlalchemy/dialects/postgresql/asyncpg.py", line 825, in _async_ping
    await tr.start()
  File "/home/farrukh/Frontend/p2p/backend/.venv/lib64/python3.14/site-packages/asyncpg/transaction.py", line 146, in start
    await self._connection.execute(query)
  File "/home/farrukh/Frontend/p2p/backend/.venv/lib64/python3.14/site-packages/asyncpg/connection.py", line 354, in execute
    result = await self._protocol.query(query, timeout)
             ^^^^^^^^^^^^^^^^^^^^^^^^^^^^^^^^^^^^^^^^^^
  File "asyncpg/protocol/protocol.pyx", line 369, in query
    return await waiter
RuntimeError: Task <Task pending name='Task-106' coro=<_check_absences() running at /home/farrukh/Frontend/p2p/backend/app/tasks/slot_tasks.py:70> cb=[_run_until_complete_cb() at /usr/lib64/python3.14/asyncio/base_events.py:181]> got Future <Future pending cb=[BaseProtocol._on_waiter_completed()]> attached to a different loop
[2026-06-14 11:25:11,029: ERROR/ForkPoolWorker-16] Task app.tasks.slot_tasks.send_slot_reminders[e61fd6bd-0e84-4e94-a20b-c93d042dec28] raised unexpected: RuntimeError("Task <Task pending name='Task-106' coro=<_send_slot_reminders() running at /home/farrukh/Frontend/p2p/backend/app/tasks/slot_tasks.py:35> cb=[_run_until_complete_cb() at /usr/lib64/python3.14/asyncio/base_events.py:181]> got Future <Future pending cb=[BaseProtocol._on_waiter_completed()]> attached to a different loop")
Traceback (most recent call last):
  File "/home/farrukh/Frontend/p2p/backend/.venv/lib64/python3.14/site-packages/celery/app/trace.py", line 585, in trace_task
    R = retval = fun(*args, **kwargs)
                 ~~~^^^^^^^^^^^^^^^^^
  File "/home/farrukh/Frontend/p2p/backend/.venv/lib64/python3.14/site-packages/celery/app/trace.py", line 858, in __protected_call__
    return self.run(*args, **kwargs)
           ~~~~~~~~^^^^^^^^^^^^^^^^^
  File "/home/farrukh/Frontend/p2p/backend/app/tasks/slot_tasks.py", line 20, in send_slot_reminders
    return asyncio.run(_send_slot_reminders())
           ~~~~~~~~~~~^^^^^^^^^^^^^^^^^^^^^^^^
  File "/usr/lib64/python3.14/asyncio/runners.py", line 204, in run
    return runner.run(main)
           ~~~~~~~~~~^^^^^^
  File "/usr/lib64/python3.14/asyncio/runners.py", line 127, in run
    return self._loop.run_until_complete(task)
           ~~~~~~~~~~~~~~~~~~~~~~~~~~~~~^^^^^^
  File "/usr/lib64/python3.14/asyncio/base_events.py", line 719, in run_until_complete
    return future.result()
           ~~~~~~~~~~~~~^^
  File "/home/farrukh/Frontend/p2p/backend/app/tasks/slot_tasks.py", line 35, in _send_slot_reminders
    slots = (await db.execute(stmt)).scalars().all()
             ^^^^^^^^^^^^^^^^^^^^^^
  File "/home/farrukh/Frontend/p2p/backend/.venv/lib64/python3.14/site-packages/sqlalchemy/ext/asyncio/session.py", line 448, in execute
    result = await greenlet_spawn(
             ^^^^^^^^^^^^^^^^^^^^^
    ...<6 lines>...
    )
    ^
  File "/home/farrukh/Frontend/p2p/backend/.venv/lib64/python3.14/site-packages/sqlalchemy/util/_concurrency_py3k.py", line 201, in greenlet_spawn
    result = context.throw(*sys.exc_info())
  File "/home/farrukh/Frontend/p2p/backend/.venv/lib64/python3.14/site-packages/sqlalchemy/orm/session.py", line 2372, in execute
    return self._execute_internal(
           ~~~~~~~~~~~~~~~~~~~~~~^
        statement,
        ^^^^^^^^^^
    ...<4 lines>...
        _add_event=_add_event,
        ^^^^^^^^^^^^^^^^^^^^^^
    )
    ^
  File "/home/farrukh/Frontend/p2p/backend/.venv/lib64/python3.14/site-packages/sqlalchemy/orm/session.py", line 2260, in _execute_internal
    conn = self._connection_for_bind(bind)
  File "/home/farrukh/Frontend/p2p/backend/.venv/lib64/python3.14/site-packages/sqlalchemy/orm/session.py", line 2112, in _connection_for_bind
    return trans._connection_for_bind(engine, execution_options)
           ~~~~~~~~~~~~~~~~~~~~~~~~~~^^^^^^^^^^^^^^^^^^^^^^^^^^^
  File "<string>", line 2, in _connection_for_bind
  File "/home/farrukh/Frontend/p2p/backend/.venv/lib64/python3.14/site-packages/sqlalchemy/orm/state_changes.py", line 137, in _go
    ret_value = fn(self, *arg, **kw)
  File "/home/farrukh/Frontend/p2p/backend/.venv/lib64/python3.14/site-packages/sqlalchemy/orm/session.py", line 1191, in _connection_for_bind
    conn = bind.connect()
  File "/home/farrukh/Frontend/p2p/backend/.venv/lib64/python3.14/site-packages/sqlalchemy/engine/base.py", line 3295, in connect
    return self._connection_cls(self)
           ~~~~~~~~~~~~~~~~~~~~^^^^^^
  File "/home/farrukh/Frontend/p2p/backend/.venv/lib64/python3.14/site-packages/sqlalchemy/engine/base.py", line 144, in __init__
    self._dbapi_connection = engine.raw_connection()
                             ~~~~~~~~~~~~~~~~~~~~~^^
  File "/home/farrukh/Frontend/p2p/backend/.venv/lib64/python3.14/site-packages/sqlalchemy/engine/base.py", line 3319, in raw_connection
    return self.pool.connect()
           ~~~~~~~~~~~~~~~~~^^
  File "/home/farrukh/Frontend/p2p/backend/.venv/lib64/python3.14/site-packages/sqlalchemy/pool/base.py", line 448, in connect
    return _ConnectionFairy._checkout(self)
           ~~~~~~~~~~~~~~~~~~~~~~~~~~^^^^^^
  File "/home/farrukh/Frontend/p2p/backend/.venv/lib64/python3.14/site-packages/sqlalchemy/pool/base.py", line 1371, in _checkout
    with util.safe_reraise():
         ~~~~~~~~~~~~~~~~~^^
  File "/home/farrukh/Frontend/p2p/backend/.venv/lib64/python3.14/site-packages/sqlalchemy/util/langhelpers.py", line 122, in __exit__
    raise exc_value.with_traceback(exc_tb)
  File "/home/farrukh/Frontend/p2p/backend/.venv/lib64/python3.14/site-packages/sqlalchemy/pool/base.py", line 1309, in _checkout
    result = pool._dialect._do_ping_w_event(
        fairy.dbapi_connection
    )
  File "/home/farrukh/Frontend/p2p/backend/.venv/lib64/python3.14/site-packages/sqlalchemy/engine/default.py", line 729, in _do_ping_w_event
    return self.do_ping(dbapi_connection)
           ~~~~~~~~~~~~^^^^^^^^^^^^^^^^^^
  File "/home/farrukh/Frontend/p2p/backend/.venv/lib64/python3.14/site-packages/sqlalchemy/dialects/postgresql/asyncpg.py", line 1164, in do_ping
    dbapi_connection.ping()
    ~~~~~~~~~~~~~~~~~~~~~^^
  File "/home/farrukh/Frontend/p2p/backend/.venv/lib64/python3.14/site-packages/sqlalchemy/dialects/postgresql/asyncpg.py", line 818, in ping
    self._handle_exception(error)
    ~~~~~~~~~~~~~~~~~~~~~~^^^^^^^
  File "/home/farrukh/Frontend/p2p/backend/.venv/lib64/python3.14/site-packages/sqlalchemy/dialects/postgresql/asyncpg.py", line 799, in _handle_exception
    raise error
  File "/home/farrukh/Frontend/p2p/backend/.venv/lib64/python3.14/site-packages/sqlalchemy/dialects/postgresql/asyncpg.py", line 816, in ping
    _ = self.await_(self._async_ping())
  File "/home/farrukh/Frontend/p2p/backend/.venv/lib64/python3.14/site-packages/sqlalchemy/util/_concurrency_py3k.py", line 132, in await_only
    return current.parent.switch(awaitable)  # type: ignore[no-any-return,attr-defined] # noqa: E501
           ~~~~~~~~~~~~~~~~~~~~~^^^^^^^^^^^
  File "/home/farrukh/Frontend/p2p/backend/.venv/lib64/python3.14/site-packages/sqlalchemy/util/_concurrency_py3k.py", line 196, in greenlet_spawn
    value = await result
            ^^^^^^^^^^^^
  File "/home/farrukh/Frontend/p2p/backend/.venv/lib64/python3.14/site-packages/sqlalchemy/dialects/postgresql/asyncpg.py", line 825, in _async_ping
    await tr.start()
  File "/home/farrukh/Frontend/p2p/backend/.venv/lib64/python3.14/site-packages/asyncpg/transaction.py", line 146, in start
    await self._connection.execute(query)
  File "/home/farrukh/Frontend/p2p/backend/.venv/lib64/python3.14/site-packages/asyncpg/connection.py", line 354, in execute
    result = await self._protocol.query(query, timeout)
             ^^^^^^^^^^^^^^^^^^^^^^^^^^^^^^^^^^^^^^^^^^
  File "asyncpg/protocol/protocol.pyx", line 369, in query
    return await waiter
RuntimeError: Task <Task pending name='Task-106' coro=<_send_slot_reminders() running at /home/farrukh/Frontend/p2p/backend/app/tasks/slot_tasks.py:35> cb=[_run_until_complete_cb() at /usr/lib64/python3.14/asyncio/base_events.py:181]> got Future <Future pending cb=[BaseProtocol._on_waiter_completed()]> attached to a different loop
[2026-06-14 11:26:11,010: INFO/MainProcess] Task app.tasks.slot_tasks.check_absences[9573a261-c522-4385-b3eb-8064ff0f0dec] received
[2026-06-14 11:26:11,018: INFO/MainProcess] Task app.tasks.slot_tasks.send_slot_reminders[4d2b004d-0f8e-46e4-85b7-f1de3672f217] received
2026-06-14 11:26:11,039 INFO sqlalchemy.engine.Engine BEGIN (implicit)
[2026-06-14 11:26:11,039: INFO/ForkPoolWorker-15] BEGIN (implicit)
2026-06-14 11:26:11,039 INFO sqlalchemy.engine.Engine SELECT slots.id, slots.reviewer_id, slots.reviewee_id, slots.reviewer_project, slots.reviewee_project, slots.start_time, slots.end_time, slots.actual_start, slots.actual_end, slots.duration_minutes, slots.status, slots.is_online, slots.campus, slots.reviewer_started, slots.reviewee_started, slots.reviewer_finished, slots.reviewee_finished, slots.absent_by, slots.absent_at, slots.cancelled_by, slots.cancel_reason, slots.created_at, slots.updated_at 
FROM slots 
WHERE slots.status = $1::VARCHAR AND slots.start_time < $2::TIMESTAMP WITH TIME ZONE
[2026-06-14 11:26:11,039: INFO/ForkPoolWorker-15] SELECT slots.id, slots.reviewer_id, slots.reviewee_id, slots.reviewer_project, slots.reviewee_project, slots.start_time, slots.end_time, slots.actual_start, slots.actual_end, slots.duration_minutes, slots.status, slots.is_online, slots.campus, slots.reviewer_started, slots.reviewee_started, slots.reviewer_finished, slots.reviewee_finished, slots.absent_by, slots.absent_at, slots.cancelled_by, slots.cancel_reason, slots.created_at, slots.updated_at 
FROM slots 
WHERE slots.status = $1::VARCHAR AND slots.start_time < $2::TIMESTAMP WITH TIME ZONE
2026-06-14 11:26:11,039 INFO sqlalchemy.engine.Engine [cached since 1320s ago] ('booked', datetime.datetime(2026, 6, 14, 6, 11, 11, 11725, tzinfo=datetime.timezone.utc))
[2026-06-14 11:26:11,039: INFO/ForkPoolWorker-15] [cached since 1320s ago] ('booked', datetime.datetime(2026, 6, 14, 6, 11, 11, 11725, tzinfo=datetime.timezone.utc))
2026-06-14 11:26:11,042 INFO sqlalchemy.engine.Engine ROLLBACK
[2026-06-14 11:26:11,042: INFO/ForkPoolWorker-15] ROLLBACK
[2026-06-14 11:26:11,045: INFO/ForkPoolWorker-15] Task app.tasks.slot_tasks.check_absences[9573a261-c522-4385-b3eb-8064ff0f0dec] succeeded in 0.034129361000395875s: 0
2026-06-14 11:26:11,049 INFO sqlalchemy.engine.Engine BEGIN (implicit)
[2026-06-14 11:26:11,049: INFO/ForkPoolWorker-16] BEGIN (implicit)
2026-06-14 11:26:11,050 INFO sqlalchemy.engine.Engine SELECT slots.id, slots.reviewer_id, slots.reviewee_id, slots.reviewer_project, slots.reviewee_project, slots.start_time, slots.end_time, slots.actual_start, slots.actual_end, slots.duration_minutes, slots.status, slots.is_online, slots.campus, slots.reviewer_started, slots.reviewee_started, slots.reviewer_finished, slots.reviewee_finished, slots.absent_by, slots.absent_at, slots.cancelled_by, slots.cancel_reason, slots.created_at, slots.updated_at 
FROM slots 
WHERE slots.status = $1::VARCHAR AND slots.start_time >= $2::TIMESTAMP WITH TIME ZONE AND slots.start_time < $3::TIMESTAMP WITH TIME ZONE
[2026-06-14 11:26:11,050: INFO/ForkPoolWorker-16] SELECT slots.id, slots.reviewer_id, slots.reviewee_id, slots.reviewer_project, slots.reviewee_project, slots.start_time, slots.end_time, slots.actual_start, slots.actual_end, slots.duration_minutes, slots.status, slots.is_online, slots.campus, slots.reviewer_started, slots.reviewee_started, slots.reviewer_finished, slots.reviewee_finished, slots.absent_by, slots.absent_at, slots.cancelled_by, slots.cancel_reason, slots.created_at, slots.updated_at 
FROM slots 
WHERE slots.status = $1::VARCHAR AND slots.start_time >= $2::TIMESTAMP WITH TIME ZONE AND slots.start_time < $3::TIMESTAMP WITH TIME ZONE
2026-06-14 11:26:11,050 INFO sqlalchemy.engine.Engine [cached since 1320s ago] ('booked', datetime.datetime(2026, 6, 14, 6, 41, 11, 20329, tzinfo=datetime.timezone.utc), datetime.datetime(2026, 6, 14, 6, 42, 11, 20329, tzinfo=datetime.timezone.utc))
[2026-06-14 11:26:11,050: INFO/ForkPoolWorker-16] [cached since 1320s ago] ('booked', datetime.datetime(2026, 6, 14, 6, 41, 11, 20329, tzinfo=datetime.timezone.utc), datetime.datetime(2026, 6, 14, 6, 42, 11, 20329, tzinfo=datetime.timezone.utc))
2026-06-14 11:26:11,053 INFO sqlalchemy.engine.Engine COMMIT
[2026-06-14 11:26:11,053: INFO/ForkPoolWorker-16] COMMIT
[2026-06-14 11:26:11,055: INFO/ForkPoolWorker-16] Task app.tasks.slot_tasks.send_slot_reminders[4d2b004d-0f8e-46e4-85b7-f1de3672f217] succeeded in 0.035923773999911646s: 0
[2026-06-14 11:41:56,001: INFO/MainProcess] Task app.tasks.slot_tasks.check_absences[6e8ce392-f5ea-4021-866f-94347efe5aa4] received
[2026-06-14 11:41:56,003: INFO/MainProcess] Task app.tasks.slot_tasks.send_slot_reminders[bfce156c-82a1-4556-b297-f8b7addf09cf] received
[2026-06-14 11:41:56,007: ERROR/ForkPoolWorker-16] Exception terminating connection <AdaptedConnection <asyncpg.connection.Connection object at 0x7f04e2977200>>
Traceback (most recent call last):
  File "/home/farrukh/Frontend/p2p/backend/.venv/lib64/python3.14/site-packages/sqlalchemy/pool/base.py", line 373, in _close_connection
    self._dialect.do_terminate(connection)
    ~~~~~~~~~~~~~~~~~~~~~~~~~~^^^^^^^^^^^^
  File "/home/farrukh/Frontend/p2p/backend/.venv/lib64/python3.14/site-packages/sqlalchemy/dialects/postgresql/asyncpg.py", line 1131, in do_terminate
    dbapi_connection.terminate()
    ~~~~~~~~~~~~~~~~~~~~~~~~~~^^
  File "/home/farrukh/Frontend/p2p/backend/.venv/lib64/python3.14/site-packages/sqlalchemy/connectors/asyncio.py", line 402, in terminate
    self.await_(asyncio.shield(self._terminate_graceful_close()))  # type: ignore[attr-defined] # noqa: E501
    ~~~~~~~~~~~^^^^^^^^^^^^^^^^^^^^^^^^^^^^^^^^^^^^^^^^^^^^^^^^^^
  File "/home/farrukh/Frontend/p2p/backend/.venv/lib64/python3.14/site-packages/sqlalchemy/util/_concurrency_py3k.py", line 132, in await_only
    return current.parent.switch(awaitable)  # type: ignore[no-any-return,attr-defined] # noqa: E501
           ~~~~~~~~~~~~~~~~~~~~~^^^^^^^^^^^
  File "/home/farrukh/Frontend/p2p/backend/.venv/lib64/python3.14/site-packages/sqlalchemy/util/_concurrency_py3k.py", line 196, in greenlet_spawn
    value = await result
            ^^^^^^^^^^^^
  File "/home/farrukh/Frontend/p2p/backend/.venv/lib64/python3.14/site-packages/sqlalchemy/dialects/postgresql/asyncpg.py", line 912, in _terminate_graceful_close
    await self._connection.close(timeout=2)
  File "/home/farrukh/Frontend/p2p/backend/.venv/lib64/python3.14/site-packages/asyncpg/connection.py", line 1513, in close
    await self._protocol.close(timeout)
  File "asyncpg/protocol/protocol.pyx", line 617, in close
    self._request_cancel()
  File "asyncpg/protocol/protocol.pyx", line 650, in asyncpg.protocol.protocol.BaseProtocol._request_cancel
    con._cancel_current_command(self.cancel_sent_waiter)
  File "/home/farrukh/Frontend/p2p/backend/.venv/lib64/python3.14/site-packages/asyncpg/connection.py", line 1682, in _cancel_current_command
    self._cancellations.add(self._loop.create_task(self._cancel(waiter)))
                            ~~~~~~~~~~~~~~~~~~~~~~^^^^^^^^^^^^^^^^^^^^^^
  File "/usr/lib64/python3.14/asyncio/base_events.py", line 466, in create_task
    self._check_closed()
    ~~~~~~~~~~~~~~~~~~^^
  File "/usr/lib64/python3.14/asyncio/base_events.py", line 550, in _check_closed
    raise RuntimeError('Event loop is closed')
RuntimeError: Event loop is closed
[2026-06-14 11:41:56,007: ERROR/ForkPoolWorker-15] Exception terminating connection <AdaptedConnection <asyncpg.connection.Connection object at 0x7f04e2975e50>>
Traceback (most recent call last):
  File "/home/farrukh/Frontend/p2p/backend/.venv/lib64/python3.14/site-packages/sqlalchemy/pool/base.py", line 373, in _close_connection
    self._dialect.do_terminate(connection)
    ~~~~~~~~~~~~~~~~~~~~~~~~~~^^^^^^^^^^^^
  File "/home/farrukh/Frontend/p2p/backend/.venv/lib64/python3.14/site-packages/sqlalchemy/dialects/postgresql/asyncpg.py", line 1131, in do_terminate
    dbapi_connection.terminate()
    ~~~~~~~~~~~~~~~~~~~~~~~~~~^^
  File "/home/farrukh/Frontend/p2p/backend/.venv/lib64/python3.14/site-packages/sqlalchemy/connectors/asyncio.py", line 402, in terminate
    self.await_(asyncio.shield(self._terminate_graceful_close()))  # type: ignore[attr-defined] # noqa: E501
    ~~~~~~~~~~~^^^^^^^^^^^^^^^^^^^^^^^^^^^^^^^^^^^^^^^^^^^^^^^^^^
  File "/home/farrukh/Frontend/p2p/backend/.venv/lib64/python3.14/site-packages/sqlalchemy/util/_concurrency_py3k.py", line 132, in await_only
    return current.parent.switch(awaitable)  # type: ignore[no-any-return,attr-defined] # noqa: E501
           ~~~~~~~~~~~~~~~~~~~~~^^^^^^^^^^^
  File "/home/farrukh/Frontend/p2p/backend/.venv/lib64/python3.14/site-packages/sqlalchemy/util/_concurrency_py3k.py", line 196, in greenlet_spawn
    value = await result
            ^^^^^^^^^^^^
  File "/home/farrukh/Frontend/p2p/backend/.venv/lib64/python3.14/site-packages/sqlalchemy/dialects/postgresql/asyncpg.py", line 912, in _terminate_graceful_close
    await self._connection.close(timeout=2)
  File "/home/farrukh/Frontend/p2p/backend/.venv/lib64/python3.14/site-packages/asyncpg/connection.py", line 1513, in close
    await self._protocol.close(timeout)
  File "asyncpg/protocol/protocol.pyx", line 617, in close
    self._request_cancel()
  File "asyncpg/protocol/protocol.pyx", line 650, in asyncpg.protocol.protocol.BaseProtocol._request_cancel
    con._cancel_current_command(self.cancel_sent_waiter)
  File "/home/farrukh/Frontend/p2p/backend/.venv/lib64/python3.14/site-packages/asyncpg/connection.py", line 1682, in _cancel_current_command
    self._cancellations.add(self._loop.create_task(self._cancel(waiter)))
                            ~~~~~~~~~~~~~~~~~~~~~~^^^^^^^^^^^^^^^^^^^^^^
  File "/usr/lib64/python3.14/asyncio/base_events.py", line 466, in create_task
    self._check_closed()
    ~~~~~~~~~~~~~~~~~~^^
  File "/usr/lib64/python3.14/asyncio/base_events.py", line 550, in _check_closed
    raise RuntimeError('Event loop is closed')
RuntimeError: Event loop is closed
[2026-06-14 11:41:56,022: ERROR/ForkPoolWorker-15] Task app.tasks.slot_tasks.check_absences[6e8ce392-f5ea-4021-866f-94347efe5aa4] raised unexpected: RuntimeError("Task <Task pending name='Task-116' coro=<_check_absences() running at /home/farrukh/Frontend/p2p/backend/app/tasks/slot_tasks.py:70> cb=[_run_until_complete_cb() at /usr/lib64/python3.14/asyncio/base_events.py:181]> got Future <Future pending cb=[BaseProtocol._on_waiter_completed()]> attached to a different loop")
Traceback (most recent call last):
  File "/home/farrukh/Frontend/p2p/backend/.venv/lib64/python3.14/site-packages/celery/app/trace.py", line 585, in trace_task
    R = retval = fun(*args, **kwargs)
                 ~~~^^^^^^^^^^^^^^^^^
  File "/home/farrukh/Frontend/p2p/backend/.venv/lib64/python3.14/site-packages/celery/app/trace.py", line 858, in __protected_call__
    return self.run(*args, **kwargs)
           ~~~~~~~~^^^^^^^^^^^^^^^^^
  File "/home/farrukh/Frontend/p2p/backend/app/tasks/slot_tasks.py", line 58, in check_absences
    return asyncio.run(_check_absences())
           ~~~~~~~~~~~^^^^^^^^^^^^^^^^^^^
  File "/usr/lib64/python3.14/asyncio/runners.py", line 204, in run
    return runner.run(main)
           ~~~~~~~~~~^^^^^^
  File "/usr/lib64/python3.14/asyncio/runners.py", line 127, in run
    return self._loop.run_until_complete(task)
           ~~~~~~~~~~~~~~~~~~~~~~~~~~~~~^^^^^^
  File "/usr/lib64/python3.14/asyncio/base_events.py", line 719, in run_until_complete
    return future.result()
           ~~~~~~~~~~~~~^^
  File "/home/farrukh/Frontend/p2p/backend/app/tasks/slot_tasks.py", line 70, in _check_absences
    slots = (await db.execute(stmt)).scalars().all()
             ^^^^^^^^^^^^^^^^^^^^^^
  File "/home/farrukh/Frontend/p2p/backend/.venv/lib64/python3.14/site-packages/sqlalchemy/ext/asyncio/session.py", line 448, in execute
    result = await greenlet_spawn(
             ^^^^^^^^^^^^^^^^^^^^^
    ...<6 lines>...
    )
    ^
  File "/home/farrukh/Frontend/p2p/backend/.venv/lib64/python3.14/site-packages/sqlalchemy/util/_concurrency_py3k.py", line 201, in greenlet_spawn
    result = context.throw(*sys.exc_info())
  File "/home/farrukh/Frontend/p2p/backend/.venv/lib64/python3.14/site-packages/sqlalchemy/orm/session.py", line 2372, in execute
    return self._execute_internal(
           ~~~~~~~~~~~~~~~~~~~~~~^
        statement,
        ^^^^^^^^^^
    ...<4 lines>...
        _add_event=_add_event,
        ^^^^^^^^^^^^^^^^^^^^^^
    )
    ^
  File "/home/farrukh/Frontend/p2p/backend/.venv/lib64/python3.14/site-packages/sqlalchemy/orm/session.py", line 2260, in _execute_internal
    conn = self._connection_for_bind(bind)
  File "/home/farrukh/Frontend/p2p/backend/.venv/lib64/python3.14/site-packages/sqlalchemy/orm/session.py", line 2112, in _connection_for_bind
    return trans._connection_for_bind(engine, execution_options)
           ~~~~~~~~~~~~~~~~~~~~~~~~~~^^^^^^^^^^^^^^^^^^^^^^^^^^^
  File "<string>", line 2, in _connection_for_bind
  File "/home/farrukh/Frontend/p2p/backend/.venv/lib64/python3.14/site-packages/sqlalchemy/orm/state_changes.py", line 137, in _go
    ret_value = fn(self, *arg, **kw)
  File "/home/farrukh/Frontend/p2p/backend/.venv/lib64/python3.14/site-packages/sqlalchemy/orm/session.py", line 1191, in _connection_for_bind
    conn = bind.connect()
  File "/home/farrukh/Frontend/p2p/backend/.venv/lib64/python3.14/site-packages/sqlalchemy/engine/base.py", line 3295, in connect
    return self._connection_cls(self)
           ~~~~~~~~~~~~~~~~~~~~^^^^^^
  File "/home/farrukh/Frontend/p2p/backend/.venv/lib64/python3.14/site-packages/sqlalchemy/engine/base.py", line 144, in __init__
    self._dbapi_connection = engine.raw_connection()
                             ~~~~~~~~~~~~~~~~~~~~~^^
  File "/home/farrukh/Frontend/p2p/backend/.venv/lib64/python3.14/site-packages/sqlalchemy/engine/base.py", line 3319, in raw_connection
    return self.pool.connect()
           ~~~~~~~~~~~~~~~~~^^
  File "/home/farrukh/Frontend/p2p/backend/.venv/lib64/python3.14/site-packages/sqlalchemy/pool/base.py", line 448, in connect
    return _ConnectionFairy._checkout(self)
           ~~~~~~~~~~~~~~~~~~~~~~~~~~^^^^^^
  File "/home/farrukh/Frontend/p2p/backend/.venv/lib64/python3.14/site-packages/sqlalchemy/pool/base.py", line 1371, in _checkout
    with util.safe_reraise():
         ~~~~~~~~~~~~~~~~~^^
  File "/home/farrukh/Frontend/p2p/backend/.venv/lib64/python3.14/site-packages/sqlalchemy/util/langhelpers.py", line 122, in __exit__
    raise exc_value.with_traceback(exc_tb)
  File "/home/farrukh/Frontend/p2p/backend/.venv/lib64/python3.14/site-packages/sqlalchemy/pool/base.py", line 1309, in _checkout
    result = pool._dialect._do_ping_w_event(
        fairy.dbapi_connection
    )
  File "/home/farrukh/Frontend/p2p/backend/.venv/lib64/python3.14/site-packages/sqlalchemy/engine/default.py", line 729, in _do_ping_w_event
    return self.do_ping(dbapi_connection)
           ~~~~~~~~~~~~^^^^^^^^^^^^^^^^^^
  File "/home/farrukh/Frontend/p2p/backend/.venv/lib64/python3.14/site-packages/sqlalchemy/dialects/postgresql/asyncpg.py", line 1164, in do_ping
    dbapi_connection.ping()
    ~~~~~~~~~~~~~~~~~~~~~^^
  File "/home/farrukh/Frontend/p2p/backend/.venv/lib64/python3.14/site-packages/sqlalchemy/dialects/postgresql/asyncpg.py", line 818, in ping
    self._handle_exception(error)
    ~~~~~~~~~~~~~~~~~~~~~~^^^^^^^
  File "/home/farrukh/Frontend/p2p/backend/.venv/lib64/python3.14/site-packages/sqlalchemy/dialects/postgresql/asyncpg.py", line 799, in _handle_exception
    raise error
  File "/home/farrukh/Frontend/p2p/backend/.venv/lib64/python3.14/site-packages/sqlalchemy/dialects/postgresql/asyncpg.py", line 816, in ping
    _ = self.await_(self._async_ping())
  File "/home/farrukh/Frontend/p2p/backend/.venv/lib64/python3.14/site-packages/sqlalchemy/util/_concurrency_py3k.py", line 132, in await_only
    return current.parent.switch(awaitable)  # type: ignore[no-any-return,attr-defined] # noqa: E501
           ~~~~~~~~~~~~~~~~~~~~~^^^^^^^^^^^
  File "/home/farrukh/Frontend/p2p/backend/.venv/lib64/python3.14/site-packages/sqlalchemy/util/_concurrency_py3k.py", line 196, in greenlet_spawn
    value = await result
            ^^^^^^^^^^^^
  File "/home/farrukh/Frontend/p2p/backend/.venv/lib64/python3.14/site-packages/sqlalchemy/dialects/postgresql/asyncpg.py", line 825, in _async_ping
    await tr.start()
  File "/home/farrukh/Frontend/p2p/backend/.venv/lib64/python3.14/site-packages/asyncpg/transaction.py", line 146, in start
    await self._connection.execute(query)
  File "/home/farrukh/Frontend/p2p/backend/.venv/lib64/python3.14/site-packages/asyncpg/connection.py", line 354, in execute
    result = await self._protocol.query(query, timeout)
             ^^^^^^^^^^^^^^^^^^^^^^^^^^^^^^^^^^^^^^^^^^
  File "asyncpg/protocol/protocol.pyx", line 369, in query
    return await waiter
RuntimeError: Task <Task pending name='Task-116' coro=<_check_absences() running at /home/farrukh/Frontend/p2p/backend/app/tasks/slot_tasks.py:70> cb=[_run_until_complete_cb() at /usr/lib64/python3.14/asyncio/base_events.py:181]> got Future <Future pending cb=[BaseProtocol._on_waiter_completed()]> attached to a different loop
[2026-06-14 11:41:56,024: ERROR/ForkPoolWorker-16] Task app.tasks.slot_tasks.send_slot_reminders[bfce156c-82a1-4556-b297-f8b7addf09cf] raised unexpected: RuntimeError("Task <Task pending name='Task-116' coro=<_send_slot_reminders() running at /home/farrukh/Frontend/p2p/backend/app/tasks/slot_tasks.py:35> cb=[_run_until_complete_cb() at /usr/lib64/python3.14/asyncio/base_events.py:181]> got Future <Future pending cb=[BaseProtocol._on_waiter_completed()]> attached to a different loop")
Traceback (most recent call last):
  File "/home/farrukh/Frontend/p2p/backend/.venv/lib64/python3.14/site-packages/celery/app/trace.py", line 585, in trace_task
    R = retval = fun(*args, **kwargs)
                 ~~~^^^^^^^^^^^^^^^^^
  File "/home/farrukh/Frontend/p2p/backend/.venv/lib64/python3.14/site-packages/celery/app/trace.py", line 858, in __protected_call__
    return self.run(*args, **kwargs)
           ~~~~~~~~^^^^^^^^^^^^^^^^^
  File "/home/farrukh/Frontend/p2p/backend/app/tasks/slot_tasks.py", line 20, in send_slot_reminders
    return asyncio.run(_send_slot_reminders())
           ~~~~~~~~~~~^^^^^^^^^^^^^^^^^^^^^^^^
  File "/usr/lib64/python3.14/asyncio/runners.py", line 204, in run
    return runner.run(main)
           ~~~~~~~~~~^^^^^^
  File "/usr/lib64/python3.14/asyncio/runners.py", line 127, in run
    return self._loop.run_until_complete(task)
           ~~~~~~~~~~~~~~~~~~~~~~~~~~~~~^^^^^^
  File "/usr/lib64/python3.14/asyncio/base_events.py", line 719, in run_until_complete
    return future.result()
           ~~~~~~~~~~~~~^^
  File "/home/farrukh/Frontend/p2p/backend/app/tasks/slot_tasks.py", line 35, in _send_slot_reminders
    slots = (await db.execute(stmt)).scalars().all()
             ^^^^^^^^^^^^^^^^^^^^^^
  File "/home/farrukh/Frontend/p2p/backend/.venv/lib64/python3.14/site-packages/sqlalchemy/ext/asyncio/session.py", line 448, in execute
    result = await greenlet_spawn(
             ^^^^^^^^^^^^^^^^^^^^^
    ...<6 lines>...
    )
    ^
  File "/home/farrukh/Frontend/p2p/backend/.venv/lib64/python3.14/site-packages/sqlalchemy/util/_concurrency_py3k.py", line 201, in greenlet_spawn
    result = context.throw(*sys.exc_info())
  File "/home/farrukh/Frontend/p2p/backend/.venv/lib64/python3.14/site-packages/sqlalchemy/orm/session.py", line 2372, in execute
    return self._execute_internal(
           ~~~~~~~~~~~~~~~~~~~~~~^
        statement,
        ^^^^^^^^^^
    ...<4 lines>...
        _add_event=_add_event,
        ^^^^^^^^^^^^^^^^^^^^^^
    )
    ^
  File "/home/farrukh/Frontend/p2p/backend/.venv/lib64/python3.14/site-packages/sqlalchemy/orm/session.py", line 2260, in _execute_internal
    conn = self._connection_for_bind(bind)
  File "/home/farrukh/Frontend/p2p/backend/.venv/lib64/python3.14/site-packages/sqlalchemy/orm/session.py", line 2112, in _connection_for_bind
    return trans._connection_for_bind(engine, execution_options)
           ~~~~~~~~~~~~~~~~~~~~~~~~~~^^^^^^^^^^^^^^^^^^^^^^^^^^^
  File "<string>", line 2, in _connection_for_bind
  File "/home/farrukh/Frontend/p2p/backend/.venv/lib64/python3.14/site-packages/sqlalchemy/orm/state_changes.py", line 137, in _go
    ret_value = fn(self, *arg, **kw)
  File "/home/farrukh/Frontend/p2p/backend/.venv/lib64/python3.14/site-packages/sqlalchemy/orm/session.py", line 1191, in _connection_for_bind
    conn = bind.connect()
  File "/home/farrukh/Frontend/p2p/backend/.venv/lib64/python3.14/site-packages/sqlalchemy/engine/base.py", line 3295, in connect
    return self._connection_cls(self)
           ~~~~~~~~~~~~~~~~~~~~^^^^^^
  File "/home/farrukh/Frontend/p2p/backend/.venv/lib64/python3.14/site-packages/sqlalchemy/engine/base.py", line 144, in __init__
    self._dbapi_connection = engine.raw_connection()
                             ~~~~~~~~~~~~~~~~~~~~~^^
  File "/home/farrukh/Frontend/p2p/backend/.venv/lib64/python3.14/site-packages/sqlalchemy/engine/base.py", line 3319, in raw_connection
    return self.pool.connect()
           ~~~~~~~~~~~~~~~~~^^
  File "/home/farrukh/Frontend/p2p/backend/.venv/lib64/python3.14/site-packages/sqlalchemy/pool/base.py", line 448, in connect
    return _ConnectionFairy._checkout(self)
           ~~~~~~~~~~~~~~~~~~~~~~~~~~^^^^^^
  File "/home/farrukh/Frontend/p2p/backend/.venv/lib64/python3.14/site-packages/sqlalchemy/pool/base.py", line 1371, in _checkout
    with util.safe_reraise():
         ~~~~~~~~~~~~~~~~~^^
  File "/home/farrukh/Frontend/p2p/backend/.venv/lib64/python3.14/site-packages/sqlalchemy/util/langhelpers.py", line 122, in __exit__
    raise exc_value.with_traceback(exc_tb)
  File "/home/farrukh/Frontend/p2p/backend/.venv/lib64/python3.14/site-packages/sqlalchemy/pool/base.py", line 1309, in _checkout
    result = pool._dialect._do_ping_w_event(
        fairy.dbapi_connection
    )
  File "/home/farrukh/Frontend/p2p/backend/.venv/lib64/python3.14/site-packages/sqlalchemy/engine/default.py", line 729, in _do_ping_w_event
    return self.do_ping(dbapi_connection)
           ~~~~~~~~~~~~^^^^^^^^^^^^^^^^^^
  File "/home/farrukh/Frontend/p2p/backend/.venv/lib64/python3.14/site-packages/sqlalchemy/dialects/postgresql/asyncpg.py", line 1164, in do_ping
    dbapi_connection.ping()
    ~~~~~~~~~~~~~~~~~~~~~^^
  File "/home/farrukh/Frontend/p2p/backend/.venv/lib64/python3.14/site-packages/sqlalchemy/dialects/postgresql/asyncpg.py", line 818, in ping
    self._handle_exception(error)
    ~~~~~~~~~~~~~~~~~~~~~~^^^^^^^
  File "/home/farrukh/Frontend/p2p/backend/.venv/lib64/python3.14/site-packages/sqlalchemy/dialects/postgresql/asyncpg.py", line 799, in _handle_exception
    raise error
  File "/home/farrukh/Frontend/p2p/backend/.venv/lib64/python3.14/site-packages/sqlalchemy/dialects/postgresql/asyncpg.py", line 816, in ping
    _ = self.await_(self._async_ping())
  File "/home/farrukh/Frontend/p2p/backend/.venv/lib64/python3.14/site-packages/sqlalchemy/util/_concurrency_py3k.py", line 132, in await_only
    return current.parent.switch(awaitable)  # type: ignore[no-any-return,attr-defined] # noqa: E501
           ~~~~~~~~~~~~~~~~~~~~~^^^^^^^^^^^
  File "/home/farrukh/Frontend/p2p/backend/.venv/lib64/python3.14/site-packages/sqlalchemy/util/_concurrency_py3k.py", line 196, in greenlet_spawn
    value = await result
            ^^^^^^^^^^^^
  File "/home/farrukh/Frontend/p2p/backend/.venv/lib64/python3.14/site-packages/sqlalchemy/dialects/postgresql/asyncpg.py", line 825, in _async_ping
    await tr.start()
  File "/home/farrukh/Frontend/p2p/backend/.venv/lib64/python3.14/site-packages/asyncpg/transaction.py", line 146, in start
    await self._connection.execute(query)
  File "/home/farrukh/Frontend/p2p/backend/.venv/lib64/python3.14/site-packages/asyncpg/connection.py", line 354, in execute
    result = await self._protocol.query(query, timeout)
             ^^^^^^^^^^^^^^^^^^^^^^^^^^^^^^^^^^^^^^^^^^
  File "asyncpg/protocol/protocol.pyx", line 369, in query
    return await waiter
RuntimeError: Task <Task pending name='Task-116' coro=<_send_slot_reminders() running at /home/farrukh/Frontend/p2p/backend/app/tasks/slot_tasks.py:35> cb=[_run_until_complete_cb() at /usr/lib64/python3.14/asyncio/base_events.py:181]> got Future <Future pending cb=[BaseProtocol._on_waiter_completed()]> attached to a different loop
[2026-06-14 11:42:56,002: INFO/MainProcess] Task app.tasks.slot_tasks.check_absences[bfd5aa7f-3ee4-4b98-bef2-28dddfe73039] received
[2026-06-14 11:42:56,004: INFO/MainProcess] Task app.tasks.slot_tasks.send_slot_reminders[7dbef6be-d5f2-4157-bc5c-23d8c8f9ff81] received
2026-06-14 11:42:56,062 INFO sqlalchemy.engine.Engine BEGIN (implicit)
[2026-06-14 11:42:56,062: INFO/ForkPoolWorker-16] BEGIN (implicit)
2026-06-14 11:42:56,063 INFO sqlalchemy.engine.Engine SELECT slots.id, slots.reviewer_id, slots.reviewee_id, slots.reviewer_project, slots.reviewee_project, slots.start_time, slots.end_time, slots.actual_start, slots.actual_end, slots.duration_minutes, slots.status, slots.is_online, slots.campus, slots.reviewer_started, slots.reviewee_started, slots.reviewer_finished, slots.reviewee_finished, slots.absent_by, slots.absent_at, slots.cancelled_by, slots.cancel_reason, slots.created_at, slots.updated_at 
FROM slots 
WHERE slots.status = $1::VARCHAR AND slots.start_time >= $2::TIMESTAMP WITH TIME ZONE AND slots.start_time < $3::TIMESTAMP WITH TIME ZONE
[2026-06-14 11:42:56,063: INFO/ForkPoolWorker-16] SELECT slots.id, slots.reviewer_id, slots.reviewee_id, slots.reviewer_project, slots.reviewee_project, slots.start_time, slots.end_time, slots.actual_start, slots.actual_end, slots.duration_minutes, slots.status, slots.is_online, slots.campus, slots.reviewer_started, slots.reviewee_started, slots.reviewer_finished, slots.reviewee_finished, slots.absent_by, slots.absent_at, slots.cancelled_by, slots.cancel_reason, slots.created_at, slots.updated_at 
FROM slots 
WHERE slots.status = $1::VARCHAR AND slots.start_time >= $2::TIMESTAMP WITH TIME ZONE AND slots.start_time < $3::TIMESTAMP WITH TIME ZONE
2026-06-14 11:42:56,063 INFO sqlalchemy.engine.Engine [cached since 1440s ago] ('booked', datetime.datetime(2026, 6, 14, 6, 57, 56, 7096, tzinfo=datetime.timezone.utc), datetime.datetime(2026, 6, 14, 6, 58, 56, 7096, tzinfo=datetime.timezone.utc))
[2026-06-14 11:42:56,063: INFO/ForkPoolWorker-16] [cached since 1440s ago] ('booked', datetime.datetime(2026, 6, 14, 6, 57, 56, 7096, tzinfo=datetime.timezone.utc), datetime.datetime(2026, 6, 14, 6, 58, 56, 7096, tzinfo=datetime.timezone.utc))
2026-06-14 11:42:56,066 INFO sqlalchemy.engine.Engine BEGIN (implicit)
[2026-06-14 11:42:56,066: INFO/ForkPoolWorker-15] BEGIN (implicit)
2026-06-14 11:42:56,067 INFO sqlalchemy.engine.Engine SELECT slots.id, slots.reviewer_id, slots.reviewee_id, slots.reviewer_project, slots.reviewee_project, slots.start_time, slots.end_time, slots.actual_start, slots.actual_end, slots.duration_minutes, slots.status, slots.is_online, slots.campus, slots.reviewer_started, slots.reviewee_started, slots.reviewer_finished, slots.reviewee_finished, slots.absent_by, slots.absent_at, slots.cancelled_by, slots.cancel_reason, slots.created_at, slots.updated_at 
FROM slots 
WHERE slots.status = $1::VARCHAR AND slots.start_time < $2::TIMESTAMP WITH TIME ZONE
[2026-06-14 11:42:56,067: INFO/ForkPoolWorker-15] SELECT slots.id, slots.reviewer_id, slots.reviewee_id, slots.reviewer_project, slots.reviewee_project, slots.start_time, slots.end_time, slots.actual_start, slots.actual_end, slots.duration_minutes, slots.status, slots.is_online, slots.campus, slots.reviewer_started, slots.reviewee_started, slots.reviewer_finished, slots.reviewee_finished, slots.absent_by, slots.absent_at, slots.cancelled_by, slots.cancel_reason, slots.created_at, slots.updated_at 
FROM slots 
WHERE slots.status = $1::VARCHAR AND slots.start_time < $2::TIMESTAMP WITH TIME ZONE
2026-06-14 11:42:56,067 INFO sqlalchemy.engine.Engine [cached since 1440s ago] ('booked', datetime.datetime(2026, 6, 14, 6, 27, 56, 7027, tzinfo=datetime.timezone.utc))
[2026-06-14 11:42:56,067: INFO/ForkPoolWorker-15] [cached since 1440s ago] ('booked', datetime.datetime(2026, 6, 14, 6, 27, 56, 7027, tzinfo=datetime.timezone.utc))
2026-06-14 11:42:56,068 INFO sqlalchemy.engine.Engine COMMIT
[2026-06-14 11:42:56,068: INFO/ForkPoolWorker-16] COMMIT
2026-06-14 11:42:56,071 INFO sqlalchemy.engine.Engine ROLLBACK
[2026-06-14 11:42:56,071: INFO/ForkPoolWorker-15] ROLLBACK
[2026-06-14 11:42:56,071: INFO/ForkPoolWorker-16] Task app.tasks.slot_tasks.send_slot_reminders[7dbef6be-d5f2-4157-bc5c-23d8c8f9ff81] succeeded in 0.06623805900017032s: 0
[2026-06-14 11:42:56,073: INFO/ForkPoolWorker-15] Task app.tasks.slot_tasks.check_absences[bfd5aa7f-3ee4-4b98-bef2-28dddfe73039] succeeded in 0.06870175599988215s: 0
[2026-06-14 11:43:56,002: INFO/MainProcess] Task app.tasks.slot_tasks.check_absences[2067799c-a90d-4606-a8a4-bb5ee60de363] received
[2026-06-14 11:43:56,004: INFO/MainProcess] Task app.tasks.slot_tasks.send_slot_reminders[fbf15273-d4e6-4f0c-a45f-ee1126b78e34] received
[2026-06-14 11:43:56,008: ERROR/ForkPoolWorker-16] Exception terminating connection <AdaptedConnection <asyncpg.connection.Connection object at 0x7f04e2976210>>
Traceback (most recent call last):
  File "/home/farrukh/Frontend/p2p/backend/.venv/lib64/python3.14/site-packages/sqlalchemy/pool/base.py", line 373, in _close_connection
    self._dialect.do_terminate(connection)
    ~~~~~~~~~~~~~~~~~~~~~~~~~~^^^^^^^^^^^^
  File "/home/farrukh/Frontend/p2p/backend/.venv/lib64/python3.14/site-packages/sqlalchemy/dialects/postgresql/asyncpg.py", line 1131, in do_terminate
    dbapi_connection.terminate()
    ~~~~~~~~~~~~~~~~~~~~~~~~~~^^
  File "/home/farrukh/Frontend/p2p/backend/.venv/lib64/python3.14/site-packages/sqlalchemy/connectors/asyncio.py", line 402, in terminate
    self.await_(asyncio.shield(self._terminate_graceful_close()))  # type: ignore[attr-defined] # noqa: E501
    ~~~~~~~~~~~^^^^^^^^^^^^^^^^^^^^^^^^^^^^^^^^^^^^^^^^^^^^^^^^^^
  File "/home/farrukh/Frontend/p2p/backend/.venv/lib64/python3.14/site-packages/sqlalchemy/util/_concurrency_py3k.py", line 132, in await_only
    return current.parent.switch(awaitable)  # type: ignore[no-any-return,attr-defined] # noqa: E501
           ~~~~~~~~~~~~~~~~~~~~~^^^^^^^^^^^
  File "/home/farrukh/Frontend/p2p/backend/.venv/lib64/python3.14/site-packages/sqlalchemy/util/_concurrency_py3k.py", line 196, in greenlet_spawn
    value = await result
            ^^^^^^^^^^^^
  File "/home/farrukh/Frontend/p2p/backend/.venv/lib64/python3.14/site-packages/sqlalchemy/dialects/postgresql/asyncpg.py", line 912, in _terminate_graceful_close
    await self._connection.close(timeout=2)
  File "/home/farrukh/Frontend/p2p/backend/.venv/lib64/python3.14/site-packages/asyncpg/connection.py", line 1513, in close
    await self._protocol.close(timeout)
  File "asyncpg/protocol/protocol.pyx", line 617, in close
    self._request_cancel()
  File "asyncpg/protocol/protocol.pyx", line 650, in asyncpg.protocol.protocol.BaseProtocol._request_cancel
    con._cancel_current_command(self.cancel_sent_waiter)
  File "/home/farrukh/Frontend/p2p/backend/.venv/lib64/python3.14/site-packages/asyncpg/connection.py", line 1682, in _cancel_current_command
    self._cancellations.add(self._loop.create_task(self._cancel(waiter)))
                            ~~~~~~~~~~~~~~~~~~~~~~^^^^^^^^^^^^^^^^^^^^^^
  File "/usr/lib64/python3.14/asyncio/base_events.py", line 466, in create_task
    self._check_closed()
    ~~~~~~~~~~~~~~~~~~^^
  File "/usr/lib64/python3.14/asyncio/base_events.py", line 550, in _check_closed
    raise RuntimeError('Event loop is closed')
RuntimeError: Event loop is closed
[2026-06-14 11:43:56,008: ERROR/ForkPoolWorker-15] Exception terminating connection <AdaptedConnection <asyncpg.connection.Connection object at 0x7f04e2974410>>
Traceback (most recent call last):
  File "/home/farrukh/Frontend/p2p/backend/.venv/lib64/python3.14/site-packages/sqlalchemy/pool/base.py", line 373, in _close_connection
    self._dialect.do_terminate(connection)
    ~~~~~~~~~~~~~~~~~~~~~~~~~~^^^^^^^^^^^^
  File "/home/farrukh/Frontend/p2p/backend/.venv/lib64/python3.14/site-packages/sqlalchemy/dialects/postgresql/asyncpg.py", line 1131, in do_terminate
    dbapi_connection.terminate()
    ~~~~~~~~~~~~~~~~~~~~~~~~~~^^
  File "/home/farrukh/Frontend/p2p/backend/.venv/lib64/python3.14/site-packages/sqlalchemy/connectors/asyncio.py", line 402, in terminate
    self.await_(asyncio.shield(self._terminate_graceful_close()))  # type: ignore[attr-defined] # noqa: E501
    ~~~~~~~~~~~^^^^^^^^^^^^^^^^^^^^^^^^^^^^^^^^^^^^^^^^^^^^^^^^^^
  File "/home/farrukh/Frontend/p2p/backend/.venv/lib64/python3.14/site-packages/sqlalchemy/util/_concurrency_py3k.py", line 132, in await_only
    return current.parent.switch(awaitable)  # type: ignore[no-any-return,attr-defined] # noqa: E501
           ~~~~~~~~~~~~~~~~~~~~~^^^^^^^^^^^
  File "/home/farrukh/Frontend/p2p/backend/.venv/lib64/python3.14/site-packages/sqlalchemy/util/_concurrency_py3k.py", line 196, in greenlet_spawn
    value = await result
            ^^^^^^^^^^^^
  File "/home/farrukh/Frontend/p2p/backend/.venv/lib64/python3.14/site-packages/sqlalchemy/dialects/postgresql/asyncpg.py", line 912, in _terminate_graceful_close
    await self._connection.close(timeout=2)
  File "/home/farrukh/Frontend/p2p/backend/.venv/lib64/python3.14/site-packages/asyncpg/connection.py", line 1513, in close
    await self._protocol.close(timeout)
  File "asyncpg/protocol/protocol.pyx", line 617, in close
    self._request_cancel()
  File "asyncpg/protocol/protocol.pyx", line 650, in asyncpg.protocol.protocol.BaseProtocol._request_cancel
    con._cancel_current_command(self.cancel_sent_waiter)
  File "/home/farrukh/Frontend/p2p/backend/.venv/lib64/python3.14/site-packages/asyncpg/connection.py", line 1682, in _cancel_current_command
    self._cancellations.add(self._loop.create_task(self._cancel(waiter)))
                            ~~~~~~~~~~~~~~~~~~~~~~^^^^^^^^^^^^^^^^^^^^^^
  File "/usr/lib64/python3.14/asyncio/base_events.py", line 466, in create_task
    self._check_closed()
    ~~~~~~~~~~~~~~~~~~^^
  File "/usr/lib64/python3.14/asyncio/base_events.py", line 550, in _check_closed
    raise RuntimeError('Event loop is closed')
RuntimeError: Event loop is closed
[2026-06-14 11:43:56,024: ERROR/ForkPoolWorker-15] Task app.tasks.slot_tasks.check_absences[2067799c-a90d-4606-a8a4-bb5ee60de363] raised unexpected: RuntimeError("Task <Task pending name='Task-126' coro=<_check_absences() running at /home/farrukh/Frontend/p2p/backend/app/tasks/slot_tasks.py:70> cb=[_run_until_complete_cb() at /usr/lib64/python3.14/asyncio/base_events.py:181]> got Future <Future pending cb=[BaseProtocol._on_waiter_completed()]> attached to a different loop")
Traceback (most recent call last):
  File "/home/farrukh/Frontend/p2p/backend/.venv/lib64/python3.14/site-packages/celery/app/trace.py", line 585, in trace_task
    R = retval = fun(*args, **kwargs)
                 ~~~^^^^^^^^^^^^^^^^^
  File "/home/farrukh/Frontend/p2p/backend/.venv/lib64/python3.14/site-packages/celery/app/trace.py", line 858, in __protected_call__
    return self.run(*args, **kwargs)
           ~~~~~~~~^^^^^^^^^^^^^^^^^
  File "/home/farrukh/Frontend/p2p/backend/app/tasks/slot_tasks.py", line 58, in check_absences
    return asyncio.run(_check_absences())
           ~~~~~~~~~~~^^^^^^^^^^^^^^^^^^^
  File "/usr/lib64/python3.14/asyncio/runners.py", line 204, in run
    return runner.run(main)
           ~~~~~~~~~~^^^^^^
  File "/usr/lib64/python3.14/asyncio/runners.py", line 127, in run
    return self._loop.run_until_complete(task)
           ~~~~~~~~~~~~~~~~~~~~~~~~~~~~~^^^^^^
  File "/usr/lib64/python3.14/asyncio/base_events.py", line 719, in run_until_complete
    return future.result()
           ~~~~~~~~~~~~~^^
  File "/home/farrukh/Frontend/p2p/backend/app/tasks/slot_tasks.py", line 70, in _check_absences
    slots = (await db.execute(stmt)).scalars().all()
             ^^^^^^^^^^^^^^^^^^^^^^
  File "/home/farrukh/Frontend/p2p/backend/.venv/lib64/python3.14/site-packages/sqlalchemy/ext/asyncio/session.py", line 448, in execute
    result = await greenlet_spawn(
             ^^^^^^^^^^^^^^^^^^^^^
    ...<6 lines>...
    )
    ^
  File "/home/farrukh/Frontend/p2p/backend/.venv/lib64/python3.14/site-packages/sqlalchemy/util/_concurrency_py3k.py", line 201, in greenlet_spawn
    result = context.throw(*sys.exc_info())
  File "/home/farrukh/Frontend/p2p/backend/.venv/lib64/python3.14/site-packages/sqlalchemy/orm/session.py", line 2372, in execute
    return self._execute_internal(
           ~~~~~~~~~~~~~~~~~~~~~~^
        statement,
        ^^^^^^^^^^
    ...<4 lines>...
        _add_event=_add_event,
        ^^^^^^^^^^^^^^^^^^^^^^
    )
    ^
  File "/home/farrukh/Frontend/p2p/backend/.venv/lib64/python3.14/site-packages/sqlalchemy/orm/session.py", line 2260, in _execute_internal
    conn = self._connection_for_bind(bind)
  File "/home/farrukh/Frontend/p2p/backend/.venv/lib64/python3.14/site-packages/sqlalchemy/orm/session.py", line 2112, in _connection_for_bind
    return trans._connection_for_bind(engine, execution_options)
           ~~~~~~~~~~~~~~~~~~~~~~~~~~^^^^^^^^^^^^^^^^^^^^^^^^^^^
  File "<string>", line 2, in _connection_for_bind
  File "/home/farrukh/Frontend/p2p/backend/.venv/lib64/python3.14/site-packages/sqlalchemy/orm/state_changes.py", line 137, in _go
    ret_value = fn(self, *arg, **kw)
  File "/home/farrukh/Frontend/p2p/backend/.venv/lib64/python3.14/site-packages/sqlalchemy/orm/session.py", line 1191, in _connection_for_bind
    conn = bind.connect()
  File "/home/farrukh/Frontend/p2p/backend/.venv/lib64/python3.14/site-packages/sqlalchemy/engine/base.py", line 3295, in connect
    return self._connection_cls(self)
           ~~~~~~~~~~~~~~~~~~~~^^^^^^
  File "/home/farrukh/Frontend/p2p/backend/.venv/lib64/python3.14/site-packages/sqlalchemy/engine/base.py", line 144, in __init__
    self._dbapi_connection = engine.raw_connection()
                             ~~~~~~~~~~~~~~~~~~~~~^^
  File "/home/farrukh/Frontend/p2p/backend/.venv/lib64/python3.14/site-packages/sqlalchemy/engine/base.py", line 3319, in raw_connection
    return self.pool.connect()
           ~~~~~~~~~~~~~~~~~^^
  File "/home/farrukh/Frontend/p2p/backend/.venv/lib64/python3.14/site-packages/sqlalchemy/pool/base.py", line 448, in connect
    return _ConnectionFairy._checkout(self)
           ~~~~~~~~~~~~~~~~~~~~~~~~~~^^^^^^
  File "/home/farrukh/Frontend/p2p/backend/.venv/lib64/python3.14/site-packages/sqlalchemy/pool/base.py", line 1371, in _checkout
    with util.safe_reraise():
         ~~~~~~~~~~~~~~~~~^^
  File "/home/farrukh/Frontend/p2p/backend/.venv/lib64/python3.14/site-packages/sqlalchemy/util/langhelpers.py", line 122, in __exit__
    raise exc_value.with_traceback(exc_tb)
  File "/home/farrukh/Frontend/p2p/backend/.venv/lib64/python3.14/site-packages/sqlalchemy/pool/base.py", line 1309, in _checkout
    result = pool._dialect._do_ping_w_event(
        fairy.dbapi_connection
    )
  File "/home/farrukh/Frontend/p2p/backend/.venv/lib64/python3.14/site-packages/sqlalchemy/engine/default.py", line 729, in _do_ping_w_event
    return self.do_ping(dbapi_connection)
           ~~~~~~~~~~~~^^^^^^^^^^^^^^^^^^
  File "/home/farrukh/Frontend/p2p/backend/.venv/lib64/python3.14/site-packages/sqlalchemy/dialects/postgresql/asyncpg.py", line 1164, in do_ping
    dbapi_connection.ping()
    ~~~~~~~~~~~~~~~~~~~~~^^
  File "/home/farrukh/Frontend/p2p/backend/.venv/lib64/python3.14/site-packages/sqlalchemy/dialects/postgresql/asyncpg.py", line 818, in ping
    self._handle_exception(error)
    ~~~~~~~~~~~~~~~~~~~~~~^^^^^^^
  File "/home/farrukh/Frontend/p2p/backend/.venv/lib64/python3.14/site-packages/sqlalchemy/dialects/postgresql/asyncpg.py", line 799, in _handle_exception
    raise error
  File "/home/farrukh/Frontend/p2p/backend/.venv/lib64/python3.14/site-packages/sqlalchemy/dialects/postgresql/asyncpg.py", line 816, in ping
    _ = self.await_(self._async_ping())
  File "/home/farrukh/Frontend/p2p/backend/.venv/lib64/python3.14/site-packages/sqlalchemy/util/_concurrency_py3k.py", line 132, in await_only
    return current.parent.switch(awaitable)  # type: ignore[no-any-return,attr-defined] # noqa: E501
           ~~~~~~~~~~~~~~~~~~~~~^^^^^^^^^^^
  File "/home/farrukh/Frontend/p2p/backend/.venv/lib64/python3.14/site-packages/sqlalchemy/util/_concurrency_py3k.py", line 196, in greenlet_spawn
    value = await result
            ^^^^^^^^^^^^
  File "/home/farrukh/Frontend/p2p/backend/.venv/lib64/python3.14/site-packages/sqlalchemy/dialects/postgresql/asyncpg.py", line 825, in _async_ping
    await tr.start()
  File "/home/farrukh/Frontend/p2p/backend/.venv/lib64/python3.14/site-packages/asyncpg/transaction.py", line 146, in start
    await self._connection.execute(query)
  File "/home/farrukh/Frontend/p2p/backend/.venv/lib64/python3.14/site-packages/asyncpg/connection.py", line 354, in execute
    result = await self._protocol.query(query, timeout)
             ^^^^^^^^^^^^^^^^^^^^^^^^^^^^^^^^^^^^^^^^^^
  File "asyncpg/protocol/protocol.pyx", line 369, in query
    return await waiter
RuntimeError: Task <Task pending name='Task-126' coro=<_check_absences() running at /home/farrukh/Frontend/p2p/backend/app/tasks/slot_tasks.py:70> cb=[_run_until_complete_cb() at /usr/lib64/python3.14/asyncio/base_events.py:181]> got Future <Future pending cb=[BaseProtocol._on_waiter_completed()]> attached to a different loop
[2026-06-14 11:43:56,026: ERROR/ForkPoolWorker-16] Task app.tasks.slot_tasks.send_slot_reminders[fbf15273-d4e6-4f0c-a45f-ee1126b78e34] raised unexpected: RuntimeError("Task <Task pending name='Task-126' coro=<_send_slot_reminders() running at /home/farrukh/Frontend/p2p/backend/app/tasks/slot_tasks.py:35> cb=[_run_until_complete_cb() at /usr/lib64/python3.14/asyncio/base_events.py:181]> got Future <Future pending cb=[BaseProtocol._on_waiter_completed()]> attached to a different loop")
Traceback (most recent call last):
  File "/home/farrukh/Frontend/p2p/backend/.venv/lib64/python3.14/site-packages/celery/app/trace.py", line 585, in trace_task
    R = retval = fun(*args, **kwargs)
                 ~~~^^^^^^^^^^^^^^^^^
  File "/home/farrukh/Frontend/p2p/backend/.venv/lib64/python3.14/site-packages/celery/app/trace.py", line 858, in __protected_call__
    return self.run(*args, **kwargs)
           ~~~~~~~~^^^^^^^^^^^^^^^^^
  File "/home/farrukh/Frontend/p2p/backend/app/tasks/slot_tasks.py", line 20, in send_slot_reminders
    return asyncio.run(_send_slot_reminders())
           ~~~~~~~~~~~^^^^^^^^^^^^^^^^^^^^^^^^
  File "/usr/lib64/python3.14/asyncio/runners.py", line 204, in run
    return runner.run(main)
           ~~~~~~~~~~^^^^^^
  File "/usr/lib64/python3.14/asyncio/runners.py", line 127, in run
    return self._loop.run_until_complete(task)
           ~~~~~~~~~~~~~~~~~~~~~~~~~~~~~^^^^^^
  File "/usr/lib64/python3.14/asyncio/base_events.py", line 719, in run_until_complete
    return future.result()
           ~~~~~~~~~~~~~^^
  File "/home/farrukh/Frontend/p2p/backend/app/tasks/slot_tasks.py", line 35, in _send_slot_reminders
    slots = (await db.execute(stmt)).scalars().all()
             ^^^^^^^^^^^^^^^^^^^^^^
  File "/home/farrukh/Frontend/p2p/backend/.venv/lib64/python3.14/site-packages/sqlalchemy/ext/asyncio/session.py", line 448, in execute
    result = await greenlet_spawn(
             ^^^^^^^^^^^^^^^^^^^^^
    ...<6 lines>...
    )
    ^
  File "/home/farrukh/Frontend/p2p/backend/.venv/lib64/python3.14/site-packages/sqlalchemy/util/_concurrency_py3k.py", line 201, in greenlet_spawn
    result = context.throw(*sys.exc_info())
  File "/home/farrukh/Frontend/p2p/backend/.venv/lib64/python3.14/site-packages/sqlalchemy/orm/session.py", line 2372, in execute
    return self._execute_internal(
           ~~~~~~~~~~~~~~~~~~~~~~^
        statement,
        ^^^^^^^^^^
    ...<4 lines>...
        _add_event=_add_event,
        ^^^^^^^^^^^^^^^^^^^^^^
    )
    ^
  File "/home/farrukh/Frontend/p2p/backend/.venv/lib64/python3.14/site-packages/sqlalchemy/orm/session.py", line 2260, in _execute_internal
    conn = self._connection_for_bind(bind)
  File "/home/farrukh/Frontend/p2p/backend/.venv/lib64/python3.14/site-packages/sqlalchemy/orm/session.py", line 2112, in _connection_for_bind
    return trans._connection_for_bind(engine, execution_options)
           ~~~~~~~~~~~~~~~~~~~~~~~~~~^^^^^^^^^^^^^^^^^^^^^^^^^^^
  File "<string>", line 2, in _connection_for_bind
  File "/home/farrukh/Frontend/p2p/backend/.venv/lib64/python3.14/site-packages/sqlalchemy/orm/state_changes.py", line 137, in _go
    ret_value = fn(self, *arg, **kw)
  File "/home/farrukh/Frontend/p2p/backend/.venv/lib64/python3.14/site-packages/sqlalchemy/orm/session.py", line 1191, in _connection_for_bind
    conn = bind.connect()
  File "/home/farrukh/Frontend/p2p/backend/.venv/lib64/python3.14/site-packages/sqlalchemy/engine/base.py", line 3295, in connect
    return self._connection_cls(self)
           ~~~~~~~~~~~~~~~~~~~~^^^^^^
  File "/home/farrukh/Frontend/p2p/backend/.venv/lib64/python3.14/site-packages/sqlalchemy/engine/base.py", line 144, in __init__
    self._dbapi_connection = engine.raw_connection()
                             ~~~~~~~~~~~~~~~~~~~~~^^
  File "/home/farrukh/Frontend/p2p/backend/.venv/lib64/python3.14/site-packages/sqlalchemy/engine/base.py", line 3319, in raw_connection
    return self.pool.connect()
           ~~~~~~~~~~~~~~~~~^^
  File "/home/farrukh/Frontend/p2p/backend/.venv/lib64/python3.14/site-packages/sqlalchemy/pool/base.py", line 448, in connect
    return _ConnectionFairy._checkout(self)
           ~~~~~~~~~~~~~~~~~~~~~~~~~~^^^^^^
  File "/home/farrukh/Frontend/p2p/backend/.venv/lib64/python3.14/site-packages/sqlalchemy/pool/base.py", line 1371, in _checkout
    with util.safe_reraise():
         ~~~~~~~~~~~~~~~~~^^
  File "/home/farrukh/Frontend/p2p/backend/.venv/lib64/python3.14/site-packages/sqlalchemy/util/langhelpers.py", line 122, in __exit__
    raise exc_value.with_traceback(exc_tb)
  File "/home/farrukh/Frontend/p2p/backend/.venv/lib64/python3.14/site-packages/sqlalchemy/pool/base.py", line 1309, in _checkout
    result = pool._dialect._do_ping_w_event(
        fairy.dbapi_connection
    )
  File "/home/farrukh/Frontend/p2p/backend/.venv/lib64/python3.14/site-packages/sqlalchemy/engine/default.py", line 729, in _do_ping_w_event
    return self.do_ping(dbapi_connection)
           ~~~~~~~~~~~~^^^^^^^^^^^^^^^^^^
  File "/home/farrukh/Frontend/p2p/backend/.venv/lib64/python3.14/site-packages/sqlalchemy/dialects/postgresql/asyncpg.py", line 1164, in do_ping
    dbapi_connection.ping()
    ~~~~~~~~~~~~~~~~~~~~~^^
  File "/home/farrukh/Frontend/p2p/backend/.venv/lib64/python3.14/site-packages/sqlalchemy/dialects/postgresql/asyncpg.py", line 818, in ping
    self._handle_exception(error)
    ~~~~~~~~~~~~~~~~~~~~~~^^^^^^^
  File "/home/farrukh/Frontend/p2p/backend/.venv/lib64/python3.14/site-packages/sqlalchemy/dialects/postgresql/asyncpg.py", line 799, in _handle_exception
    raise error
  File "/home/farrukh/Frontend/p2p/backend/.venv/lib64/python3.14/site-packages/sqlalchemy/dialects/postgresql/asyncpg.py", line 816, in ping
    _ = self.await_(self._async_ping())
  File "/home/farrukh/Frontend/p2p/backend/.venv/lib64/python3.14/site-packages/sqlalchemy/util/_concurrency_py3k.py", line 132, in await_only
    return current.parent.switch(awaitable)  # type: ignore[no-any-return,attr-defined] # noqa: E501
           ~~~~~~~~~~~~~~~~~~~~~^^^^^^^^^^^
  File "/home/farrukh/Frontend/p2p/backend/.venv/lib64/python3.14/site-packages/sqlalchemy/util/_concurrency_py3k.py", line 196, in greenlet_spawn
    value = await result
            ^^^^^^^^^^^^
  File "/home/farrukh/Frontend/p2p/backend/.venv/lib64/python3.14/site-packages/sqlalchemy/dialects/postgresql/asyncpg.py", line 825, in _async_ping
    await tr.start()
  File "/home/farrukh/Frontend/p2p/backend/.venv/lib64/python3.14/site-packages/asyncpg/transaction.py", line 146, in start
    await self._connection.execute(query)
  File "/home/farrukh/Frontend/p2p/backend/.venv/lib64/python3.14/site-packages/asyncpg/connection.py", line 354, in execute
    result = await self._protocol.query(query, timeout)
             ^^^^^^^^^^^^^^^^^^^^^^^^^^^^^^^^^^^^^^^^^^
  File "asyncpg/protocol/protocol.pyx", line 369, in query
    return await waiter
RuntimeError: Task <Task pending name='Task-126' coro=<_send_slot_reminders() running at /home/farrukh/Frontend/p2p/backend/app/tasks/slot_tasks.py:35> cb=[_run_until_complete_cb() at /usr/lib64/python3.14/asyncio/base_events.py:181]> got Future <Future pending cb=[BaseProtocol._on_waiter_completed()]> attached to a different loop
[2026-06-14 11:44:56,002: INFO/MainProcess] Task app.tasks.slot_tasks.check_absences[cf29f520-4e8c-40e2-8dd0-919ec962d8c5] received
[2026-06-14 11:44:56,004: INFO/MainProcess] Task app.tasks.slot_tasks.send_slot_reminders[a746a8a9-fd85-4b20-b979-60dc23759839] received
2026-06-14 11:44:56,065 INFO sqlalchemy.engine.Engine BEGIN (implicit)
[2026-06-14 11:44:56,065: INFO/ForkPoolWorker-15] BEGIN (implicit)
2026-06-14 11:44:56,065 INFO sqlalchemy.engine.Engine BEGIN (implicit)
[2026-06-14 11:44:56,065: INFO/ForkPoolWorker-16] BEGIN (implicit)
2026-06-14 11:44:56,065 INFO sqlalchemy.engine.Engine SELECT slots.id, slots.reviewer_id, slots.reviewee_id, slots.reviewer_project, slots.reviewee_project, slots.start_time, slots.end_time, slots.actual_start, slots.actual_end, slots.duration_minutes, slots.status, slots.is_online, slots.campus, slots.reviewer_started, slots.reviewee_started, slots.reviewer_finished, slots.reviewee_finished, slots.absent_by, slots.absent_at, slots.cancelled_by, slots.cancel_reason, slots.created_at, slots.updated_at 
FROM slots 
WHERE slots.status = $1::VARCHAR AND slots.start_time < $2::TIMESTAMP WITH TIME ZONE
[2026-06-14 11:44:56,065: INFO/ForkPoolWorker-15] SELECT slots.id, slots.reviewer_id, slots.reviewee_id, slots.reviewer_project, slots.reviewee_project, slots.start_time, slots.end_time, slots.actual_start, slots.actual_end, slots.duration_minutes, slots.status, slots.is_online, slots.campus, slots.reviewer_started, slots.reviewee_started, slots.reviewer_finished, slots.reviewee_finished, slots.absent_by, slots.absent_at, slots.cancelled_by, slots.cancel_reason, slots.created_at, slots.updated_at 
FROM slots 
WHERE slots.status = $1::VARCHAR AND slots.start_time < $2::TIMESTAMP WITH TIME ZONE
2026-06-14 11:44:56,065 INFO sqlalchemy.engine.Engine [cached since 1560s ago] ('booked', datetime.datetime(2026, 6, 14, 6, 29, 56, 6939, tzinfo=datetime.timezone.utc))
[2026-06-14 11:44:56,065: INFO/ForkPoolWorker-15] [cached since 1560s ago] ('booked', datetime.datetime(2026, 6, 14, 6, 29, 56, 6939, tzinfo=datetime.timezone.utc))
2026-06-14 11:44:56,065 INFO sqlalchemy.engine.Engine SELECT slots.id, slots.reviewer_id, slots.reviewee_id, slots.reviewer_project, slots.reviewee_project, slots.start_time, slots.end_time, slots.actual_start, slots.actual_end, slots.duration_minutes, slots.status, slots.is_online, slots.campus, slots.reviewer_started, slots.reviewee_started, slots.reviewer_finished, slots.reviewee_finished, slots.absent_by, slots.absent_at, slots.cancelled_by, slots.cancel_reason, slots.created_at, slots.updated_at 
FROM slots 
WHERE slots.status = $1::VARCHAR AND slots.start_time >= $2::TIMESTAMP WITH TIME ZONE AND slots.start_time < $3::TIMESTAMP WITH TIME ZONE
[2026-06-14 11:44:56,065: INFO/ForkPoolWorker-16] SELECT slots.id, slots.reviewer_id, slots.reviewee_id, slots.reviewer_project, slots.reviewee_project, slots.start_time, slots.end_time, slots.actual_start, slots.actual_end, slots.duration_minutes, slots.status, slots.is_online, slots.campus, slots.reviewer_started, slots.reviewee_started, slots.reviewer_finished, slots.reviewee_finished, slots.absent_by, slots.absent_at, slots.cancelled_by, slots.cancel_reason, slots.created_at, slots.updated_at 
FROM slots 
WHERE slots.status = $1::VARCHAR AND slots.start_time >= $2::TIMESTAMP WITH TIME ZONE AND slots.start_time < $3::TIMESTAMP WITH TIME ZONE
2026-06-14 11:44:56,066 INFO sqlalchemy.engine.Engine [cached since 1560s ago] ('booked', datetime.datetime(2026, 6, 14, 6, 59, 56, 6789, tzinfo=datetime.timezone.utc), datetime.datetime(2026, 6, 14, 7, 0, 56, 6789, tzinfo=datetime.timezone.utc))
[2026-06-14 11:44:56,066: INFO/ForkPoolWorker-16] [cached since 1560s ago] ('booked', datetime.datetime(2026, 6, 14, 6, 59, 56, 6789, tzinfo=datetime.timezone.utc), datetime.datetime(2026, 6, 14, 7, 0, 56, 6789, tzinfo=datetime.timezone.utc))
2026-06-14 11:44:56,070 INFO sqlalchemy.engine.Engine ROLLBACK
[2026-06-14 11:44:56,070: INFO/ForkPoolWorker-15] ROLLBACK
2026-06-14 11:44:56,070 INFO sqlalchemy.engine.Engine COMMIT
[2026-06-14 11:44:56,070: INFO/ForkPoolWorker-16] COMMIT
[2026-06-14 11:44:56,072: INFO/ForkPoolWorker-15] Task app.tasks.slot_tasks.check_absences[cf29f520-4e8c-40e2-8dd0-919ec962d8c5] succeeded in 0.0680331749999823s: 0
[2026-06-14 11:44:56,073: INFO/ForkPoolWorker-16] Task app.tasks.slot_tasks.send_slot_reminders[a746a8a9-fd85-4b20-b979-60dc23759839] succeeded in 0.06808984799999962s: 0
[2026-06-14 11:45:56,002: INFO/MainProcess] Task app.tasks.slot_tasks.check_absences[a95a31be-f80a-4b63-bb0c-faf20f047361] received
[2026-06-14 11:45:56,004: INFO/MainProcess] Task app.tasks.slot_tasks.send_slot_reminders[ed5b2b76-0b16-4cb9-8a16-bcb4ec67f3ea] received
[2026-06-14 11:45:56,008: ERROR/ForkPoolWorker-15] Exception terminating connection <AdaptedConnection <asyncpg.connection.Connection object at 0x7f04e10e94f0>>
Traceback (most recent call last):
  File "/home/farrukh/Frontend/p2p/backend/.venv/lib64/python3.14/site-packages/sqlalchemy/pool/base.py", line 373, in _close_connection
    self._dialect.do_terminate(connection)
    ~~~~~~~~~~~~~~~~~~~~~~~~~~^^^^^^^^^^^^
  File "/home/farrukh/Frontend/p2p/backend/.venv/lib64/python3.14/site-packages/sqlalchemy/dialects/postgresql/asyncpg.py", line 1131, in do_terminate
    dbapi_connection.terminate()
    ~~~~~~~~~~~~~~~~~~~~~~~~~~^^
  File "/home/farrukh/Frontend/p2p/backend/.venv/lib64/python3.14/site-packages/sqlalchemy/connectors/asyncio.py", line 402, in terminate
    self.await_(asyncio.shield(self._terminate_graceful_close()))  # type: ignore[attr-defined] # noqa: E501
    ~~~~~~~~~~~^^^^^^^^^^^^^^^^^^^^^^^^^^^^^^^^^^^^^^^^^^^^^^^^^^
  File "/home/farrukh/Frontend/p2p/backend/.venv/lib64/python3.14/site-packages/sqlalchemy/util/_concurrency_py3k.py", line 132, in await_only
    return current.parent.switch(awaitable)  # type: ignore[no-any-return,attr-defined] # noqa: E501
           ~~~~~~~~~~~~~~~~~~~~~^^^^^^^^^^^
  File "/home/farrukh/Frontend/p2p/backend/.venv/lib64/python3.14/site-packages/sqlalchemy/util/_concurrency_py3k.py", line 196, in greenlet_spawn
    value = await result
            ^^^^^^^^^^^^
  File "/home/farrukh/Frontend/p2p/backend/.venv/lib64/python3.14/site-packages/sqlalchemy/dialects/postgresql/asyncpg.py", line 912, in _terminate_graceful_close
    await self._connection.close(timeout=2)
  File "/home/farrukh/Frontend/p2p/backend/.venv/lib64/python3.14/site-packages/asyncpg/connection.py", line 1513, in close
    await self._protocol.close(timeout)
  File "asyncpg/protocol/protocol.pyx", line 617, in close
    self._request_cancel()
  File "asyncpg/protocol/protocol.pyx", line 650, in asyncpg.protocol.protocol.BaseProtocol._request_cancel
    con._cancel_current_command(self.cancel_sent_waiter)
  File "/home/farrukh/Frontend/p2p/backend/.venv/lib64/python3.14/site-packages/asyncpg/connection.py", line 1682, in _cancel_current_command
    self._cancellations.add(self._loop.create_task(self._cancel(waiter)))
                            ~~~~~~~~~~~~~~~~~~~~~~^^^^^^^^^^^^^^^^^^^^^^
  File "/usr/lib64/python3.14/asyncio/base_events.py", line 466, in create_task
    self._check_closed()
    ~~~~~~~~~~~~~~~~~~^^
  File "/usr/lib64/python3.14/asyncio/base_events.py", line 550, in _check_closed
    raise RuntimeError('Event loop is closed')
RuntimeError: Event loop is closed
[2026-06-14 11:45:56,008: ERROR/ForkPoolWorker-16] Exception terminating connection <AdaptedConnection <asyncpg.connection.Connection object at 0x7f04e10fd400>>
Traceback (most recent call last):
  File "/home/farrukh/Frontend/p2p/backend/.venv/lib64/python3.14/site-packages/sqlalchemy/pool/base.py", line 373, in _close_connection
    self._dialect.do_terminate(connection)
    ~~~~~~~~~~~~~~~~~~~~~~~~~~^^^^^^^^^^^^
  File "/home/farrukh/Frontend/p2p/backend/.venv/lib64/python3.14/site-packages/sqlalchemy/dialects/postgresql/asyncpg.py", line 1131, in do_terminate
    dbapi_connection.terminate()
    ~~~~~~~~~~~~~~~~~~~~~~~~~~^^
  File "/home/farrukh/Frontend/p2p/backend/.venv/lib64/python3.14/site-packages/sqlalchemy/connectors/asyncio.py", line 402, in terminate
    self.await_(asyncio.shield(self._terminate_graceful_close()))  # type: ignore[attr-defined] # noqa: E501
    ~~~~~~~~~~~^^^^^^^^^^^^^^^^^^^^^^^^^^^^^^^^^^^^^^^^^^^^^^^^^^
  File "/home/farrukh/Frontend/p2p/backend/.venv/lib64/python3.14/site-packages/sqlalchemy/util/_concurrency_py3k.py", line 132, in await_only
    return current.parent.switch(awaitable)  # type: ignore[no-any-return,attr-defined] # noqa: E501
           ~~~~~~~~~~~~~~~~~~~~~^^^^^^^^^^^
  File "/home/farrukh/Frontend/p2p/backend/.venv/lib64/python3.14/site-packages/sqlalchemy/util/_concurrency_py3k.py", line 196, in greenlet_spawn
    value = await result
            ^^^^^^^^^^^^
  File "/home/farrukh/Frontend/p2p/backend/.venv/lib64/python3.14/site-packages/sqlalchemy/dialects/postgresql/asyncpg.py", line 912, in _terminate_graceful_close
    await self._connection.close(timeout=2)
  File "/home/farrukh/Frontend/p2p/backend/.venv/lib64/python3.14/site-packages/asyncpg/connection.py", line 1513, in close
    await self._protocol.close(timeout)
  File "asyncpg/protocol/protocol.pyx", line 617, in close
    self._request_cancel()
  File "asyncpg/protocol/protocol.pyx", line 650, in asyncpg.protocol.protocol.BaseProtocol._request_cancel
    con._cancel_current_command(self.cancel_sent_waiter)
  File "/home/farrukh/Frontend/p2p/backend/.venv/lib64/python3.14/site-packages/asyncpg/connection.py", line 1682, in _cancel_current_command
    self._cancellations.add(self._loop.create_task(self._cancel(waiter)))
                            ~~~~~~~~~~~~~~~~~~~~~~^^^^^^^^^^^^^^^^^^^^^^
  File "/usr/lib64/python3.14/asyncio/base_events.py", line 466, in create_task
    self._check_closed()
    ~~~~~~~~~~~~~~~~~~^^
  File "/usr/lib64/python3.14/asyncio/base_events.py", line 550, in _check_closed
    raise RuntimeError('Event loop is closed')
RuntimeError: Event loop is closed
[2026-06-14 11:45:56,024: ERROR/ForkPoolWorker-16] Task app.tasks.slot_tasks.send_slot_reminders[ed5b2b76-0b16-4cb9-8a16-bcb4ec67f3ea] raised unexpected: RuntimeError("Task <Task pending name='Task-136' coro=<_send_slot_reminders() running at /home/farrukh/Frontend/p2p/backend/app/tasks/slot_tasks.py:35> cb=[_run_until_complete_cb() at /usr/lib64/python3.14/asyncio/base_events.py:181]> got Future <Future pending cb=[BaseProtocol._on_waiter_completed()]> attached to a different loop")
Traceback (most recent call last):
  File "/home/farrukh/Frontend/p2p/backend/.venv/lib64/python3.14/site-packages/celery/app/trace.py", line 585, in trace_task
    R = retval = fun(*args, **kwargs)
                 ~~~^^^^^^^^^^^^^^^^^
  File "/home/farrukh/Frontend/p2p/backend/.venv/lib64/python3.14/site-packages/celery/app/trace.py", line 858, in __protected_call__
    return self.run(*args, **kwargs)
           ~~~~~~~~^^^^^^^^^^^^^^^^^
  File "/home/farrukh/Frontend/p2p/backend/app/tasks/slot_tasks.py", line 20, in send_slot_reminders
    return asyncio.run(_send_slot_reminders())
           ~~~~~~~~~~~^^^^^^^^^^^^^^^^^^^^^^^^
  File "/usr/lib64/python3.14/asyncio/runners.py", line 204, in run
    return runner.run(main)
           ~~~~~~~~~~^^^^^^
  File "/usr/lib64/python3.14/asyncio/runners.py", line 127, in run
    return self._loop.run_until_complete(task)
           ~~~~~~~~~~~~~~~~~~~~~~~~~~~~~^^^^^^
  File "/usr/lib64/python3.14/asyncio/base_events.py", line 719, in run_until_complete
    return future.result()
           ~~~~~~~~~~~~~^^
  File "/home/farrukh/Frontend/p2p/backend/app/tasks/slot_tasks.py", line 35, in _send_slot_reminders
    slots = (await db.execute(stmt)).scalars().all()
             ^^^^^^^^^^^^^^^^^^^^^^
  File "/home/farrukh/Frontend/p2p/backend/.venv/lib64/python3.14/site-packages/sqlalchemy/ext/asyncio/session.py", line 448, in execute
    result = await greenlet_spawn(
             ^^^^^^^^^^^^^^^^^^^^^
    ...<6 lines>...
    )
    ^
  File "/home/farrukh/Frontend/p2p/backend/.venv/lib64/python3.14/site-packages/sqlalchemy/util/_concurrency_py3k.py", line 201, in greenlet_spawn
    result = context.throw(*sys.exc_info())
  File "/home/farrukh/Frontend/p2p/backend/.venv/lib64/python3.14/site-packages/sqlalchemy/orm/session.py", line 2372, in execute
    return self._execute_internal(
           ~~~~~~~~~~~~~~~~~~~~~~^
        statement,
        ^^^^^^^^^^
    ...<4 lines>...
        _add_event=_add_event,
        ^^^^^^^^^^^^^^^^^^^^^^
    )
    ^
  File "/home/farrukh/Frontend/p2p/backend/.venv/lib64/python3.14/site-packages/sqlalchemy/orm/session.py", line 2260, in _execute_internal
    conn = self._connection_for_bind(bind)
  File "/home/farrukh/Frontend/p2p/backend/.venv/lib64/python3.14/site-packages/sqlalchemy/orm/session.py", line 2112, in _connection_for_bind
    return trans._connection_for_bind(engine, execution_options)
           ~~~~~~~~~~~~~~~~~~~~~~~~~~^^^^^^^^^^^^^^^^^^^^^^^^^^^
  File "<string>", line 2, in _connection_for_bind
  File "/home/farrukh/Frontend/p2p/backend/.venv/lib64/python3.14/site-packages/sqlalchemy/orm/state_changes.py", line 137, in _go
    ret_value = fn(self, *arg, **kw)
  File "/home/farrukh/Frontend/p2p/backend/.venv/lib64/python3.14/site-packages/sqlalchemy/orm/session.py", line 1191, in _connection_for_bind
    conn = bind.connect()
  File "/home/farrukh/Frontend/p2p/backend/.venv/lib64/python3.14/site-packages/sqlalchemy/engine/base.py", line 3295, in connect
    return self._connection_cls(self)
           ~~~~~~~~~~~~~~~~~~~~^^^^^^
  File "/home/farrukh/Frontend/p2p/backend/.venv/lib64/python3.14/site-packages/sqlalchemy/engine/base.py", line 144, in __init__
    self._dbapi_connection = engine.raw_connection()
                             ~~~~~~~~~~~~~~~~~~~~~^^
  File "/home/farrukh/Frontend/p2p/backend/.venv/lib64/python3.14/site-packages/sqlalchemy/engine/base.py", line 3319, in raw_connection
    return self.pool.connect()
           ~~~~~~~~~~~~~~~~~^^
  File "/home/farrukh/Frontend/p2p/backend/.venv/lib64/python3.14/site-packages/sqlalchemy/pool/base.py", line 448, in connect
    return _ConnectionFairy._checkout(self)
           ~~~~~~~~~~~~~~~~~~~~~~~~~~^^^^^^
  File "/home/farrukh/Frontend/p2p/backend/.venv/lib64/python3.14/site-packages/sqlalchemy/pool/base.py", line 1371, in _checkout
    with util.safe_reraise():
         ~~~~~~~~~~~~~~~~~^^
  File "/home/farrukh/Frontend/p2p/backend/.venv/lib64/python3.14/site-packages/sqlalchemy/util/langhelpers.py", line 122, in __exit__
    raise exc_value.with_traceback(exc_tb)
  File "/home/farrukh/Frontend/p2p/backend/.venv/lib64/python3.14/site-packages/sqlalchemy/pool/base.py", line 1309, in _checkout
    result = pool._dialect._do_ping_w_event(
        fairy.dbapi_connection
    )
  File "/home/farrukh/Frontend/p2p/backend/.venv/lib64/python3.14/site-packages/sqlalchemy/engine/default.py", line 729, in _do_ping_w_event
    return self.do_ping(dbapi_connection)
           ~~~~~~~~~~~~^^^^^^^^^^^^^^^^^^
  File "/home/farrukh/Frontend/p2p/backend/.venv/lib64/python3.14/site-packages/sqlalchemy/dialects/postgresql/asyncpg.py", line 1164, in do_ping
    dbapi_connection.ping()
    ~~~~~~~~~~~~~~~~~~~~~^^
  File "/home/farrukh/Frontend/p2p/backend/.venv/lib64/python3.14/site-packages/sqlalchemy/dialects/postgresql/asyncpg.py", line 818, in ping
    self._handle_exception(error)
    ~~~~~~~~~~~~~~~~~~~~~~^^^^^^^
  File "/home/farrukh/Frontend/p2p/backend/.venv/lib64/python3.14/site-packages/sqlalchemy/dialects/postgresql/asyncpg.py", line 799, in _handle_exception
    raise error
  File "/home/farrukh/Frontend/p2p/backend/.venv/lib64/python3.14/site-packages/sqlalchemy/dialects/postgresql/asyncpg.py", line 816, in ping
    _ = self.await_(self._async_ping())
  File "/home/farrukh/Frontend/p2p/backend/.venv/lib64/python3.14/site-packages/sqlalchemy/util/_concurrency_py3k.py", line 132, in await_only
    return current.parent.switch(awaitable)  # type: ignore[no-any-return,attr-defined] # noqa: E501
           ~~~~~~~~~~~~~~~~~~~~~^^^^^^^^^^^
  File "/home/farrukh/Frontend/p2p/backend/.venv/lib64/python3.14/site-packages/sqlalchemy/util/_concurrency_py3k.py", line 196, in greenlet_spawn
    value = await result
            ^^^^^^^^^^^^
  File "/home/farrukh/Frontend/p2p/backend/.venv/lib64/python3.14/site-packages/sqlalchemy/dialects/postgresql/asyncpg.py", line 825, in _async_ping
    await tr.start()
  File "/home/farrukh/Frontend/p2p/backend/.venv/lib64/python3.14/site-packages/asyncpg/transaction.py", line 146, in start
    await self._connection.execute(query)
  File "/home/farrukh/Frontend/p2p/backend/.venv/lib64/python3.14/site-packages/asyncpg/connection.py", line 354, in execute
    result = await self._protocol.query(query, timeout)
             ^^^^^^^^^^^^^^^^^^^^^^^^^^^^^^^^^^^^^^^^^^
  File "asyncpg/protocol/protocol.pyx", line 369, in query
    return await waiter
RuntimeError: Task <Task pending name='Task-136' coro=<_send_slot_reminders() running at /home/farrukh/Frontend/p2p/backend/app/tasks/slot_tasks.py:35> cb=[_run_until_complete_cb() at /usr/lib64/python3.14/asyncio/base_events.py:181]> got Future <Future pending cb=[BaseProtocol._on_waiter_completed()]> attached to a different loop
[2026-06-14 11:45:56,028: ERROR/ForkPoolWorker-15] Task app.tasks.slot_tasks.check_absences[a95a31be-f80a-4b63-bb0c-faf20f047361] raised unexpected: RuntimeError("Task <Task pending name='Task-136' coro=<_check_absences() running at /home/farrukh/Frontend/p2p/backend/app/tasks/slot_tasks.py:70> cb=[_run_until_complete_cb() at /usr/lib64/python3.14/asyncio/base_events.py:181]> got Future <Future pending cb=[BaseProtocol._on_waiter_completed()]> attached to a different loop")
Traceback (most recent call last):
  File "/home/farrukh/Frontend/p2p/backend/.venv/lib64/python3.14/site-packages/celery/app/trace.py", line 585, in trace_task
    R = retval = fun(*args, **kwargs)
                 ~~~^^^^^^^^^^^^^^^^^
  File "/home/farrukh/Frontend/p2p/backend/.venv/lib64/python3.14/site-packages/celery/app/trace.py", line 858, in __protected_call__
    return self.run(*args, **kwargs)
           ~~~~~~~~^^^^^^^^^^^^^^^^^
  File "/home/farrukh/Frontend/p2p/backend/app/tasks/slot_tasks.py", line 58, in check_absences
    return asyncio.run(_check_absences())
           ~~~~~~~~~~~^^^^^^^^^^^^^^^^^^^
  File "/usr/lib64/python3.14/asyncio/runners.py", line 204, in run
    return runner.run(main)
           ~~~~~~~~~~^^^^^^
  File "/usr/lib64/python3.14/asyncio/runners.py", line 127, in run
    return self._loop.run_until_complete(task)
           ~~~~~~~~~~~~~~~~~~~~~~~~~~~~~^^^^^^
  File "/usr/lib64/python3.14/asyncio/base_events.py", line 719, in run_until_complete
    return future.result()
           ~~~~~~~~~~~~~^^
  File "/home/farrukh/Frontend/p2p/backend/app/tasks/slot_tasks.py", line 70, in _check_absences
    slots = (await db.execute(stmt)).scalars().all()
             ^^^^^^^^^^^^^^^^^^^^^^
  File "/home/farrukh/Frontend/p2p/backend/.venv/lib64/python3.14/site-packages/sqlalchemy/ext/asyncio/session.py", line 448, in execute
    result = await greenlet_spawn(
             ^^^^^^^^^^^^^^^^^^^^^
    ...<6 lines>...
    )
    ^
  File "/home/farrukh/Frontend/p2p/backend/.venv/lib64/python3.14/site-packages/sqlalchemy/util/_concurrency_py3k.py", line 201, in greenlet_spawn
    result = context.throw(*sys.exc_info())
  File "/home/farrukh/Frontend/p2p/backend/.venv/lib64/python3.14/site-packages/sqlalchemy/orm/session.py", line 2372, in execute
    return self._execute_internal(
           ~~~~~~~~~~~~~~~~~~~~~~^
        statement,
        ^^^^^^^^^^
    ...<4 lines>...
        _add_event=_add_event,
        ^^^^^^^^^^^^^^^^^^^^^^
    )
    ^
  File "/home/farrukh/Frontend/p2p/backend/.venv/lib64/python3.14/site-packages/sqlalchemy/orm/session.py", line 2260, in _execute_internal
    conn = self._connection_for_bind(bind)
  File "/home/farrukh/Frontend/p2p/backend/.venv/lib64/python3.14/site-packages/sqlalchemy/orm/session.py", line 2112, in _connection_for_bind
    return trans._connection_for_bind(engine, execution_options)
           ~~~~~~~~~~~~~~~~~~~~~~~~~~^^^^^^^^^^^^^^^^^^^^^^^^^^^
  File "<string>", line 2, in _connection_for_bind
  File "/home/farrukh/Frontend/p2p/backend/.venv/lib64/python3.14/site-packages/sqlalchemy/orm/state_changes.py", line 137, in _go
    ret_value = fn(self, *arg, **kw)
  File "/home/farrukh/Frontend/p2p/backend/.venv/lib64/python3.14/site-packages/sqlalchemy/orm/session.py", line 1191, in _connection_for_bind
    conn = bind.connect()
  File "/home/farrukh/Frontend/p2p/backend/.venv/lib64/python3.14/site-packages/sqlalchemy/engine/base.py", line 3295, in connect
    return self._connection_cls(self)
           ~~~~~~~~~~~~~~~~~~~~^^^^^^
  File "/home/farrukh/Frontend/p2p/backend/.venv/lib64/python3.14/site-packages/sqlalchemy/engine/base.py", line 144, in __init__
    self._dbapi_connection = engine.raw_connection()
                             ~~~~~~~~~~~~~~~~~~~~~^^
  File "/home/farrukh/Frontend/p2p/backend/.venv/lib64/python3.14/site-packages/sqlalchemy/engine/base.py", line 3319, in raw_connection
    return self.pool.connect()
           ~~~~~~~~~~~~~~~~~^^
  File "/home/farrukh/Frontend/p2p/backend/.venv/lib64/python3.14/site-packages/sqlalchemy/pool/base.py", line 448, in connect
    return _ConnectionFairy._checkout(self)
           ~~~~~~~~~~~~~~~~~~~~~~~~~~^^^^^^
  File "/home/farrukh/Frontend/p2p/backend/.venv/lib64/python3.14/site-packages/sqlalchemy/pool/base.py", line 1371, in _checkout
    with util.safe_reraise():
         ~~~~~~~~~~~~~~~~~^^
  File "/home/farrukh/Frontend/p2p/backend/.venv/lib64/python3.14/site-packages/sqlalchemy/util/langhelpers.py", line 122, in __exit__
    raise exc_value.with_traceback(exc_tb)
  File "/home/farrukh/Frontend/p2p/backend/.venv/lib64/python3.14/site-packages/sqlalchemy/pool/base.py", line 1309, in _checkout
    result = pool._dialect._do_ping_w_event(
        fairy.dbapi_connection
    )
  File "/home/farrukh/Frontend/p2p/backend/.venv/lib64/python3.14/site-packages/sqlalchemy/engine/default.py", line 729, in _do_ping_w_event
    return self.do_ping(dbapi_connection)
           ~~~~~~~~~~~~^^^^^^^^^^^^^^^^^^
  File "/home/farrukh/Frontend/p2p/backend/.venv/lib64/python3.14/site-packages/sqlalchemy/dialects/postgresql/asyncpg.py", line 1164, in do_ping
    dbapi_connection.ping()
    ~~~~~~~~~~~~~~~~~~~~~^^
  File "/home/farrukh/Frontend/p2p/backend/.venv/lib64/python3.14/site-packages/sqlalchemy/dialects/postgresql/asyncpg.py", line 818, in ping
    self._handle_exception(error)
    ~~~~~~~~~~~~~~~~~~~~~~^^^^^^^
  File "/home/farrukh/Frontend/p2p/backend/.venv/lib64/python3.14/site-packages/sqlalchemy/dialects/postgresql/asyncpg.py", line 799, in _handle_exception
    raise error
  File "/home/farrukh/Frontend/p2p/backend/.venv/lib64/python3.14/site-packages/sqlalchemy/dialects/postgresql/asyncpg.py", line 816, in ping
    _ = self.await_(self._async_ping())
  File "/home/farrukh/Frontend/p2p/backend/.venv/lib64/python3.14/site-packages/sqlalchemy/util/_concurrency_py3k.py", line 132, in await_only
    return current.parent.switch(awaitable)  # type: ignore[no-any-return,attr-defined] # noqa: E501
           ~~~~~~~~~~~~~~~~~~~~~^^^^^^^^^^^
  File "/home/farrukh/Frontend/p2p/backend/.venv/lib64/python3.14/site-packages/sqlalchemy/util/_concurrency_py3k.py", line 196, in greenlet_spawn
    value = await result
            ^^^^^^^^^^^^
  File "/home/farrukh/Frontend/p2p/backend/.venv/lib64/python3.14/site-packages/sqlalchemy/dialects/postgresql/asyncpg.py", line 825, in _async_ping
    await tr.start()
  File "/home/farrukh/Frontend/p2p/backend/.venv/lib64/python3.14/site-packages/asyncpg/transaction.py", line 146, in start
    await self._connection.execute(query)
  File "/home/farrukh/Frontend/p2p/backend/.venv/lib64/python3.14/site-packages/asyncpg/connection.py", line 354, in execute
    result = await self._protocol.query(query, timeout)
             ^^^^^^^^^^^^^^^^^^^^^^^^^^^^^^^^^^^^^^^^^^
  File "asyncpg/protocol/protocol.pyx", line 369, in query
    return await waiter
RuntimeError: Task <Task pending name='Task-136' coro=<_check_absences() running at /home/farrukh/Frontend/p2p/backend/app/tasks/slot_tasks.py:70> cb=[_run_until_complete_cb() at /usr/lib64/python3.14/asyncio/base_events.py:181]> got Future <Future pending cb=[BaseProtocol._on_waiter_completed()]> attached to a different loop
[2026-06-14 11:46:56,002: INFO/MainProcess] Task app.tasks.slot_tasks.check_absences[24ec0575-bd19-49f2-bc3b-d1c615993a38] received
[2026-06-14 11:46:56,004: INFO/MainProcess] Task app.tasks.slot_tasks.send_slot_reminders[4d6267f5-e173-4f30-a301-e471f8add95d] received
2026-06-14 11:46:56,063 INFO sqlalchemy.engine.Engine BEGIN (implicit)
[2026-06-14 11:46:56,063: INFO/ForkPoolWorker-15] BEGIN (implicit)
2026-06-14 11:46:56,063 INFO sqlalchemy.engine.Engine BEGIN (implicit)
[2026-06-14 11:46:56,063: INFO/ForkPoolWorker-16] BEGIN (implicit)
2026-06-14 11:46:56,064 INFO sqlalchemy.engine.Engine SELECT slots.id, slots.reviewer_id, slots.reviewee_id, slots.reviewer_project, slots.reviewee_project, slots.start_time, slots.end_time, slots.actual_start, slots.actual_end, slots.duration_minutes, slots.status, slots.is_online, slots.campus, slots.reviewer_started, slots.reviewee_started, slots.reviewer_finished, slots.reviewee_finished, slots.absent_by, slots.absent_at, slots.cancelled_by, slots.cancel_reason, slots.created_at, slots.updated_at 
FROM slots 
WHERE slots.status = $1::VARCHAR AND slots.start_time < $2::TIMESTAMP WITH TIME ZONE
[2026-06-14 11:46:56,064: INFO/ForkPoolWorker-15] SELECT slots.id, slots.reviewer_id, slots.reviewee_id, slots.reviewer_project, slots.reviewee_project, slots.start_time, slots.end_time, slots.actual_start, slots.actual_end, slots.duration_minutes, slots.status, slots.is_online, slots.campus, slots.reviewer_started, slots.reviewee_started, slots.reviewer_finished, slots.reviewee_finished, slots.absent_by, slots.absent_at, slots.cancelled_by, slots.cancel_reason, slots.created_at, slots.updated_at 
FROM slots 
WHERE slots.status = $1::VARCHAR AND slots.start_time < $2::TIMESTAMP WITH TIME ZONE
2026-06-14 11:46:56,064 INFO sqlalchemy.engine.Engine SELECT slots.id, slots.reviewer_id, slots.reviewee_id, slots.reviewer_project, slots.reviewee_project, slots.start_time, slots.end_time, slots.actual_start, slots.actual_end, slots.duration_minutes, slots.status, slots.is_online, slots.campus, slots.reviewer_started, slots.reviewee_started, slots.reviewer_finished, slots.reviewee_finished, slots.absent_by, slots.absent_at, slots.cancelled_by, slots.cancel_reason, slots.created_at, slots.updated_at 
FROM slots 
WHERE slots.status = $1::VARCHAR AND slots.start_time >= $2::TIMESTAMP WITH TIME ZONE AND slots.start_time < $3::TIMESTAMP WITH TIME ZONE
[2026-06-14 11:46:56,064: INFO/ForkPoolWorker-16] SELECT slots.id, slots.reviewer_id, slots.reviewee_id, slots.reviewer_project, slots.reviewee_project, slots.start_time, slots.end_time, slots.actual_start, slots.actual_end, slots.duration_minutes, slots.status, slots.is_online, slots.campus, slots.reviewer_started, slots.reviewee_started, slots.reviewer_finished, slots.reviewee_finished, slots.absent_by, slots.absent_at, slots.cancelled_by, slots.cancel_reason, slots.created_at, slots.updated_at 
FROM slots 
WHERE slots.status = $1::VARCHAR AND slots.start_time >= $2::TIMESTAMP WITH TIME ZONE AND slots.start_time < $3::TIMESTAMP WITH TIME ZONE
2026-06-14 11:46:56,064 INFO sqlalchemy.engine.Engine [cached since 1680s ago] ('booked', datetime.datetime(2026, 6, 14, 6, 31, 56, 7131, tzinfo=datetime.timezone.utc))
[2026-06-14 11:46:56,064: INFO/ForkPoolWorker-15] [cached since 1680s ago] ('booked', datetime.datetime(2026, 6, 14, 6, 31, 56, 7131, tzinfo=datetime.timezone.utc))
2026-06-14 11:46:56,064 INFO sqlalchemy.engine.Engine [cached since 1680s ago] ('booked', datetime.datetime(2026, 6, 14, 7, 1, 56, 7389, tzinfo=datetime.timezone.utc), datetime.datetime(2026, 6, 14, 7, 2, 56, 7389, tzinfo=datetime.timezone.utc))
[2026-06-14 11:46:56,064: INFO/ForkPoolWorker-16] [cached since 1680s ago] ('booked', datetime.datetime(2026, 6, 14, 7, 1, 56, 7389, tzinfo=datetime.timezone.utc), datetime.datetime(2026, 6, 14, 7, 2, 56, 7389, tzinfo=datetime.timezone.utc))
2026-06-14 11:46:56,069 INFO sqlalchemy.engine.Engine ROLLBACK
2026-06-14 11:46:56,069 INFO sqlalchemy.engine.Engine COMMIT
[2026-06-14 11:46:56,069: INFO/ForkPoolWorker-15] ROLLBACK
[2026-06-14 11:46:56,069: INFO/ForkPoolWorker-16] COMMIT
[2026-06-14 11:46:56,072: INFO/ForkPoolWorker-15] Task app.tasks.slot_tasks.check_absences[24ec0575-bd19-49f2-bc3b-d1c615993a38] succeeded in 0.06699673799994343s: 0
[2026-06-14 11:46:56,072: INFO/ForkPoolWorker-16] Task app.tasks.slot_tasks.send_slot_reminders[4d6267f5-e173-4f30-a301-e471f8add95d] succeeded in 0.06691204500020831s: 0
[2026-06-14 11:47:56,001: INFO/MainProcess] Task app.tasks.slot_tasks.check_absences[33831606-dd94-4c9e-8e88-d9a81a7b4a6e] received
[2026-06-14 11:47:56,004: INFO/MainProcess] Task app.tasks.slot_tasks.send_slot_reminders[6e647b19-f999-46a1-9ba4-763e291b009e] received
[2026-06-14 11:47:56,006: ERROR/ForkPoolWorker-15] Exception terminating connection <AdaptedConnection <asyncpg.connection.Connection object at 0x7f04e29746e0>>
Traceback (most recent call last):
  File "/home/farrukh/Frontend/p2p/backend/.venv/lib64/python3.14/site-packages/sqlalchemy/pool/base.py", line 373, in _close_connection
    self._dialect.do_terminate(connection)
    ~~~~~~~~~~~~~~~~~~~~~~~~~~^^^^^^^^^^^^
  File "/home/farrukh/Frontend/p2p/backend/.venv/lib64/python3.14/site-packages/sqlalchemy/dialects/postgresql/asyncpg.py", line 1131, in do_terminate
    dbapi_connection.terminate()
    ~~~~~~~~~~~~~~~~~~~~~~~~~~^^
  File "/home/farrukh/Frontend/p2p/backend/.venv/lib64/python3.14/site-packages/sqlalchemy/connectors/asyncio.py", line 402, in terminate
    self.await_(asyncio.shield(self._terminate_graceful_close()))  # type: ignore[attr-defined] # noqa: E501
    ~~~~~~~~~~~^^^^^^^^^^^^^^^^^^^^^^^^^^^^^^^^^^^^^^^^^^^^^^^^^^
  File "/home/farrukh/Frontend/p2p/backend/.venv/lib64/python3.14/site-packages/sqlalchemy/util/_concurrency_py3k.py", line 132, in await_only
    return current.parent.switch(awaitable)  # type: ignore[no-any-return,attr-defined] # noqa: E501
           ~~~~~~~~~~~~~~~~~~~~~^^^^^^^^^^^
  File "/home/farrukh/Frontend/p2p/backend/.venv/lib64/python3.14/site-packages/sqlalchemy/util/_concurrency_py3k.py", line 196, in greenlet_spawn
    value = await result
            ^^^^^^^^^^^^
  File "/home/farrukh/Frontend/p2p/backend/.venv/lib64/python3.14/site-packages/sqlalchemy/dialects/postgresql/asyncpg.py", line 912, in _terminate_graceful_close
    await self._connection.close(timeout=2)
  File "/home/farrukh/Frontend/p2p/backend/.venv/lib64/python3.14/site-packages/asyncpg/connection.py", line 1513, in close
    await self._protocol.close(timeout)
  File "asyncpg/protocol/protocol.pyx", line 617, in close
    self._request_cancel()
  File "asyncpg/protocol/protocol.pyx", line 650, in asyncpg.protocol.protocol.BaseProtocol._request_cancel
    con._cancel_current_command(self.cancel_sent_waiter)
  File "/home/farrukh/Frontend/p2p/backend/.venv/lib64/python3.14/site-packages/asyncpg/connection.py", line 1682, in _cancel_current_command
    self._cancellations.add(self._loop.create_task(self._cancel(waiter)))
                            ~~~~~~~~~~~~~~~~~~~~~~^^^^^^^^^^^^^^^^^^^^^^
  File "/usr/lib64/python3.14/asyncio/base_events.py", line 466, in create_task
    self._check_closed()
    ~~~~~~~~~~~~~~~~~~^^
  File "/usr/lib64/python3.14/asyncio/base_events.py", line 550, in _check_closed
    raise RuntimeError('Event loop is closed')
RuntimeError: Event loop is closed
[2026-06-14 11:47:56,008: ERROR/ForkPoolWorker-16] Exception terminating connection <AdaptedConnection <asyncpg.connection.Connection object at 0x7f04e10fe210>>
Traceback (most recent call last):
  File "/home/farrukh/Frontend/p2p/backend/.venv/lib64/python3.14/site-packages/sqlalchemy/pool/base.py", line 373, in _close_connection
    self._dialect.do_terminate(connection)
    ~~~~~~~~~~~~~~~~~~~~~~~~~~^^^^^^^^^^^^
  File "/home/farrukh/Frontend/p2p/backend/.venv/lib64/python3.14/site-packages/sqlalchemy/dialects/postgresql/asyncpg.py", line 1131, in do_terminate
    dbapi_connection.terminate()
    ~~~~~~~~~~~~~~~~~~~~~~~~~~^^
  File "/home/farrukh/Frontend/p2p/backend/.venv/lib64/python3.14/site-packages/sqlalchemy/connectors/asyncio.py", line 402, in terminate
    self.await_(asyncio.shield(self._terminate_graceful_close()))  # type: ignore[attr-defined] # noqa: E501
    ~~~~~~~~~~~^^^^^^^^^^^^^^^^^^^^^^^^^^^^^^^^^^^^^^^^^^^^^^^^^^
  File "/home/farrukh/Frontend/p2p/backend/.venv/lib64/python3.14/site-packages/sqlalchemy/util/_concurrency_py3k.py", line 132, in await_only
    return current.parent.switch(awaitable)  # type: ignore[no-any-return,attr-defined] # noqa: E501
           ~~~~~~~~~~~~~~~~~~~~~^^^^^^^^^^^
  File "/home/farrukh/Frontend/p2p/backend/.venv/lib64/python3.14/site-packages/sqlalchemy/util/_concurrency_py3k.py", line 196, in greenlet_spawn
    value = await result
            ^^^^^^^^^^^^
  File "/home/farrukh/Frontend/p2p/backend/.venv/lib64/python3.14/site-packages/sqlalchemy/dialects/postgresql/asyncpg.py", line 912, in _terminate_graceful_close
    await self._connection.close(timeout=2)
  File "/home/farrukh/Frontend/p2p/backend/.venv/lib64/python3.14/site-packages/asyncpg/connection.py", line 1513, in close
    await self._protocol.close(timeout)
  File "asyncpg/protocol/protocol.pyx", line 617, in close
    self._request_cancel()
  File "asyncpg/protocol/protocol.pyx", line 650, in asyncpg.protocol.protocol.BaseProtocol._request_cancel
    con._cancel_current_command(self.cancel_sent_waiter)
  File "/home/farrukh/Frontend/p2p/backend/.venv/lib64/python3.14/site-packages/asyncpg/connection.py", line 1682, in _cancel_current_command
    self._cancellations.add(self._loop.create_task(self._cancel(waiter)))
                            ~~~~~~~~~~~~~~~~~~~~~~^^^^^^^^^^^^^^^^^^^^^^
  File "/usr/lib64/python3.14/asyncio/base_events.py", line 466, in create_task
    self._check_closed()
    ~~~~~~~~~~~~~~~~~~^^
  File "/usr/lib64/python3.14/asyncio/base_events.py", line 550, in _check_closed
    raise RuntimeError('Event loop is closed')
RuntimeError: Event loop is closed
[2026-06-14 11:47:56,021: ERROR/ForkPoolWorker-15] Task app.tasks.slot_tasks.check_absences[33831606-dd94-4c9e-8e88-d9a81a7b4a6e] raised unexpected: RuntimeError("Task <Task pending name='Task-146' coro=<_check_absences() running at /home/farrukh/Frontend/p2p/backend/app/tasks/slot_tasks.py:70> cb=[_run_until_complete_cb() at /usr/lib64/python3.14/asyncio/base_events.py:181]> got Future <Future pending cb=[BaseProtocol._on_waiter_completed()]> attached to a different loop")
Traceback (most recent call last):
  File "/home/farrukh/Frontend/p2p/backend/.venv/lib64/python3.14/site-packages/celery/app/trace.py", line 585, in trace_task
    R = retval = fun(*args, **kwargs)
                 ~~~^^^^^^^^^^^^^^^^^
  File "/home/farrukh/Frontend/p2p/backend/.venv/lib64/python3.14/site-packages/celery/app/trace.py", line 858, in __protected_call__
    return self.run(*args, **kwargs)
           ~~~~~~~~^^^^^^^^^^^^^^^^^
  File "/home/farrukh/Frontend/p2p/backend/app/tasks/slot_tasks.py", line 58, in check_absences
    return asyncio.run(_check_absences())
           ~~~~~~~~~~~^^^^^^^^^^^^^^^^^^^
  File "/usr/lib64/python3.14/asyncio/runners.py", line 204, in run
    return runner.run(main)
           ~~~~~~~~~~^^^^^^
  File "/usr/lib64/python3.14/asyncio/runners.py", line 127, in run
    return self._loop.run_until_complete(task)
           ~~~~~~~~~~~~~~~~~~~~~~~~~~~~~^^^^^^
  File "/usr/lib64/python3.14/asyncio/base_events.py", line 719, in run_until_complete
    return future.result()
           ~~~~~~~~~~~~~^^
  File "/home/farrukh/Frontend/p2p/backend/app/tasks/slot_tasks.py", line 70, in _check_absences
    slots = (await db.execute(stmt)).scalars().all()
             ^^^^^^^^^^^^^^^^^^^^^^
  File "/home/farrukh/Frontend/p2p/backend/.venv/lib64/python3.14/site-packages/sqlalchemy/ext/asyncio/session.py", line 448, in execute
    result = await greenlet_spawn(
             ^^^^^^^^^^^^^^^^^^^^^
    ...<6 lines>...
    )
    ^
  File "/home/farrukh/Frontend/p2p/backend/.venv/lib64/python3.14/site-packages/sqlalchemy/util/_concurrency_py3k.py", line 201, in greenlet_spawn
    result = context.throw(*sys.exc_info())
  File "/home/farrukh/Frontend/p2p/backend/.venv/lib64/python3.14/site-packages/sqlalchemy/orm/session.py", line 2372, in execute
    return self._execute_internal(
           ~~~~~~~~~~~~~~~~~~~~~~^
        statement,
        ^^^^^^^^^^
    ...<4 lines>...
        _add_event=_add_event,
        ^^^^^^^^^^^^^^^^^^^^^^
    )
    ^
  File "/home/farrukh/Frontend/p2p/backend/.venv/lib64/python3.14/site-packages/sqlalchemy/orm/session.py", line 2260, in _execute_internal
    conn = self._connection_for_bind(bind)
  File "/home/farrukh/Frontend/p2p/backend/.venv/lib64/python3.14/site-packages/sqlalchemy/orm/session.py", line 2112, in _connection_for_bind
    return trans._connection_for_bind(engine, execution_options)
           ~~~~~~~~~~~~~~~~~~~~~~~~~~^^^^^^^^^^^^^^^^^^^^^^^^^^^
  File "<string>", line 2, in _connection_for_bind
  File "/home/farrukh/Frontend/p2p/backend/.venv/lib64/python3.14/site-packages/sqlalchemy/orm/state_changes.py", line 137, in _go
    ret_value = fn(self, *arg, **kw)
  File "/home/farrukh/Frontend/p2p/backend/.venv/lib64/python3.14/site-packages/sqlalchemy/orm/session.py", line 1191, in _connection_for_bind
    conn = bind.connect()
  File "/home/farrukh/Frontend/p2p/backend/.venv/lib64/python3.14/site-packages/sqlalchemy/engine/base.py", line 3295, in connect
    return self._connection_cls(self)
           ~~~~~~~~~~~~~~~~~~~~^^^^^^
  File "/home/farrukh/Frontend/p2p/backend/.venv/lib64/python3.14/site-packages/sqlalchemy/engine/base.py", line 144, in __init__
    self._dbapi_connection = engine.raw_connection()
                             ~~~~~~~~~~~~~~~~~~~~~^^
  File "/home/farrukh/Frontend/p2p/backend/.venv/lib64/python3.14/site-packages/sqlalchemy/engine/base.py", line 3319, in raw_connection
    return self.pool.connect()
           ~~~~~~~~~~~~~~~~~^^
  File "/home/farrukh/Frontend/p2p/backend/.venv/lib64/python3.14/site-packages/sqlalchemy/pool/base.py", line 448, in connect
    return _ConnectionFairy._checkout(self)
           ~~~~~~~~~~~~~~~~~~~~~~~~~~^^^^^^
  File "/home/farrukh/Frontend/p2p/backend/.venv/lib64/python3.14/site-packages/sqlalchemy/pool/base.py", line 1371, in _checkout
    with util.safe_reraise():
         ~~~~~~~~~~~~~~~~~^^
  File "/home/farrukh/Frontend/p2p/backend/.venv/lib64/python3.14/site-packages/sqlalchemy/util/langhelpers.py", line 122, in __exit__
    raise exc_value.with_traceback(exc_tb)
  File "/home/farrukh/Frontend/p2p/backend/.venv/lib64/python3.14/site-packages/sqlalchemy/pool/base.py", line 1309, in _checkout
    result = pool._dialect._do_ping_w_event(
        fairy.dbapi_connection
    )
  File "/home/farrukh/Frontend/p2p/backend/.venv/lib64/python3.14/site-packages/sqlalchemy/engine/default.py", line 729, in _do_ping_w_event
    return self.do_ping(dbapi_connection)
           ~~~~~~~~~~~~^^^^^^^^^^^^^^^^^^
  File "/home/farrukh/Frontend/p2p/backend/.venv/lib64/python3.14/site-packages/sqlalchemy/dialects/postgresql/asyncpg.py", line 1164, in do_ping
    dbapi_connection.ping()
    ~~~~~~~~~~~~~~~~~~~~~^^
  File "/home/farrukh/Frontend/p2p/backend/.venv/lib64/python3.14/site-packages/sqlalchemy/dialects/postgresql/asyncpg.py", line 818, in ping
    self._handle_exception(error)
    ~~~~~~~~~~~~~~~~~~~~~~^^^^^^^
  File "/home/farrukh/Frontend/p2p/backend/.venv/lib64/python3.14/site-packages/sqlalchemy/dialects/postgresql/asyncpg.py", line 799, in _handle_exception
    raise error
  File "/home/farrukh/Frontend/p2p/backend/.venv/lib64/python3.14/site-packages/sqlalchemy/dialects/postgresql/asyncpg.py", line 816, in ping
    _ = self.await_(self._async_ping())
  File "/home/farrukh/Frontend/p2p/backend/.venv/lib64/python3.14/site-packages/sqlalchemy/util/_concurrency_py3k.py", line 132, in await_only
    return current.parent.switch(awaitable)  # type: ignore[no-any-return,attr-defined] # noqa: E501
           ~~~~~~~~~~~~~~~~~~~~~^^^^^^^^^^^
  File "/home/farrukh/Frontend/p2p/backend/.venv/lib64/python3.14/site-packages/sqlalchemy/util/_concurrency_py3k.py", line 196, in greenlet_spawn
    value = await result
            ^^^^^^^^^^^^
  File "/home/farrukh/Frontend/p2p/backend/.venv/lib64/python3.14/site-packages/sqlalchemy/dialects/postgresql/asyncpg.py", line 825, in _async_ping
    await tr.start()
  File "/home/farrukh/Frontend/p2p/backend/.venv/lib64/python3.14/site-packages/asyncpg/transaction.py", line 146, in start
    await self._connection.execute(query)
  File "/home/farrukh/Frontend/p2p/backend/.venv/lib64/python3.14/site-packages/asyncpg/connection.py", line 354, in execute
    result = await self._protocol.query(query, timeout)
             ^^^^^^^^^^^^^^^^^^^^^^^^^^^^^^^^^^^^^^^^^^
  File "asyncpg/protocol/protocol.pyx", line 369, in query
    return await waiter
RuntimeError: Task <Task pending name='Task-146' coro=<_check_absences() running at /home/farrukh/Frontend/p2p/backend/app/tasks/slot_tasks.py:70> cb=[_run_until_complete_cb() at /usr/lib64/python3.14/asyncio/base_events.py:181]> got Future <Future pending cb=[BaseProtocol._on_waiter_completed()]> attached to a different loop
[2026-06-14 11:47:56,027: ERROR/ForkPoolWorker-16] Task app.tasks.slot_tasks.send_slot_reminders[6e647b19-f999-46a1-9ba4-763e291b009e] raised unexpected: RuntimeError("Task <Task pending name='Task-146' coro=<_send_slot_reminders() running at /home/farrukh/Frontend/p2p/backend/app/tasks/slot_tasks.py:35> cb=[_run_until_complete_cb() at /usr/lib64/python3.14/asyncio/base_events.py:181]> got Future <Future pending cb=[BaseProtocol._on_waiter_completed()]> attached to a different loop")
Traceback (most recent call last):
  File "/home/farrukh/Frontend/p2p/backend/.venv/lib64/python3.14/site-packages/celery/app/trace.py", line 585, in trace_task
    R = retval = fun(*args, **kwargs)
                 ~~~^^^^^^^^^^^^^^^^^
  File "/home/farrukh/Frontend/p2p/backend/.venv/lib64/python3.14/site-packages/celery/app/trace.py", line 858, in __protected_call__
    return self.run(*args, **kwargs)
           ~~~~~~~~^^^^^^^^^^^^^^^^^
  File "/home/farrukh/Frontend/p2p/backend/app/tasks/slot_tasks.py", line 20, in send_slot_reminders
    return asyncio.run(_send_slot_reminders())
           ~~~~~~~~~~~^^^^^^^^^^^^^^^^^^^^^^^^
  File "/usr/lib64/python3.14/asyncio/runners.py", line 204, in run
    return runner.run(main)
           ~~~~~~~~~~^^^^^^
  File "/usr/lib64/python3.14/asyncio/runners.py", line 127, in run
    return self._loop.run_until_complete(task)
           ~~~~~~~~~~~~~~~~~~~~~~~~~~~~~^^^^^^
  File "/usr/lib64/python3.14/asyncio/base_events.py", line 719, in run_until_complete
    return future.result()
           ~~~~~~~~~~~~~^^
  File "/home/farrukh/Frontend/p2p/backend/app/tasks/slot_tasks.py", line 35, in _send_slot_reminders
    slots = (await db.execute(stmt)).scalars().all()
             ^^^^^^^^^^^^^^^^^^^^^^
  File "/home/farrukh/Frontend/p2p/backend/.venv/lib64/python3.14/site-packages/sqlalchemy/ext/asyncio/session.py", line 448, in execute
    result = await greenlet_spawn(
             ^^^^^^^^^^^^^^^^^^^^^
    ...<6 lines>...
    )
    ^
  File "/home/farrukh/Frontend/p2p/backend/.venv/lib64/python3.14/site-packages/sqlalchemy/util/_concurrency_py3k.py", line 201, in greenlet_spawn
    result = context.throw(*sys.exc_info())
  File "/home/farrukh/Frontend/p2p/backend/.venv/lib64/python3.14/site-packages/sqlalchemy/orm/session.py", line 2372, in execute
    return self._execute_internal(
           ~~~~~~~~~~~~~~~~~~~~~~^
        statement,
        ^^^^^^^^^^
    ...<4 lines>...
        _add_event=_add_event,
        ^^^^^^^^^^^^^^^^^^^^^^
    )
    ^
  File "/home/farrukh/Frontend/p2p/backend/.venv/lib64/python3.14/site-packages/sqlalchemy/orm/session.py", line 2260, in _execute_internal
    conn = self._connection_for_bind(bind)
  File "/home/farrukh/Frontend/p2p/backend/.venv/lib64/python3.14/site-packages/sqlalchemy/orm/session.py", line 2112, in _connection_for_bind
    return trans._connection_for_bind(engine, execution_options)
           ~~~~~~~~~~~~~~~~~~~~~~~~~~^^^^^^^^^^^^^^^^^^^^^^^^^^^
  File "<string>", line 2, in _connection_for_bind
  File "/home/farrukh/Frontend/p2p/backend/.venv/lib64/python3.14/site-packages/sqlalchemy/orm/state_changes.py", line 137, in _go
    ret_value = fn(self, *arg, **kw)
  File "/home/farrukh/Frontend/p2p/backend/.venv/lib64/python3.14/site-packages/sqlalchemy/orm/session.py", line 1191, in _connection_for_bind
    conn = bind.connect()
  File "/home/farrukh/Frontend/p2p/backend/.venv/lib64/python3.14/site-packages/sqlalchemy/engine/base.py", line 3295, in connect
    return self._connection_cls(self)
           ~~~~~~~~~~~~~~~~~~~~^^^^^^
  File "/home/farrukh/Frontend/p2p/backend/.venv/lib64/python3.14/site-packages/sqlalchemy/engine/base.py", line 144, in __init__
    self._dbapi_connection = engine.raw_connection()
                             ~~~~~~~~~~~~~~~~~~~~~^^
  File "/home/farrukh/Frontend/p2p/backend/.venv/lib64/python3.14/site-packages/sqlalchemy/engine/base.py", line 3319, in raw_connection
    return self.pool.connect()
           ~~~~~~~~~~~~~~~~~^^
  File "/home/farrukh/Frontend/p2p/backend/.venv/lib64/python3.14/site-packages/sqlalchemy/pool/base.py", line 448, in connect
    return _ConnectionFairy._checkout(self)
           ~~~~~~~~~~~~~~~~~~~~~~~~~~^^^^^^
  File "/home/farrukh/Frontend/p2p/backend/.venv/lib64/python3.14/site-packages/sqlalchemy/pool/base.py", line 1371, in _checkout
    with util.safe_reraise():
         ~~~~~~~~~~~~~~~~~^^
  File "/home/farrukh/Frontend/p2p/backend/.venv/lib64/python3.14/site-packages/sqlalchemy/util/langhelpers.py", line 122, in __exit__
    raise exc_value.with_traceback(exc_tb)
  File "/home/farrukh/Frontend/p2p/backend/.venv/lib64/python3.14/site-packages/sqlalchemy/pool/base.py", line 1309, in _checkout
    result = pool._dialect._do_ping_w_event(
        fairy.dbapi_connection
    )
  File "/home/farrukh/Frontend/p2p/backend/.venv/lib64/python3.14/site-packages/sqlalchemy/engine/default.py", line 729, in _do_ping_w_event
    return self.do_ping(dbapi_connection)
           ~~~~~~~~~~~~^^^^^^^^^^^^^^^^^^
  File "/home/farrukh/Frontend/p2p/backend/.venv/lib64/python3.14/site-packages/sqlalchemy/dialects/postgresql/asyncpg.py", line 1164, in do_ping
    dbapi_connection.ping()
    ~~~~~~~~~~~~~~~~~~~~~^^
  File "/home/farrukh/Frontend/p2p/backend/.venv/lib64/python3.14/site-packages/sqlalchemy/dialects/postgresql/asyncpg.py", line 818, in ping
    self._handle_exception(error)
    ~~~~~~~~~~~~~~~~~~~~~~^^^^^^^
  File "/home/farrukh/Frontend/p2p/backend/.venv/lib64/python3.14/site-packages/sqlalchemy/dialects/postgresql/asyncpg.py", line 799, in _handle_exception
    raise error
  File "/home/farrukh/Frontend/p2p/backend/.venv/lib64/python3.14/site-packages/sqlalchemy/dialects/postgresql/asyncpg.py", line 816, in ping
    _ = self.await_(self._async_ping())
  File "/home/farrukh/Frontend/p2p/backend/.venv/lib64/python3.14/site-packages/sqlalchemy/util/_concurrency_py3k.py", line 132, in await_only
    return current.parent.switch(awaitable)  # type: ignore[no-any-return,attr-defined] # noqa: E501
           ~~~~~~~~~~~~~~~~~~~~~^^^^^^^^^^^
  File "/home/farrukh/Frontend/p2p/backend/.venv/lib64/python3.14/site-packages/sqlalchemy/util/_concurrency_py3k.py", line 196, in greenlet_spawn
    value = await result
            ^^^^^^^^^^^^
  File "/home/farrukh/Frontend/p2p/backend/.venv/lib64/python3.14/site-packages/sqlalchemy/dialects/postgresql/asyncpg.py", line 825, in _async_ping
    await tr.start()
  File "/home/farrukh/Frontend/p2p/backend/.venv/lib64/python3.14/site-packages/asyncpg/transaction.py", line 146, in start
    await self._connection.execute(query)
  File "/home/farrukh/Frontend/p2p/backend/.venv/lib64/python3.14/site-packages/asyncpg/connection.py", line 354, in execute
    result = await self._protocol.query(query, timeout)
             ^^^^^^^^^^^^^^^^^^^^^^^^^^^^^^^^^^^^^^^^^^
  File "asyncpg/protocol/protocol.pyx", line 369, in query
    return await waiter
RuntimeError: Task <Task pending name='Task-146' coro=<_send_slot_reminders() running at /home/farrukh/Frontend/p2p/backend/app/tasks/slot_tasks.py:35> cb=[_run_until_complete_cb() at /usr/lib64/python3.14/asyncio/base_events.py:181]> got Future <Future pending cb=[BaseProtocol._on_waiter_completed()]> attached to a different loop
[2026-06-14 11:48:56,002: INFO/MainProcess] Task app.tasks.slot_tasks.check_absences[28d501e5-77b1-4d95-8221-010c3220cceb] received
[2026-06-14 11:48:56,007: INFO/MainProcess] Task app.tasks.slot_tasks.send_slot_reminders[ebd53dd5-0143-4f1a-ba36-1fef15256a6a] received
2026-06-14 11:48:56,065 INFO sqlalchemy.engine.Engine BEGIN (implicit)
[2026-06-14 11:48:56,065: INFO/ForkPoolWorker-15] BEGIN (implicit)
2026-06-14 11:48:56,066 INFO sqlalchemy.engine.Engine SELECT slots.id, slots.reviewer_id, slots.reviewee_id, slots.reviewer_project, slots.reviewee_project, slots.start_time, slots.end_time, slots.actual_start, slots.actual_end, slots.duration_minutes, slots.status, slots.is_online, slots.campus, slots.reviewer_started, slots.reviewee_started, slots.reviewer_finished, slots.reviewee_finished, slots.absent_by, slots.absent_at, slots.cancelled_by, slots.cancel_reason, slots.created_at, slots.updated_at 
FROM slots 
WHERE slots.status = $1::VARCHAR AND slots.start_time < $2::TIMESTAMP WITH TIME ZONE
[2026-06-14 11:48:56,066: INFO/ForkPoolWorker-15] SELECT slots.id, slots.reviewer_id, slots.reviewee_id, slots.reviewer_project, slots.reviewee_project, slots.start_time, slots.end_time, slots.actual_start, slots.actual_end, slots.duration_minutes, slots.status, slots.is_online, slots.campus, slots.reviewer_started, slots.reviewee_started, slots.reviewer_finished, slots.reviewee_finished, slots.absent_by, slots.absent_at, slots.cancelled_by, slots.cancel_reason, slots.created_at, slots.updated_at 
FROM slots 
WHERE slots.status = $1::VARCHAR AND slots.start_time < $2::TIMESTAMP WITH TIME ZONE
2026-06-14 11:48:56,066 INFO sqlalchemy.engine.Engine [cached since 1800s ago] ('booked', datetime.datetime(2026, 6, 14, 6, 33, 56, 5581, tzinfo=datetime.timezone.utc))
[2026-06-14 11:48:56,066: INFO/ForkPoolWorker-15] [cached since 1800s ago] ('booked', datetime.datetime(2026, 6, 14, 6, 33, 56, 5581, tzinfo=datetime.timezone.utc))
2026-06-14 11:48:56,067 INFO sqlalchemy.engine.Engine BEGIN (implicit)
[2026-06-14 11:48:56,067: INFO/ForkPoolWorker-16] BEGIN (implicit)
2026-06-14 11:48:56,068 INFO sqlalchemy.engine.Engine SELECT slots.id, slots.reviewer_id, slots.reviewee_id, slots.reviewer_project, slots.reviewee_project, slots.start_time, slots.end_time, slots.actual_start, slots.actual_end, slots.duration_minutes, slots.status, slots.is_online, slots.campus, slots.reviewer_started, slots.reviewee_started, slots.reviewer_finished, slots.reviewee_finished, slots.absent_by, slots.absent_at, slots.cancelled_by, slots.cancel_reason, slots.created_at, slots.updated_at 
FROM slots 
WHERE slots.status = $1::VARCHAR AND slots.start_time >= $2::TIMESTAMP WITH TIME ZONE AND slots.start_time < $3::TIMESTAMP WITH TIME ZONE
[2026-06-14 11:48:56,068: INFO/ForkPoolWorker-16] SELECT slots.id, slots.reviewer_id, slots.reviewee_id, slots.reviewer_project, slots.reviewee_project, slots.start_time, slots.end_time, slots.actual_start, slots.actual_end, slots.duration_minutes, slots.status, slots.is_online, slots.campus, slots.reviewer_started, slots.reviewee_started, slots.reviewer_finished, slots.reviewee_finished, slots.absent_by, slots.absent_at, slots.cancelled_by, slots.cancel_reason, slots.created_at, slots.updated_at 
FROM slots 
WHERE slots.status = $1::VARCHAR AND slots.start_time >= $2::TIMESTAMP WITH TIME ZONE AND slots.start_time < $3::TIMESTAMP WITH TIME ZONE
2026-06-14 11:48:56,068 INFO sqlalchemy.engine.Engine [cached since 1800s ago] ('booked', datetime.datetime(2026, 6, 14, 7, 3, 56, 10700, tzinfo=datetime.timezone.utc), datetime.datetime(2026, 6, 14, 7, 4, 56, 10700, tzinfo=datetime.timezone.utc))
[2026-06-14 11:48:56,068: INFO/ForkPoolWorker-16] [cached since 1800s ago] ('booked', datetime.datetime(2026, 6, 14, 7, 3, 56, 10700, tzinfo=datetime.timezone.utc), datetime.datetime(2026, 6, 14, 7, 4, 56, 10700, tzinfo=datetime.timezone.utc))
2026-06-14 11:48:56,071 INFO sqlalchemy.engine.Engine ROLLBACK
[2026-06-14 11:48:56,071: INFO/ForkPoolWorker-15] ROLLBACK
2026-06-14 11:48:56,073 INFO sqlalchemy.engine.Engine COMMIT
[2026-06-14 11:48:56,073: INFO/ForkPoolWorker-16] COMMIT
[2026-06-14 11:48:56,074: INFO/ForkPoolWorker-15] Task app.tasks.slot_tasks.check_absences[28d501e5-77b1-4d95-8221-010c3220cceb] succeeded in 0.07117218299936212s: 0
[2026-06-14 11:48:56,076: INFO/ForkPoolWorker-16] Task app.tasks.slot_tasks.send_slot_reminders[ebd53dd5-0143-4f1a-ba36-1fef15256a6a] succeeded in 0.06691079800020816s: 0
[2026-06-14 11:49:56,002: INFO/MainProcess] Task app.tasks.slot_tasks.check_absences[54199472-9602-49f8-beb7-20c27e102364] received
[2026-06-14 11:49:56,007: INFO/MainProcess] Task app.tasks.slot_tasks.send_slot_reminders[ecc7aa59-a074-4327-b655-710b26a8ae18] received
[2026-06-14 11:49:56,006: ERROR/ForkPoolWorker-15] Exception terminating connection <AdaptedConnection <asyncpg.connection.Connection object at 0x7f04e28e1a90>>
Traceback (most recent call last):
  File "/home/farrukh/Frontend/p2p/backend/.venv/lib64/python3.14/site-packages/sqlalchemy/pool/base.py", line 373, in _close_connection
    self._dialect.do_terminate(connection)
    ~~~~~~~~~~~~~~~~~~~~~~~~~~^^^^^^^^^^^^
  File "/home/farrukh/Frontend/p2p/backend/.venv/lib64/python3.14/site-packages/sqlalchemy/dialects/postgresql/asyncpg.py", line 1131, in do_terminate
    dbapi_connection.terminate()
    ~~~~~~~~~~~~~~~~~~~~~~~~~~^^
  File "/home/farrukh/Frontend/p2p/backend/.venv/lib64/python3.14/site-packages/sqlalchemy/connectors/asyncio.py", line 402, in terminate
    self.await_(asyncio.shield(self._terminate_graceful_close()))  # type: ignore[attr-defined] # noqa: E501
    ~~~~~~~~~~~^^^^^^^^^^^^^^^^^^^^^^^^^^^^^^^^^^^^^^^^^^^^^^^^^^
  File "/home/farrukh/Frontend/p2p/backend/.venv/lib64/python3.14/site-packages/sqlalchemy/util/_concurrency_py3k.py", line 132, in await_only
    return current.parent.switch(awaitable)  # type: ignore[no-any-return,attr-defined] # noqa: E501
           ~~~~~~~~~~~~~~~~~~~~~^^^^^^^^^^^
  File "/home/farrukh/Frontend/p2p/backend/.venv/lib64/python3.14/site-packages/sqlalchemy/util/_concurrency_py3k.py", line 196, in greenlet_spawn
    value = await result
            ^^^^^^^^^^^^
  File "/home/farrukh/Frontend/p2p/backend/.venv/lib64/python3.14/site-packages/sqlalchemy/dialects/postgresql/asyncpg.py", line 912, in _terminate_graceful_close
    await self._connection.close(timeout=2)
  File "/home/farrukh/Frontend/p2p/backend/.venv/lib64/python3.14/site-packages/asyncpg/connection.py", line 1513, in close
    await self._protocol.close(timeout)
  File "asyncpg/protocol/protocol.pyx", line 617, in close
    self._request_cancel()
  File "asyncpg/protocol/protocol.pyx", line 650, in asyncpg.protocol.protocol.BaseProtocol._request_cancel
    con._cancel_current_command(self.cancel_sent_waiter)
  File "/home/farrukh/Frontend/p2p/backend/.venv/lib64/python3.14/site-packages/asyncpg/connection.py", line 1682, in _cancel_current_command
    self._cancellations.add(self._loop.create_task(self._cancel(waiter)))
                            ~~~~~~~~~~~~~~~~~~~~~~^^^^^^^^^^^^^^^^^^^^^^
  File "/usr/lib64/python3.14/asyncio/base_events.py", line 466, in create_task
    self._check_closed()
    ~~~~~~~~~~~~~~~~~~^^
  File "/usr/lib64/python3.14/asyncio/base_events.py", line 550, in _check_closed
    raise RuntimeError('Event loop is closed')
RuntimeError: Event loop is closed
[2026-06-14 11:49:56,012: ERROR/ForkPoolWorker-16] Exception terminating connection <AdaptedConnection <asyncpg.connection.Connection object at 0x7f04e2976d50>>
Traceback (most recent call last):
  File "/home/farrukh/Frontend/p2p/backend/.venv/lib64/python3.14/site-packages/sqlalchemy/pool/base.py", line 373, in _close_connection
    self._dialect.do_terminate(connection)
    ~~~~~~~~~~~~~~~~~~~~~~~~~~^^^^^^^^^^^^
  File "/home/farrukh/Frontend/p2p/backend/.venv/lib64/python3.14/site-packages/sqlalchemy/dialects/postgresql/asyncpg.py", line 1131, in do_terminate
    dbapi_connection.terminate()
    ~~~~~~~~~~~~~~~~~~~~~~~~~~^^
  File "/home/farrukh/Frontend/p2p/backend/.venv/lib64/python3.14/site-packages/sqlalchemy/connectors/asyncio.py", line 402, in terminate
    self.await_(asyncio.shield(self._terminate_graceful_close()))  # type: ignore[attr-defined] # noqa: E501
    ~~~~~~~~~~~^^^^^^^^^^^^^^^^^^^^^^^^^^^^^^^^^^^^^^^^^^^^^^^^^^
  File "/home/farrukh/Frontend/p2p/backend/.venv/lib64/python3.14/site-packages/sqlalchemy/util/_concurrency_py3k.py", line 132, in await_only
    return current.parent.switch(awaitable)  # type: ignore[no-any-return,attr-defined] # noqa: E501
           ~~~~~~~~~~~~~~~~~~~~~^^^^^^^^^^^
  File "/home/farrukh/Frontend/p2p/backend/.venv/lib64/python3.14/site-packages/sqlalchemy/util/_concurrency_py3k.py", line 196, in greenlet_spawn
    value = await result
            ^^^^^^^^^^^^
  File "/home/farrukh/Frontend/p2p/backend/.venv/lib64/python3.14/site-packages/sqlalchemy/dialects/postgresql/asyncpg.py", line 912, in _terminate_graceful_close
    await self._connection.close(timeout=2)
  File "/home/farrukh/Frontend/p2p/backend/.venv/lib64/python3.14/site-packages/asyncpg/connection.py", line 1513, in close
    await self._protocol.close(timeout)
  File "asyncpg/protocol/protocol.pyx", line 617, in close
    self._request_cancel()
  File "asyncpg/protocol/protocol.pyx", line 650, in asyncpg.protocol.protocol.BaseProtocol._request_cancel
    con._cancel_current_command(self.cancel_sent_waiter)
  File "/home/farrukh/Frontend/p2p/backend/.venv/lib64/python3.14/site-packages/asyncpg/connection.py", line 1682, in _cancel_current_command
    self._cancellations.add(self._loop.create_task(self._cancel(waiter)))
                            ~~~~~~~~~~~~~~~~~~~~~~^^^^^^^^^^^^^^^^^^^^^^
  File "/usr/lib64/python3.14/asyncio/base_events.py", line 466, in create_task
    self._check_closed()
    ~~~~~~~~~~~~~~~~~~^^
  File "/usr/lib64/python3.14/asyncio/base_events.py", line 550, in _check_closed
    raise RuntimeError('Event loop is closed')
RuntimeError: Event loop is closed
[2026-06-14 11:49:56,026: ERROR/ForkPoolWorker-15] Task app.tasks.slot_tasks.check_absences[54199472-9602-49f8-beb7-20c27e102364] raised unexpected: RuntimeError("Task <Task pending name='Task-156' coro=<_check_absences() running at /home/farrukh/Frontend/p2p/backend/app/tasks/slot_tasks.py:70> cb=[_run_until_complete_cb() at /usr/lib64/python3.14/asyncio/base_events.py:181]> got Future <Future pending cb=[BaseProtocol._on_waiter_completed()]> attached to a different loop")
Traceback (most recent call last):
  File "/home/farrukh/Frontend/p2p/backend/.venv/lib64/python3.14/site-packages/celery/app/trace.py", line 585, in trace_task
    R = retval = fun(*args, **kwargs)
                 ~~~^^^^^^^^^^^^^^^^^
  File "/home/farrukh/Frontend/p2p/backend/.venv/lib64/python3.14/site-packages/celery/app/trace.py", line 858, in __protected_call__
    return self.run(*args, **kwargs)
           ~~~~~~~~^^^^^^^^^^^^^^^^^
  File "/home/farrukh/Frontend/p2p/backend/app/tasks/slot_tasks.py", line 58, in check_absences
    return asyncio.run(_check_absences())
           ~~~~~~~~~~~^^^^^^^^^^^^^^^^^^^
  File "/usr/lib64/python3.14/asyncio/runners.py", line 204, in run
    return runner.run(main)
           ~~~~~~~~~~^^^^^^
  File "/usr/lib64/python3.14/asyncio/runners.py", line 127, in run
    return self._loop.run_until_complete(task)
           ~~~~~~~~~~~~~~~~~~~~~~~~~~~~~^^^^^^
  File "/usr/lib64/python3.14/asyncio/base_events.py", line 719, in run_until_complete
    return future.result()
           ~~~~~~~~~~~~~^^
  File "/home/farrukh/Frontend/p2p/backend/app/tasks/slot_tasks.py", line 70, in _check_absences
    slots = (await db.execute(stmt)).scalars().all()
             ^^^^^^^^^^^^^^^^^^^^^^
  File "/home/farrukh/Frontend/p2p/backend/.venv/lib64/python3.14/site-packages/sqlalchemy/ext/asyncio/session.py", line 448, in execute
    result = await greenlet_spawn(
             ^^^^^^^^^^^^^^^^^^^^^
    ...<6 lines>...
    )
    ^
  File "/home/farrukh/Frontend/p2p/backend/.venv/lib64/python3.14/site-packages/sqlalchemy/util/_concurrency_py3k.py", line 201, in greenlet_spawn
    result = context.throw(*sys.exc_info())
  File "/home/farrukh/Frontend/p2p/backend/.venv/lib64/python3.14/site-packages/sqlalchemy/orm/session.py", line 2372, in execute
    return self._execute_internal(
           ~~~~~~~~~~~~~~~~~~~~~~^
        statement,
        ^^^^^^^^^^
    ...<4 lines>...
        _add_event=_add_event,
        ^^^^^^^^^^^^^^^^^^^^^^
    )
    ^
  File "/home/farrukh/Frontend/p2p/backend/.venv/lib64/python3.14/site-packages/sqlalchemy/orm/session.py", line 2260, in _execute_internal
    conn = self._connection_for_bind(bind)
  File "/home/farrukh/Frontend/p2p/backend/.venv/lib64/python3.14/site-packages/sqlalchemy/orm/session.py", line 2112, in _connection_for_bind
    return trans._connection_for_bind(engine, execution_options)
           ~~~~~~~~~~~~~~~~~~~~~~~~~~^^^^^^^^^^^^^^^^^^^^^^^^^^^
  File "<string>", line 2, in _connection_for_bind
  File "/home/farrukh/Frontend/p2p/backend/.venv/lib64/python3.14/site-packages/sqlalchemy/orm/state_changes.py", line 137, in _go
    ret_value = fn(self, *arg, **kw)
  File "/home/farrukh/Frontend/p2p/backend/.venv/lib64/python3.14/site-packages/sqlalchemy/orm/session.py", line 1191, in _connection_for_bind
    conn = bind.connect()
  File "/home/farrukh/Frontend/p2p/backend/.venv/lib64/python3.14/site-packages/sqlalchemy/engine/base.py", line 3295, in connect
    return self._connection_cls(self)
           ~~~~~~~~~~~~~~~~~~~~^^^^^^
  File "/home/farrukh/Frontend/p2p/backend/.venv/lib64/python3.14/site-packages/sqlalchemy/engine/base.py", line 144, in __init__
    self._dbapi_connection = engine.raw_connection()
                             ~~~~~~~~~~~~~~~~~~~~~^^
  File "/home/farrukh/Frontend/p2p/backend/.venv/lib64/python3.14/site-packages/sqlalchemy/engine/base.py", line 3319, in raw_connection
    return self.pool.connect()
           ~~~~~~~~~~~~~~~~~^^
  File "/home/farrukh/Frontend/p2p/backend/.venv/lib64/python3.14/site-packages/sqlalchemy/pool/base.py", line 448, in connect
    return _ConnectionFairy._checkout(self)
           ~~~~~~~~~~~~~~~~~~~~~~~~~~^^^^^^
  File "/home/farrukh/Frontend/p2p/backend/.venv/lib64/python3.14/site-packages/sqlalchemy/pool/base.py", line 1371, in _checkout
    with util.safe_reraise():
         ~~~~~~~~~~~~~~~~~^^
  File "/home/farrukh/Frontend/p2p/backend/.venv/lib64/python3.14/site-packages/sqlalchemy/util/langhelpers.py", line 122, in __exit__
    raise exc_value.with_traceback(exc_tb)
  File "/home/farrukh/Frontend/p2p/backend/.venv/lib64/python3.14/site-packages/sqlalchemy/pool/base.py", line 1309, in _checkout
    result = pool._dialect._do_ping_w_event(
        fairy.dbapi_connection
    )
  File "/home/farrukh/Frontend/p2p/backend/.venv/lib64/python3.14/site-packages/sqlalchemy/engine/default.py", line 729, in _do_ping_w_event
    return self.do_ping(dbapi_connection)
           ~~~~~~~~~~~~^^^^^^^^^^^^^^^^^^
  File "/home/farrukh/Frontend/p2p/backend/.venv/lib64/python3.14/site-packages/sqlalchemy/dialects/postgresql/asyncpg.py", line 1164, in do_ping
    dbapi_connection.ping()
    ~~~~~~~~~~~~~~~~~~~~~^^
  File "/home/farrukh/Frontend/p2p/backend/.venv/lib64/python3.14/site-packages/sqlalchemy/dialects/postgresql/asyncpg.py", line 818, in ping
    self._handle_exception(error)
    ~~~~~~~~~~~~~~~~~~~~~~^^^^^^^
  File "/home/farrukh/Frontend/p2p/backend/.venv/lib64/python3.14/site-packages/sqlalchemy/dialects/postgresql/asyncpg.py", line 799, in _handle_exception
    raise error
  File "/home/farrukh/Frontend/p2p/backend/.venv/lib64/python3.14/site-packages/sqlalchemy/dialects/postgresql/asyncpg.py", line 816, in ping
    _ = self.await_(self._async_ping())
  File "/home/farrukh/Frontend/p2p/backend/.venv/lib64/python3.14/site-packages/sqlalchemy/util/_concurrency_py3k.py", line 132, in await_only
    return current.parent.switch(awaitable)  # type: ignore[no-any-return,attr-defined] # noqa: E501
           ~~~~~~~~~~~~~~~~~~~~~^^^^^^^^^^^
  File "/home/farrukh/Frontend/p2p/backend/.venv/lib64/python3.14/site-packages/sqlalchemy/util/_concurrency_py3k.py", line 196, in greenlet_spawn
    value = await result
            ^^^^^^^^^^^^
  File "/home/farrukh/Frontend/p2p/backend/.venv/lib64/python3.14/site-packages/sqlalchemy/dialects/postgresql/asyncpg.py", line 825, in _async_ping
    await tr.start()
  File "/home/farrukh/Frontend/p2p/backend/.venv/lib64/python3.14/site-packages/asyncpg/transaction.py", line 146, in start
    await self._connection.execute(query)
  File "/home/farrukh/Frontend/p2p/backend/.venv/lib64/python3.14/site-packages/asyncpg/connection.py", line 354, in execute
    result = await self._protocol.query(query, timeout)
             ^^^^^^^^^^^^^^^^^^^^^^^^^^^^^^^^^^^^^^^^^^
  File "asyncpg/protocol/protocol.pyx", line 369, in query
    return await waiter
RuntimeError: Task <Task pending name='Task-156' coro=<_check_absences() running at /home/farrukh/Frontend/p2p/backend/app/tasks/slot_tasks.py:70> cb=[_run_until_complete_cb() at /usr/lib64/python3.14/asyncio/base_events.py:181]> got Future <Future pending cb=[BaseProtocol._on_waiter_completed()]> attached to a different loop
[2026-06-14 11:49:56,028: ERROR/ForkPoolWorker-16] Task app.tasks.slot_tasks.send_slot_reminders[ecc7aa59-a074-4327-b655-710b26a8ae18] raised unexpected: RuntimeError("Task <Task pending name='Task-156' coro=<_send_slot_reminders() running at /home/farrukh/Frontend/p2p/backend/app/tasks/slot_tasks.py:35> cb=[_run_until_complete_cb() at /usr/lib64/python3.14/asyncio/base_events.py:181]> got Future <Future pending cb=[BaseProtocol._on_waiter_completed()]> attached to a different loop")
Traceback (most recent call last):
  File "/home/farrukh/Frontend/p2p/backend/.venv/lib64/python3.14/site-packages/celery/app/trace.py", line 585, in trace_task
    R = retval = fun(*args, **kwargs)
                 ~~~^^^^^^^^^^^^^^^^^
  File "/home/farrukh/Frontend/p2p/backend/.venv/lib64/python3.14/site-packages/celery/app/trace.py", line 858, in __protected_call__
    return self.run(*args, **kwargs)
           ~~~~~~~~^^^^^^^^^^^^^^^^^
  File "/home/farrukh/Frontend/p2p/backend/app/tasks/slot_tasks.py", line 20, in send_slot_reminders
    return asyncio.run(_send_slot_reminders())
           ~~~~~~~~~~~^^^^^^^^^^^^^^^^^^^^^^^^
  File "/usr/lib64/python3.14/asyncio/runners.py", line 204, in run
    return runner.run(main)
           ~~~~~~~~~~^^^^^^
  File "/usr/lib64/python3.14/asyncio/runners.py", line 127, in run
    return self._loop.run_until_complete(task)
           ~~~~~~~~~~~~~~~~~~~~~~~~~~~~~^^^^^^
  File "/usr/lib64/python3.14/asyncio/base_events.py", line 719, in run_until_complete
    return future.result()
           ~~~~~~~~~~~~~^^
  File "/home/farrukh/Frontend/p2p/backend/app/tasks/slot_tasks.py", line 35, in _send_slot_reminders
    slots = (await db.execute(stmt)).scalars().all()
             ^^^^^^^^^^^^^^^^^^^^^^
  File "/home/farrukh/Frontend/p2p/backend/.venv/lib64/python3.14/site-packages/sqlalchemy/ext/asyncio/session.py", line 448, in execute
    result = await greenlet_spawn(
             ^^^^^^^^^^^^^^^^^^^^^
    ...<6 lines>...
    )
    ^
  File "/home/farrukh/Frontend/p2p/backend/.venv/lib64/python3.14/site-packages/sqlalchemy/util/_concurrency_py3k.py", line 201, in greenlet_spawn
    result = context.throw(*sys.exc_info())
  File "/home/farrukh/Frontend/p2p/backend/.venv/lib64/python3.14/site-packages/sqlalchemy/orm/session.py", line 2372, in execute
    return self._execute_internal(
           ~~~~~~~~~~~~~~~~~~~~~~^
        statement,
        ^^^^^^^^^^
    ...<4 lines>...
        _add_event=_add_event,
        ^^^^^^^^^^^^^^^^^^^^^^
    )
    ^
  File "/home/farrukh/Frontend/p2p/backend/.venv/lib64/python3.14/site-packages/sqlalchemy/orm/session.py", line 2260, in _execute_internal
    conn = self._connection_for_bind(bind)
  File "/home/farrukh/Frontend/p2p/backend/.venv/lib64/python3.14/site-packages/sqlalchemy/orm/session.py", line 2112, in _connection_for_bind
    return trans._connection_for_bind(engine, execution_options)
           ~~~~~~~~~~~~~~~~~~~~~~~~~~^^^^^^^^^^^^^^^^^^^^^^^^^^^
  File "<string>", line 2, in _connection_for_bind
  File "/home/farrukh/Frontend/p2p/backend/.venv/lib64/python3.14/site-packages/sqlalchemy/orm/state_changes.py", line 137, in _go
    ret_value = fn(self, *arg, **kw)
  File "/home/farrukh/Frontend/p2p/backend/.venv/lib64/python3.14/site-packages/sqlalchemy/orm/session.py", line 1191, in _connection_for_bind
    conn = bind.connect()
  File "/home/farrukh/Frontend/p2p/backend/.venv/lib64/python3.14/site-packages/sqlalchemy/engine/base.py", line 3295, in connect
    return self._connection_cls(self)
           ~~~~~~~~~~~~~~~~~~~~^^^^^^
  File "/home/farrukh/Frontend/p2p/backend/.venv/lib64/python3.14/site-packages/sqlalchemy/engine/base.py", line 144, in __init__
    self._dbapi_connection = engine.raw_connection()
                             ~~~~~~~~~~~~~~~~~~~~~^^
  File "/home/farrukh/Frontend/p2p/backend/.venv/lib64/python3.14/site-packages/sqlalchemy/engine/base.py", line 3319, in raw_connection
    return self.pool.connect()
           ~~~~~~~~~~~~~~~~~^^
  File "/home/farrukh/Frontend/p2p/backend/.venv/lib64/python3.14/site-packages/sqlalchemy/pool/base.py", line 448, in connect
    return _ConnectionFairy._checkout(self)
           ~~~~~~~~~~~~~~~~~~~~~~~~~~^^^^^^
  File "/home/farrukh/Frontend/p2p/backend/.venv/lib64/python3.14/site-packages/sqlalchemy/pool/base.py", line 1371, in _checkout
    with util.safe_reraise():
         ~~~~~~~~~~~~~~~~~^^
  File "/home/farrukh/Frontend/p2p/backend/.venv/lib64/python3.14/site-packages/sqlalchemy/util/langhelpers.py", line 122, in __exit__
    raise exc_value.with_traceback(exc_tb)
  File "/home/farrukh/Frontend/p2p/backend/.venv/lib64/python3.14/site-packages/sqlalchemy/pool/base.py", line 1309, in _checkout
    result = pool._dialect._do_ping_w_event(
        fairy.dbapi_connection
    )
  File "/home/farrukh/Frontend/p2p/backend/.venv/lib64/python3.14/site-packages/sqlalchemy/engine/default.py", line 729, in _do_ping_w_event
    return self.do_ping(dbapi_connection)
           ~~~~~~~~~~~~^^^^^^^^^^^^^^^^^^
  File "/home/farrukh/Frontend/p2p/backend/.venv/lib64/python3.14/site-packages/sqlalchemy/dialects/postgresql/asyncpg.py", line 1164, in do_ping
    dbapi_connection.ping()
    ~~~~~~~~~~~~~~~~~~~~~^^
  File "/home/farrukh/Frontend/p2p/backend/.venv/lib64/python3.14/site-packages/sqlalchemy/dialects/postgresql/asyncpg.py", line 818, in ping
    self._handle_exception(error)
    ~~~~~~~~~~~~~~~~~~~~~~^^^^^^^
  File "/home/farrukh/Frontend/p2p/backend/.venv/lib64/python3.14/site-packages/sqlalchemy/dialects/postgresql/asyncpg.py", line 799, in _handle_exception
    raise error
  File "/home/farrukh/Frontend/p2p/backend/.venv/lib64/python3.14/site-packages/sqlalchemy/dialects/postgresql/asyncpg.py", line 816, in ping
    _ = self.await_(self._async_ping())
  File "/home/farrukh/Frontend/p2p/backend/.venv/lib64/python3.14/site-packages/sqlalchemy/util/_concurrency_py3k.py", line 132, in await_only
    return current.parent.switch(awaitable)  # type: ignore[no-any-return,attr-defined] # noqa: E501
           ~~~~~~~~~~~~~~~~~~~~~^^^^^^^^^^^
  File "/home/farrukh/Frontend/p2p/backend/.venv/lib64/python3.14/site-packages/sqlalchemy/util/_concurrency_py3k.py", line 196, in greenlet_spawn
    value = await result
            ^^^^^^^^^^^^
  File "/home/farrukh/Frontend/p2p/backend/.venv/lib64/python3.14/site-packages/sqlalchemy/dialects/postgresql/asyncpg.py", line 825, in _async_ping
    await tr.start()
  File "/home/farrukh/Frontend/p2p/backend/.venv/lib64/python3.14/site-packages/asyncpg/transaction.py", line 146, in start
    await self._connection.execute(query)
  File "/home/farrukh/Frontend/p2p/backend/.venv/lib64/python3.14/site-packages/asyncpg/connection.py", line 354, in execute
    result = await self._protocol.query(query, timeout)
             ^^^^^^^^^^^^^^^^^^^^^^^^^^^^^^^^^^^^^^^^^^
  File "asyncpg/protocol/protocol.pyx", line 369, in query
    return await waiter
RuntimeError: Task <Task pending name='Task-156' coro=<_send_slot_reminders() running at /home/farrukh/Frontend/p2p/backend/app/tasks/slot_tasks.py:35> cb=[_run_until_complete_cb() at /usr/lib64/python3.14/asyncio/base_events.py:181]> got Future <Future pending cb=[BaseProtocol._on_waiter_completed()]> attached to a different loop
[2026-06-14 11:50:56,001: INFO/MainProcess] Task app.tasks.slot_tasks.check_absences[183e3d52-080d-401e-8710-f1ec1c712cee] received
[2026-06-14 11:50:56,007: INFO/MainProcess] Task app.tasks.slot_tasks.send_slot_reminders[744e9dd0-86fd-460b-9da8-29641ce1f3bf] received
2026-06-14 11:50:56,056 INFO sqlalchemy.engine.Engine BEGIN (implicit)
[2026-06-14 11:50:56,056: INFO/ForkPoolWorker-15] BEGIN (implicit)
2026-06-14 11:50:56,057 INFO sqlalchemy.engine.Engine SELECT slots.id, slots.reviewer_id, slots.reviewee_id, slots.reviewer_project, slots.reviewee_project, slots.start_time, slots.end_time, slots.actual_start, slots.actual_end, slots.duration_minutes, slots.status, slots.is_online, slots.campus, slots.reviewer_started, slots.reviewee_started, slots.reviewer_finished, slots.reviewee_finished, slots.absent_by, slots.absent_at, slots.cancelled_by, slots.cancel_reason, slots.created_at, slots.updated_at 
FROM slots 
WHERE slots.status = $1::VARCHAR AND slots.start_time < $2::TIMESTAMP WITH TIME ZONE
[2026-06-14 11:50:56,057: INFO/ForkPoolWorker-15] SELECT slots.id, slots.reviewer_id, slots.reviewee_id, slots.reviewer_project, slots.reviewee_project, slots.start_time, slots.end_time, slots.actual_start, slots.actual_end, slots.duration_minutes, slots.status, slots.is_online, slots.campus, slots.reviewer_started, slots.reviewee_started, slots.reviewer_finished, slots.reviewee_finished, slots.absent_by, slots.absent_at, slots.cancelled_by, slots.cancel_reason, slots.created_at, slots.updated_at 
FROM slots 
WHERE slots.status = $1::VARCHAR AND slots.start_time < $2::TIMESTAMP WITH TIME ZONE
2026-06-14 11:50:56,057 INFO sqlalchemy.engine.Engine [cached since 1920s ago] ('booked', datetime.datetime(2026, 6, 14, 6, 35, 56, 4626, tzinfo=datetime.timezone.utc))
[2026-06-14 11:50:56,057: INFO/ForkPoolWorker-15] [cached since 1920s ago] ('booked', datetime.datetime(2026, 6, 14, 6, 35, 56, 4626, tzinfo=datetime.timezone.utc))
2026-06-14 11:50:56,059 INFO sqlalchemy.engine.Engine BEGIN (implicit)
[2026-06-14 11:50:56,059: INFO/ForkPoolWorker-16] BEGIN (implicit)
2026-06-14 11:50:56,060 INFO sqlalchemy.engine.Engine SELECT slots.id, slots.reviewer_id, slots.reviewee_id, slots.reviewer_project, slots.reviewee_project, slots.start_time, slots.end_time, slots.actual_start, slots.actual_end, slots.duration_minutes, slots.status, slots.is_online, slots.campus, slots.reviewer_started, slots.reviewee_started, slots.reviewer_finished, slots.reviewee_finished, slots.absent_by, slots.absent_at, slots.cancelled_by, slots.cancel_reason, slots.created_at, slots.updated_at 
FROM slots 
WHERE slots.status = $1::VARCHAR AND slots.start_time >= $2::TIMESTAMP WITH TIME ZONE AND slots.start_time < $3::TIMESTAMP WITH TIME ZONE
[2026-06-14 11:50:56,060: INFO/ForkPoolWorker-16] SELECT slots.id, slots.reviewer_id, slots.reviewee_id, slots.reviewer_project, slots.reviewee_project, slots.start_time, slots.end_time, slots.actual_start, slots.actual_end, slots.duration_minutes, slots.status, slots.is_online, slots.campus, slots.reviewer_started, slots.reviewee_started, slots.reviewer_finished, slots.reviewee_finished, slots.absent_by, slots.absent_at, slots.cancelled_by, slots.cancel_reason, slots.created_at, slots.updated_at 
FROM slots 
WHERE slots.status = $1::VARCHAR AND slots.start_time >= $2::TIMESTAMP WITH TIME ZONE AND slots.start_time < $3::TIMESTAMP WITH TIME ZONE
2026-06-14 11:50:56,060 INFO sqlalchemy.engine.Engine [cached since 1920s ago] ('booked', datetime.datetime(2026, 6, 14, 7, 5, 56, 9475, tzinfo=datetime.timezone.utc), datetime.datetime(2026, 6, 14, 7, 6, 56, 9475, tzinfo=datetime.timezone.utc))
[2026-06-14 11:50:56,060: INFO/ForkPoolWorker-16] [cached since 1920s ago] ('booked', datetime.datetime(2026, 6, 14, 7, 5, 56, 9475, tzinfo=datetime.timezone.utc), datetime.datetime(2026, 6, 14, 7, 6, 56, 9475, tzinfo=datetime.timezone.utc))
2026-06-14 11:50:56,061 INFO sqlalchemy.engine.Engine ROLLBACK
[2026-06-14 11:50:56,061: INFO/ForkPoolWorker-15] ROLLBACK
[2026-06-14 11:50:56,064: INFO/ForkPoolWorker-15] Task app.tasks.slot_tasks.check_absences[183e3d52-080d-401e-8710-f1ec1c712cee] succeeded in 0.06156043899954966s: 0
2026-06-14 11:50:56,064 INFO sqlalchemy.engine.Engine COMMIT
[2026-06-14 11:50:56,064: INFO/ForkPoolWorker-16] COMMIT
[2026-06-14 11:50:56,067: INFO/ForkPoolWorker-16] Task app.tasks.slot_tasks.send_slot_reminders[744e9dd0-86fd-460b-9da8-29641ce1f3bf] succeeded in 0.05936699499943643s: 0
[2026-06-14 11:51:56,002: INFO/MainProcess] Task app.tasks.slot_tasks.check_absences[e7807e66-179c-422e-b534-f32166baf676] received
[2026-06-14 11:51:56,008: INFO/MainProcess] Task app.tasks.slot_tasks.send_slot_reminders[35259b8b-60fd-4cb2-b697-f8a1f357282a] received
[2026-06-14 11:51:56,006: ERROR/ForkPoolWorker-15] Exception terminating connection <AdaptedConnection <asyncpg.connection.Connection object at 0x7f04e10ea3f0>>
Traceback (most recent call last):
  File "/home/farrukh/Frontend/p2p/backend/.venv/lib64/python3.14/site-packages/sqlalchemy/pool/base.py", line 373, in _close_connection
    self._dialect.do_terminate(connection)
    ~~~~~~~~~~~~~~~~~~~~~~~~~~^^^^^^^^^^^^
  File "/home/farrukh/Frontend/p2p/backend/.venv/lib64/python3.14/site-packages/sqlalchemy/dialects/postgresql/asyncpg.py", line 1131, in do_terminate
    dbapi_connection.terminate()
    ~~~~~~~~~~~~~~~~~~~~~~~~~~^^
  File "/home/farrukh/Frontend/p2p/backend/.venv/lib64/python3.14/site-packages/sqlalchemy/connectors/asyncio.py", line 402, in terminate
    self.await_(asyncio.shield(self._terminate_graceful_close()))  # type: ignore[attr-defined] # noqa: E501
    ~~~~~~~~~~~^^^^^^^^^^^^^^^^^^^^^^^^^^^^^^^^^^^^^^^^^^^^^^^^^^
  File "/home/farrukh/Frontend/p2p/backend/.venv/lib64/python3.14/site-packages/sqlalchemy/util/_concurrency_py3k.py", line 132, in await_only
    return current.parent.switch(awaitable)  # type: ignore[no-any-return,attr-defined] # noqa: E501
           ~~~~~~~~~~~~~~~~~~~~~^^^^^^^^^^^
  File "/home/farrukh/Frontend/p2p/backend/.venv/lib64/python3.14/site-packages/sqlalchemy/util/_concurrency_py3k.py", line 196, in greenlet_spawn
    value = await result
            ^^^^^^^^^^^^
  File "/home/farrukh/Frontend/p2p/backend/.venv/lib64/python3.14/site-packages/sqlalchemy/dialects/postgresql/asyncpg.py", line 912, in _terminate_graceful_close
    await self._connection.close(timeout=2)
  File "/home/farrukh/Frontend/p2p/backend/.venv/lib64/python3.14/site-packages/asyncpg/connection.py", line 1513, in close
    await self._protocol.close(timeout)
  File "asyncpg/protocol/protocol.pyx", line 617, in close
    self._request_cancel()
  File "asyncpg/protocol/protocol.pyx", line 650, in asyncpg.protocol.protocol.BaseProtocol._request_cancel
    con._cancel_current_command(self.cancel_sent_waiter)
  File "/home/farrukh/Frontend/p2p/backend/.venv/lib64/python3.14/site-packages/asyncpg/connection.py", line 1682, in _cancel_current_command
    self._cancellations.add(self._loop.create_task(self._cancel(waiter)))
                            ~~~~~~~~~~~~~~~~~~~~~~^^^^^^^^^^^^^^^^^^^^^^
  File "/usr/lib64/python3.14/asyncio/base_events.py", line 466, in create_task
    self._check_closed()
    ~~~~~~~~~~~~~~~~~~^^
  File "/usr/lib64/python3.14/asyncio/base_events.py", line 550, in _check_closed
    raise RuntimeError('Event loop is closed')
RuntimeError: Event loop is closed
[2026-06-14 11:51:56,012: ERROR/ForkPoolWorker-16] Exception terminating connection <AdaptedConnection <asyncpg.connection.Connection object at 0x7f04e10fc500>>
Traceback (most recent call last):
  File "/home/farrukh/Frontend/p2p/backend/.venv/lib64/python3.14/site-packages/sqlalchemy/pool/base.py", line 373, in _close_connection
    self._dialect.do_terminate(connection)
    ~~~~~~~~~~~~~~~~~~~~~~~~~~^^^^^^^^^^^^
  File "/home/farrukh/Frontend/p2p/backend/.venv/lib64/python3.14/site-packages/sqlalchemy/dialects/postgresql/asyncpg.py", line 1131, in do_terminate
    dbapi_connection.terminate()
    ~~~~~~~~~~~~~~~~~~~~~~~~~~^^
  File "/home/farrukh/Frontend/p2p/backend/.venv/lib64/python3.14/site-packages/sqlalchemy/connectors/asyncio.py", line 402, in terminate
    self.await_(asyncio.shield(self._terminate_graceful_close()))  # type: ignore[attr-defined] # noqa: E501
    ~~~~~~~~~~~^^^^^^^^^^^^^^^^^^^^^^^^^^^^^^^^^^^^^^^^^^^^^^^^^^
  File "/home/farrukh/Frontend/p2p/backend/.venv/lib64/python3.14/site-packages/sqlalchemy/util/_concurrency_py3k.py", line 132, in await_only
    return current.parent.switch(awaitable)  # type: ignore[no-any-return,attr-defined] # noqa: E501
           ~~~~~~~~~~~~~~~~~~~~~^^^^^^^^^^^
  File "/home/farrukh/Frontend/p2p/backend/.venv/lib64/python3.14/site-packages/sqlalchemy/util/_concurrency_py3k.py", line 196, in greenlet_spawn
    value = await result
            ^^^^^^^^^^^^
  File "/home/farrukh/Frontend/p2p/backend/.venv/lib64/python3.14/site-packages/sqlalchemy/dialects/postgresql/asyncpg.py", line 912, in _terminate_graceful_close
    await self._connection.close(timeout=2)
  File "/home/farrukh/Frontend/p2p/backend/.venv/lib64/python3.14/site-packages/asyncpg/connection.py", line 1513, in close
    await self._protocol.close(timeout)
  File "asyncpg/protocol/protocol.pyx", line 617, in close
    self._request_cancel()
  File "asyncpg/protocol/protocol.pyx", line 650, in asyncpg.protocol.protocol.BaseProtocol._request_cancel
    con._cancel_current_command(self.cancel_sent_waiter)
  File "/home/farrukh/Frontend/p2p/backend/.venv/lib64/python3.14/site-packages/asyncpg/connection.py", line 1682, in _cancel_current_command
    self._cancellations.add(self._loop.create_task(self._cancel(waiter)))
                            ~~~~~~~~~~~~~~~~~~~~~~^^^^^^^^^^^^^^^^^^^^^^
  File "/usr/lib64/python3.14/asyncio/base_events.py", line 466, in create_task
    self._check_closed()
    ~~~~~~~~~~~~~~~~~~^^
  File "/usr/lib64/python3.14/asyncio/base_events.py", line 550, in _check_closed
    raise RuntimeError('Event loop is closed')
RuntimeError: Event loop is closed
[2026-06-14 11:51:56,027: ERROR/ForkPoolWorker-15] Task app.tasks.slot_tasks.check_absences[e7807e66-179c-422e-b534-f32166baf676] raised unexpected: RuntimeError("Task <Task pending name='Task-166' coro=<_check_absences() running at /home/farrukh/Frontend/p2p/backend/app/tasks/slot_tasks.py:70> cb=[_run_until_complete_cb() at /usr/lib64/python3.14/asyncio/base_events.py:181]> got Future <Future pending cb=[BaseProtocol._on_waiter_completed()]> attached to a different loop")
Traceback (most recent call last):
  File "/home/farrukh/Frontend/p2p/backend/.venv/lib64/python3.14/site-packages/celery/app/trace.py", line 585, in trace_task
    R = retval = fun(*args, **kwargs)
                 ~~~^^^^^^^^^^^^^^^^^
  File "/home/farrukh/Frontend/p2p/backend/.venv/lib64/python3.14/site-packages/celery/app/trace.py", line 858, in __protected_call__
    return self.run(*args, **kwargs)
           ~~~~~~~~^^^^^^^^^^^^^^^^^
  File "/home/farrukh/Frontend/p2p/backend/app/tasks/slot_tasks.py", line 58, in check_absences
    return asyncio.run(_check_absences())
           ~~~~~~~~~~~^^^^^^^^^^^^^^^^^^^
  File "/usr/lib64/python3.14/asyncio/runners.py", line 204, in run
    return runner.run(main)
           ~~~~~~~~~~^^^^^^
  File "/usr/lib64/python3.14/asyncio/runners.py", line 127, in run
    return self._loop.run_until_complete(task)
           ~~~~~~~~~~~~~~~~~~~~~~~~~~~~~^^^^^^
  File "/usr/lib64/python3.14/asyncio/base_events.py", line 719, in run_until_complete
    return future.result()
           ~~~~~~~~~~~~~^^
  File "/home/farrukh/Frontend/p2p/backend/app/tasks/slot_tasks.py", line 70, in _check_absences
    slots = (await db.execute(stmt)).scalars().all()
             ^^^^^^^^^^^^^^^^^^^^^^
  File "/home/farrukh/Frontend/p2p/backend/.venv/lib64/python3.14/site-packages/sqlalchemy/ext/asyncio/session.py", line 448, in execute
    result = await greenlet_spawn(
             ^^^^^^^^^^^^^^^^^^^^^
    ...<6 lines>...
    )
    ^
  File "/home/farrukh/Frontend/p2p/backend/.venv/lib64/python3.14/site-packages/sqlalchemy/util/_concurrency_py3k.py", line 201, in greenlet_spawn
    result = context.throw(*sys.exc_info())
  File "/home/farrukh/Frontend/p2p/backend/.venv/lib64/python3.14/site-packages/sqlalchemy/orm/session.py", line 2372, in execute
    return self._execute_internal(
           ~~~~~~~~~~~~~~~~~~~~~~^
        statement,
        ^^^^^^^^^^
    ...<4 lines>...
        _add_event=_add_event,
        ^^^^^^^^^^^^^^^^^^^^^^
    )
    ^
  File "/home/farrukh/Frontend/p2p/backend/.venv/lib64/python3.14/site-packages/sqlalchemy/orm/session.py", line 2260, in _execute_internal
    conn = self._connection_for_bind(bind)
  File "/home/farrukh/Frontend/p2p/backend/.venv/lib64/python3.14/site-packages/sqlalchemy/orm/session.py", line 2112, in _connection_for_bind
    return trans._connection_for_bind(engine, execution_options)
           ~~~~~~~~~~~~~~~~~~~~~~~~~~^^^^^^^^^^^^^^^^^^^^^^^^^^^
  File "<string>", line 2, in _connection_for_bind
  File "/home/farrukh/Frontend/p2p/backend/.venv/lib64/python3.14/site-packages/sqlalchemy/orm/state_changes.py", line 137, in _go
    ret_value = fn(self, *arg, **kw)
  File "/home/farrukh/Frontend/p2p/backend/.venv/lib64/python3.14/site-packages/sqlalchemy/orm/session.py", line 1191, in _connection_for_bind
    conn = bind.connect()
  File "/home/farrukh/Frontend/p2p/backend/.venv/lib64/python3.14/site-packages/sqlalchemy/engine/base.py", line 3295, in connect
    return self._connection_cls(self)
           ~~~~~~~~~~~~~~~~~~~~^^^^^^
  File "/home/farrukh/Frontend/p2p/backend/.venv/lib64/python3.14/site-packages/sqlalchemy/engine/base.py", line 144, in __init__
    self._dbapi_connection = engine.raw_connection()
                             ~~~~~~~~~~~~~~~~~~~~~^^
  File "/home/farrukh/Frontend/p2p/backend/.venv/lib64/python3.14/site-packages/sqlalchemy/engine/base.py", line 3319, in raw_connection
    return self.pool.connect()
           ~~~~~~~~~~~~~~~~~^^
  File "/home/farrukh/Frontend/p2p/backend/.venv/lib64/python3.14/site-packages/sqlalchemy/pool/base.py", line 448, in connect
    return _ConnectionFairy._checkout(self)
           ~~~~~~~~~~~~~~~~~~~~~~~~~~^^^^^^
  File "/home/farrukh/Frontend/p2p/backend/.venv/lib64/python3.14/site-packages/sqlalchemy/pool/base.py", line 1371, in _checkout
    with util.safe_reraise():
         ~~~~~~~~~~~~~~~~~^^
  File "/home/farrukh/Frontend/p2p/backend/.venv/lib64/python3.14/site-packages/sqlalchemy/util/langhelpers.py", line 122, in __exit__
    raise exc_value.with_traceback(exc_tb)
  File "/home/farrukh/Frontend/p2p/backend/.venv/lib64/python3.14/site-packages/sqlalchemy/pool/base.py", line 1309, in _checkout
    result = pool._dialect._do_ping_w_event(
        fairy.dbapi_connection
    )
  File "/home/farrukh/Frontend/p2p/backend/.venv/lib64/python3.14/site-packages/sqlalchemy/engine/default.py", line 729, in _do_ping_w_event
    return self.do_ping(dbapi_connection)
           ~~~~~~~~~~~~^^^^^^^^^^^^^^^^^^
  File "/home/farrukh/Frontend/p2p/backend/.venv/lib64/python3.14/site-packages/sqlalchemy/dialects/postgresql/asyncpg.py", line 1164, in do_ping
    dbapi_connection.ping()
    ~~~~~~~~~~~~~~~~~~~~~^^
  File "/home/farrukh/Frontend/p2p/backend/.venv/lib64/python3.14/site-packages/sqlalchemy/dialects/postgresql/asyncpg.py", line 818, in ping
    self._handle_exception(error)
    ~~~~~~~~~~~~~~~~~~~~~~^^^^^^^
  File "/home/farrukh/Frontend/p2p/backend/.venv/lib64/python3.14/site-packages/sqlalchemy/dialects/postgresql/asyncpg.py", line 799, in _handle_exception
    raise error
  File "/home/farrukh/Frontend/p2p/backend/.venv/lib64/python3.14/site-packages/sqlalchemy/dialects/postgresql/asyncpg.py", line 816, in ping
    _ = self.await_(self._async_ping())
  File "/home/farrukh/Frontend/p2p/backend/.venv/lib64/python3.14/site-packages/sqlalchemy/util/_concurrency_py3k.py", line 132, in await_only
    return current.parent.switch(awaitable)  # type: ignore[no-any-return,attr-defined] # noqa: E501
           ~~~~~~~~~~~~~~~~~~~~~^^^^^^^^^^^
  File "/home/farrukh/Frontend/p2p/backend/.venv/lib64/python3.14/site-packages/sqlalchemy/util/_concurrency_py3k.py", line 196, in greenlet_spawn
    value = await result
            ^^^^^^^^^^^^
  File "/home/farrukh/Frontend/p2p/backend/.venv/lib64/python3.14/site-packages/sqlalchemy/dialects/postgresql/asyncpg.py", line 825, in _async_ping
    await tr.start()
  File "/home/farrukh/Frontend/p2p/backend/.venv/lib64/python3.14/site-packages/asyncpg/transaction.py", line 146, in start
    await self._connection.execute(query)
  File "/home/farrukh/Frontend/p2p/backend/.venv/lib64/python3.14/site-packages/asyncpg/connection.py", line 354, in execute
    result = await self._protocol.query(query, timeout)
             ^^^^^^^^^^^^^^^^^^^^^^^^^^^^^^^^^^^^^^^^^^
  File "asyncpg/protocol/protocol.pyx", line 369, in query
    return await waiter
RuntimeError: Task <Task pending name='Task-166' coro=<_check_absences() running at /home/farrukh/Frontend/p2p/backend/app/tasks/slot_tasks.py:70> cb=[_run_until_complete_cb() at /usr/lib64/python3.14/asyncio/base_events.py:181]> got Future <Future pending cb=[BaseProtocol._on_waiter_completed()]> attached to a different loop
[2026-06-14 11:51:56,030: ERROR/ForkPoolWorker-16] Task app.tasks.slot_tasks.send_slot_reminders[35259b8b-60fd-4cb2-b697-f8a1f357282a] raised unexpected: RuntimeError("Task <Task pending name='Task-166' coro=<_send_slot_reminders() running at /home/farrukh/Frontend/p2p/backend/app/tasks/slot_tasks.py:35> cb=[_run_until_complete_cb() at /usr/lib64/python3.14/asyncio/base_events.py:181]> got Future <Future pending cb=[BaseProtocol._on_waiter_completed()]> attached to a different loop")
Traceback (most recent call last):
  File "/home/farrukh/Frontend/p2p/backend/.venv/lib64/python3.14/site-packages/celery/app/trace.py", line 585, in trace_task
    R = retval = fun(*args, **kwargs)
                 ~~~^^^^^^^^^^^^^^^^^
  File "/home/farrukh/Frontend/p2p/backend/.venv/lib64/python3.14/site-packages/celery/app/trace.py", line 858, in __protected_call__
    return self.run(*args, **kwargs)
           ~~~~~~~~^^^^^^^^^^^^^^^^^
  File "/home/farrukh/Frontend/p2p/backend/app/tasks/slot_tasks.py", line 20, in send_slot_reminders
    return asyncio.run(_send_slot_reminders())
           ~~~~~~~~~~~^^^^^^^^^^^^^^^^^^^^^^^^
  File "/usr/lib64/python3.14/asyncio/runners.py", line 204, in run
    return runner.run(main)
           ~~~~~~~~~~^^^^^^
  File "/usr/lib64/python3.14/asyncio/runners.py", line 127, in run
    return self._loop.run_until_complete(task)
           ~~~~~~~~~~~~~~~~~~~~~~~~~~~~~^^^^^^
  File "/usr/lib64/python3.14/asyncio/base_events.py", line 719, in run_until_complete
    return future.result()
           ~~~~~~~~~~~~~^^
  File "/home/farrukh/Frontend/p2p/backend/app/tasks/slot_tasks.py", line 35, in _send_slot_reminders
    slots = (await db.execute(stmt)).scalars().all()
             ^^^^^^^^^^^^^^^^^^^^^^
  File "/home/farrukh/Frontend/p2p/backend/.venv/lib64/python3.14/site-packages/sqlalchemy/ext/asyncio/session.py", line 448, in execute
    result = await greenlet_spawn(
             ^^^^^^^^^^^^^^^^^^^^^
    ...<6 lines>...
    )
    ^
  File "/home/farrukh/Frontend/p2p/backend/.venv/lib64/python3.14/site-packages/sqlalchemy/util/_concurrency_py3k.py", line 201, in greenlet_spawn
    result = context.throw(*sys.exc_info())
  File "/home/farrukh/Frontend/p2p/backend/.venv/lib64/python3.14/site-packages/sqlalchemy/orm/session.py", line 2372, in execute
    return self._execute_internal(
           ~~~~~~~~~~~~~~~~~~~~~~^
        statement,
        ^^^^^^^^^^
    ...<4 lines>...
        _add_event=_add_event,
        ^^^^^^^^^^^^^^^^^^^^^^
    )
    ^
  File "/home/farrukh/Frontend/p2p/backend/.venv/lib64/python3.14/site-packages/sqlalchemy/orm/session.py", line 2260, in _execute_internal
    conn = self._connection_for_bind(bind)
  File "/home/farrukh/Frontend/p2p/backend/.venv/lib64/python3.14/site-packages/sqlalchemy/orm/session.py", line 2112, in _connection_for_bind
    return trans._connection_for_bind(engine, execution_options)
           ~~~~~~~~~~~~~~~~~~~~~~~~~~^^^^^^^^^^^^^^^^^^^^^^^^^^^
  File "<string>", line 2, in _connection_for_bind
  File "/home/farrukh/Frontend/p2p/backend/.venv/lib64/python3.14/site-packages/sqlalchemy/orm/state_changes.py", line 137, in _go
    ret_value = fn(self, *arg, **kw)
  File "/home/farrukh/Frontend/p2p/backend/.venv/lib64/python3.14/site-packages/sqlalchemy/orm/session.py", line 1191, in _connection_for_bind
    conn = bind.connect()
  File "/home/farrukh/Frontend/p2p/backend/.venv/lib64/python3.14/site-packages/sqlalchemy/engine/base.py", line 3295, in connect
    return self._connection_cls(self)
           ~~~~~~~~~~~~~~~~~~~~^^^^^^
  File "/home/farrukh/Frontend/p2p/backend/.venv/lib64/python3.14/site-packages/sqlalchemy/engine/base.py", line 144, in __init__
    self._dbapi_connection = engine.raw_connection()
                             ~~~~~~~~~~~~~~~~~~~~~^^
  File "/home/farrukh/Frontend/p2p/backend/.venv/lib64/python3.14/site-packages/sqlalchemy/engine/base.py", line 3319, in raw_connection
    return self.pool.connect()
           ~~~~~~~~~~~~~~~~~^^
  File "/home/farrukh/Frontend/p2p/backend/.venv/lib64/python3.14/site-packages/sqlalchemy/pool/base.py", line 448, in connect
    return _ConnectionFairy._checkout(self)
           ~~~~~~~~~~~~~~~~~~~~~~~~~~^^^^^^
  File "/home/farrukh/Frontend/p2p/backend/.venv/lib64/python3.14/site-packages/sqlalchemy/pool/base.py", line 1371, in _checkout
    with util.safe_reraise():
         ~~~~~~~~~~~~~~~~~^^
  File "/home/farrukh/Frontend/p2p/backend/.venv/lib64/python3.14/site-packages/sqlalchemy/util/langhelpers.py", line 122, in __exit__
    raise exc_value.with_traceback(exc_tb)
  File "/home/farrukh/Frontend/p2p/backend/.venv/lib64/python3.14/site-packages/sqlalchemy/pool/base.py", line 1309, in _checkout
    result = pool._dialect._do_ping_w_event(
        fairy.dbapi_connection
    )
  File "/home/farrukh/Frontend/p2p/backend/.venv/lib64/python3.14/site-packages/sqlalchemy/engine/default.py", line 729, in _do_ping_w_event
    return self.do_ping(dbapi_connection)
           ~~~~~~~~~~~~^^^^^^^^^^^^^^^^^^
  File "/home/farrukh/Frontend/p2p/backend/.venv/lib64/python3.14/site-packages/sqlalchemy/dialects/postgresql/asyncpg.py", line 1164, in do_ping
    dbapi_connection.ping()
    ~~~~~~~~~~~~~~~~~~~~~^^
  File "/home/farrukh/Frontend/p2p/backend/.venv/lib64/python3.14/site-packages/sqlalchemy/dialects/postgresql/asyncpg.py", line 818, in ping
    self._handle_exception(error)
    ~~~~~~~~~~~~~~~~~~~~~~^^^^^^^
  File "/home/farrukh/Frontend/p2p/backend/.venv/lib64/python3.14/site-packages/sqlalchemy/dialects/postgresql/asyncpg.py", line 799, in _handle_exception
    raise error
  File "/home/farrukh/Frontend/p2p/backend/.venv/lib64/python3.14/site-packages/sqlalchemy/dialects/postgresql/asyncpg.py", line 816, in ping
    _ = self.await_(self._async_ping())
  File "/home/farrukh/Frontend/p2p/backend/.venv/lib64/python3.14/site-packages/sqlalchemy/util/_concurrency_py3k.py", line 132, in await_only
    return current.parent.switch(awaitable)  # type: ignore[no-any-return,attr-defined] # noqa: E501
           ~~~~~~~~~~~~~~~~~~~~~^^^^^^^^^^^
  File "/home/farrukh/Frontend/p2p/backend/.venv/lib64/python3.14/site-packages/sqlalchemy/util/_concurrency_py3k.py", line 196, in greenlet_spawn
    value = await result
            ^^^^^^^^^^^^
  File "/home/farrukh/Frontend/p2p/backend/.venv/lib64/python3.14/site-packages/sqlalchemy/dialects/postgresql/asyncpg.py", line 825, in _async_ping
    await tr.start()
  File "/home/farrukh/Frontend/p2p/backend/.venv/lib64/python3.14/site-packages/asyncpg/transaction.py", line 146, in start
    await self._connection.execute(query)
  File "/home/farrukh/Frontend/p2p/backend/.venv/lib64/python3.14/site-packages/asyncpg/connection.py", line 354, in execute
    result = await self._protocol.query(query, timeout)
             ^^^^^^^^^^^^^^^^^^^^^^^^^^^^^^^^^^^^^^^^^^
  File "asyncpg/protocol/protocol.pyx", line 369, in query
    return await waiter
RuntimeError: Task <Task pending name='Task-166' coro=<_send_slot_reminders() running at /home/farrukh/Frontend/p2p/backend/app/tasks/slot_tasks.py:35> cb=[_run_until_complete_cb() at /usr/lib64/python3.14/asyncio/base_events.py:181]> got Future <Future pending cb=[BaseProtocol._on_waiter_completed()]> attached to a different loop
[2026-06-14 11:52:56,002: INFO/MainProcess] Task app.tasks.slot_tasks.check_absences[2c4847ea-ffe0-4e54-ab23-d383e9b3863f] received
[2026-06-14 11:52:56,007: INFO/MainProcess] Task app.tasks.slot_tasks.send_slot_reminders[d7280b44-862d-4585-8557-d82764302ed1] received
2026-06-14 11:52:56,062 INFO sqlalchemy.engine.Engine BEGIN (implicit)
[2026-06-14 11:52:56,062: INFO/ForkPoolWorker-15] BEGIN (implicit)
2026-06-14 11:52:56,063 INFO sqlalchemy.engine.Engine SELECT slots.id, slots.reviewer_id, slots.reviewee_id, slots.reviewer_project, slots.reviewee_project, slots.start_time, slots.end_time, slots.actual_start, slots.actual_end, slots.duration_minutes, slots.status, slots.is_online, slots.campus, slots.reviewer_started, slots.reviewee_started, slots.reviewer_finished, slots.reviewee_finished, slots.absent_by, slots.absent_at, slots.cancelled_by, slots.cancel_reason, slots.created_at, slots.updated_at 
FROM slots 
WHERE slots.status = $1::VARCHAR AND slots.start_time < $2::TIMESTAMP WITH TIME ZONE
[2026-06-14 11:52:56,063: INFO/ForkPoolWorker-15] SELECT slots.id, slots.reviewer_id, slots.reviewee_id, slots.reviewer_project, slots.reviewee_project, slots.start_time, slots.end_time, slots.actual_start, slots.actual_end, slots.duration_minutes, slots.status, slots.is_online, slots.campus, slots.reviewer_started, slots.reviewee_started, slots.reviewer_finished, slots.reviewee_finished, slots.absent_by, slots.absent_at, slots.cancelled_by, slots.cancel_reason, slots.created_at, slots.updated_at 
FROM slots 
WHERE slots.status = $1::VARCHAR AND slots.start_time < $2::TIMESTAMP WITH TIME ZONE
2026-06-14 11:52:56,063 INFO sqlalchemy.engine.Engine [cached since 2040s ago] ('booked', datetime.datetime(2026, 6, 14, 6, 37, 56, 6024, tzinfo=datetime.timezone.utc))
[2026-06-14 11:52:56,063: INFO/ForkPoolWorker-15] [cached since 2040s ago] ('booked', datetime.datetime(2026, 6, 14, 6, 37, 56, 6024, tzinfo=datetime.timezone.utc))
2026-06-14 11:52:56,065 INFO sqlalchemy.engine.Engine BEGIN (implicit)
[2026-06-14 11:52:56,065: INFO/ForkPoolWorker-16] BEGIN (implicit)
2026-06-14 11:52:56,065 INFO sqlalchemy.engine.Engine SELECT slots.id, slots.reviewer_id, slots.reviewee_id, slots.reviewer_project, slots.reviewee_project, slots.start_time, slots.end_time, slots.actual_start, slots.actual_end, slots.duration_minutes, slots.status, slots.is_online, slots.campus, slots.reviewer_started, slots.reviewee_started, slots.reviewer_finished, slots.reviewee_finished, slots.absent_by, slots.absent_at, slots.cancelled_by, slots.cancel_reason, slots.created_at, slots.updated_at 
FROM slots 
WHERE slots.status = $1::VARCHAR AND slots.start_time >= $2::TIMESTAMP WITH TIME ZONE AND slots.start_time < $3::TIMESTAMP WITH TIME ZONE
[2026-06-14 11:52:56,065: INFO/ForkPoolWorker-16] SELECT slots.id, slots.reviewer_id, slots.reviewee_id, slots.reviewer_project, slots.reviewee_project, slots.start_time, slots.end_time, slots.actual_start, slots.actual_end, slots.duration_minutes, slots.status, slots.is_online, slots.campus, slots.reviewer_started, slots.reviewee_started, slots.reviewer_finished, slots.reviewee_finished, slots.absent_by, slots.absent_at, slots.cancelled_by, slots.cancel_reason, slots.created_at, slots.updated_at 
FROM slots 
WHERE slots.status = $1::VARCHAR AND slots.start_time >= $2::TIMESTAMP WITH TIME ZONE AND slots.start_time < $3::TIMESTAMP WITH TIME ZONE
2026-06-14 11:52:56,065 INFO sqlalchemy.engine.Engine [cached since 2040s ago] ('booked', datetime.datetime(2026, 6, 14, 7, 7, 56, 10407, tzinfo=datetime.timezone.utc), datetime.datetime(2026, 6, 14, 7, 8, 56, 10407, tzinfo=datetime.timezone.utc))
[2026-06-14 11:52:56,065: INFO/ForkPoolWorker-16] [cached since 2040s ago] ('booked', datetime.datetime(2026, 6, 14, 7, 7, 56, 10407, tzinfo=datetime.timezone.utc), datetime.datetime(2026, 6, 14, 7, 8, 56, 10407, tzinfo=datetime.timezone.utc))
2026-06-14 11:52:56,068 INFO sqlalchemy.engine.Engine ROLLBACK
[2026-06-14 11:52:56,068: INFO/ForkPoolWorker-15] ROLLBACK
2026-06-14 11:52:56,070 INFO sqlalchemy.engine.Engine COMMIT
[2026-06-14 11:52:56,070: INFO/ForkPoolWorker-16] COMMIT
[2026-06-14 11:52:56,071: INFO/ForkPoolWorker-15] Task app.tasks.slot_tasks.check_absences[2c4847ea-ffe0-4e54-ab23-d383e9b3863f] succeeded in 0.06811096499950509s: 0
[2026-06-14 11:52:56,073: INFO/ForkPoolWorker-16] Task app.tasks.slot_tasks.send_slot_reminders[d7280b44-862d-4585-8557-d82764302ed1] succeeded in 0.06520428400017408s: 0
[2026-06-14 11:53:56,002: INFO/MainProcess] Task app.tasks.slot_tasks.check_absences[0743bad8-9216-48b3-964c-5e5f3bdfc67c] received
[2026-06-14 11:53:56,007: INFO/MainProcess] Task app.tasks.slot_tasks.send_slot_reminders[b4deae5d-8b30-4d16-9fa9-4872b09fb07c] received
[2026-06-14 11:53:56,006: ERROR/ForkPoolWorker-15] Exception terminating connection <AdaptedConnection <asyncpg.connection.Connection object at 0x7f04e29754f0>>
Traceback (most recent call last):
  File "/home/farrukh/Frontend/p2p/backend/.venv/lib64/python3.14/site-packages/sqlalchemy/pool/base.py", line 373, in _close_connection
    self._dialect.do_terminate(connection)
    ~~~~~~~~~~~~~~~~~~~~~~~~~~^^^^^^^^^^^^
  File "/home/farrukh/Frontend/p2p/backend/.venv/lib64/python3.14/site-packages/sqlalchemy/dialects/postgresql/asyncpg.py", line 1131, in do_terminate
    dbapi_connection.terminate()
    ~~~~~~~~~~~~~~~~~~~~~~~~~~^^
  File "/home/farrukh/Frontend/p2p/backend/.venv/lib64/python3.14/site-packages/sqlalchemy/connectors/asyncio.py", line 402, in terminate
    self.await_(asyncio.shield(self._terminate_graceful_close()))  # type: ignore[attr-defined] # noqa: E501
    ~~~~~~~~~~~^^^^^^^^^^^^^^^^^^^^^^^^^^^^^^^^^^^^^^^^^^^^^^^^^^
  File "/home/farrukh/Frontend/p2p/backend/.venv/lib64/python3.14/site-packages/sqlalchemy/util/_concurrency_py3k.py", line 132, in await_only
    return current.parent.switch(awaitable)  # type: ignore[no-any-return,attr-defined] # noqa: E501
           ~~~~~~~~~~~~~~~~~~~~~^^^^^^^^^^^
  File "/home/farrukh/Frontend/p2p/backend/.venv/lib64/python3.14/site-packages/sqlalchemy/util/_concurrency_py3k.py", line 196, in greenlet_spawn
    value = await result
            ^^^^^^^^^^^^
  File "/home/farrukh/Frontend/p2p/backend/.venv/lib64/python3.14/site-packages/sqlalchemy/dialects/postgresql/asyncpg.py", line 912, in _terminate_graceful_close
    await self._connection.close(timeout=2)
  File "/home/farrukh/Frontend/p2p/backend/.venv/lib64/python3.14/site-packages/asyncpg/connection.py", line 1513, in close
    await self._protocol.close(timeout)
  File "asyncpg/protocol/protocol.pyx", line 617, in close
    self._request_cancel()
  File "asyncpg/protocol/protocol.pyx", line 650, in asyncpg.protocol.protocol.BaseProtocol._request_cancel
    con._cancel_current_command(self.cancel_sent_waiter)
  File "/home/farrukh/Frontend/p2p/backend/.venv/lib64/python3.14/site-packages/asyncpg/connection.py", line 1682, in _cancel_current_command
    self._cancellations.add(self._loop.create_task(self._cancel(waiter)))
                            ~~~~~~~~~~~~~~~~~~~~~~^^^^^^^^^^^^^^^^^^^^^^
  File "/usr/lib64/python3.14/asyncio/base_events.py", line 466, in create_task
    self._check_closed()
    ~~~~~~~~~~~~~~~~~~^^
  File "/usr/lib64/python3.14/asyncio/base_events.py", line 550, in _check_closed
    raise RuntimeError('Event loop is closed')
RuntimeError: Event loop is closed
[2026-06-14 11:53:56,012: ERROR/ForkPoolWorker-16] Exception terminating connection <AdaptedConnection <asyncpg.connection.Connection object at 0x7f04e2976300>>
Traceback (most recent call last):
  File "/home/farrukh/Frontend/p2p/backend/.venv/lib64/python3.14/site-packages/sqlalchemy/pool/base.py", line 373, in _close_connection
    self._dialect.do_terminate(connection)
    ~~~~~~~~~~~~~~~~~~~~~~~~~~^^^^^^^^^^^^
  File "/home/farrukh/Frontend/p2p/backend/.venv/lib64/python3.14/site-packages/sqlalchemy/dialects/postgresql/asyncpg.py", line 1131, in do_terminate
    dbapi_connection.terminate()
    ~~~~~~~~~~~~~~~~~~~~~~~~~~^^
  File "/home/farrukh/Frontend/p2p/backend/.venv/lib64/python3.14/site-packages/sqlalchemy/connectors/asyncio.py", line 402, in terminate
    self.await_(asyncio.shield(self._terminate_graceful_close()))  # type: ignore[attr-defined] # noqa: E501
    ~~~~~~~~~~~^^^^^^^^^^^^^^^^^^^^^^^^^^^^^^^^^^^^^^^^^^^^^^^^^^
  File "/home/farrukh/Frontend/p2p/backend/.venv/lib64/python3.14/site-packages/sqlalchemy/util/_concurrency_py3k.py", line 132, in await_only
    return current.parent.switch(awaitable)  # type: ignore[no-any-return,attr-defined] # noqa: E501
           ~~~~~~~~~~~~~~~~~~~~~^^^^^^^^^^^
  File "/home/farrukh/Frontend/p2p/backend/.venv/lib64/python3.14/site-packages/sqlalchemy/util/_concurrency_py3k.py", line 196, in greenlet_spawn
    value = await result
            ^^^^^^^^^^^^
  File "/home/farrukh/Frontend/p2p/backend/.venv/lib64/python3.14/site-packages/sqlalchemy/dialects/postgresql/asyncpg.py", line 912, in _terminate_graceful_close
    await self._connection.close(timeout=2)
  File "/home/farrukh/Frontend/p2p/backend/.venv/lib64/python3.14/site-packages/asyncpg/connection.py", line 1513, in close
    await self._protocol.close(timeout)
  File "asyncpg/protocol/protocol.pyx", line 617, in close
    self._request_cancel()
  File "asyncpg/protocol/protocol.pyx", line 650, in asyncpg.protocol.protocol.BaseProtocol._request_cancel
    con._cancel_current_command(self.cancel_sent_waiter)
  File "/home/farrukh/Frontend/p2p/backend/.venv/lib64/python3.14/site-packages/asyncpg/connection.py", line 1682, in _cancel_current_command
    self._cancellations.add(self._loop.create_task(self._cancel(waiter)))
                            ~~~~~~~~~~~~~~~~~~~~~~^^^^^^^^^^^^^^^^^^^^^^
  File "/usr/lib64/python3.14/asyncio/base_events.py", line 466, in create_task
    self._check_closed()
    ~~~~~~~~~~~~~~~~~~^^
  File "/usr/lib64/python3.14/asyncio/base_events.py", line 550, in _check_closed
    raise RuntimeError('Event loop is closed')
RuntimeError: Event loop is closed
[2026-06-14 11:53:56,023: ERROR/ForkPoolWorker-15] Task app.tasks.slot_tasks.check_absences[0743bad8-9216-48b3-964c-5e5f3bdfc67c] raised unexpected: RuntimeError("Task <Task pending name='Task-176' coro=<_check_absences() running at /home/farrukh/Frontend/p2p/backend/app/tasks/slot_tasks.py:70> cb=[_run_until_complete_cb() at /usr/lib64/python3.14/asyncio/base_events.py:181]> got Future <Future pending cb=[BaseProtocol._on_waiter_completed()]> attached to a different loop")
Traceback (most recent call last):
  File "/home/farrukh/Frontend/p2p/backend/.venv/lib64/python3.14/site-packages/celery/app/trace.py", line 585, in trace_task
    R = retval = fun(*args, **kwargs)
                 ~~~^^^^^^^^^^^^^^^^^
  File "/home/farrukh/Frontend/p2p/backend/.venv/lib64/python3.14/site-packages/celery/app/trace.py", line 858, in __protected_call__
    return self.run(*args, **kwargs)
           ~~~~~~~~^^^^^^^^^^^^^^^^^
  File "/home/farrukh/Frontend/p2p/backend/app/tasks/slot_tasks.py", line 58, in check_absences
    return asyncio.run(_check_absences())
           ~~~~~~~~~~~^^^^^^^^^^^^^^^^^^^
  File "/usr/lib64/python3.14/asyncio/runners.py", line 204, in run
    return runner.run(main)
           ~~~~~~~~~~^^^^^^
  File "/usr/lib64/python3.14/asyncio/runners.py", line 127, in run
    return self._loop.run_until_complete(task)
           ~~~~~~~~~~~~~~~~~~~~~~~~~~~~~^^^^^^
  File "/usr/lib64/python3.14/asyncio/base_events.py", line 719, in run_until_complete
    return future.result()
           ~~~~~~~~~~~~~^^
  File "/home/farrukh/Frontend/p2p/backend/app/tasks/slot_tasks.py", line 70, in _check_absences
    slots = (await db.execute(stmt)).scalars().all()
             ^^^^^^^^^^^^^^^^^^^^^^
  File "/home/farrukh/Frontend/p2p/backend/.venv/lib64/python3.14/site-packages/sqlalchemy/ext/asyncio/session.py", line 448, in execute
    result = await greenlet_spawn(
             ^^^^^^^^^^^^^^^^^^^^^
    ...<6 lines>...
    )
    ^
  File "/home/farrukh/Frontend/p2p/backend/.venv/lib64/python3.14/site-packages/sqlalchemy/util/_concurrency_py3k.py", line 201, in greenlet_spawn
    result = context.throw(*sys.exc_info())
  File "/home/farrukh/Frontend/p2p/backend/.venv/lib64/python3.14/site-packages/sqlalchemy/orm/session.py", line 2372, in execute
    return self._execute_internal(
           ~~~~~~~~~~~~~~~~~~~~~~^
        statement,
        ^^^^^^^^^^
    ...<4 lines>...
        _add_event=_add_event,
        ^^^^^^^^^^^^^^^^^^^^^^
    )
    ^
  File "/home/farrukh/Frontend/p2p/backend/.venv/lib64/python3.14/site-packages/sqlalchemy/orm/session.py", line 2260, in _execute_internal
    conn = self._connection_for_bind(bind)
  File "/home/farrukh/Frontend/p2p/backend/.venv/lib64/python3.14/site-packages/sqlalchemy/orm/session.py", line 2112, in _connection_for_bind
    return trans._connection_for_bind(engine, execution_options)
           ~~~~~~~~~~~~~~~~~~~~~~~~~~^^^^^^^^^^^^^^^^^^^^^^^^^^^
  File "<string>", line 2, in _connection_for_bind
  File "/home/farrukh/Frontend/p2p/backend/.venv/lib64/python3.14/site-packages/sqlalchemy/orm/state_changes.py", line 137, in _go
    ret_value = fn(self, *arg, **kw)
  File "/home/farrukh/Frontend/p2p/backend/.venv/lib64/python3.14/site-packages/sqlalchemy/orm/session.py", line 1191, in _connection_for_bind
    conn = bind.connect()
  File "/home/farrukh/Frontend/p2p/backend/.venv/lib64/python3.14/site-packages/sqlalchemy/engine/base.py", line 3295, in connect
    return self._connection_cls(self)
           ~~~~~~~~~~~~~~~~~~~~^^^^^^
  File "/home/farrukh/Frontend/p2p/backend/.venv/lib64/python3.14/site-packages/sqlalchemy/engine/base.py", line 144, in __init__
    self._dbapi_connection = engine.raw_connection()
                             ~~~~~~~~~~~~~~~~~~~~~^^
  File "/home/farrukh/Frontend/p2p/backend/.venv/lib64/python3.14/site-packages/sqlalchemy/engine/base.py", line 3319, in raw_connection
    return self.pool.connect()
           ~~~~~~~~~~~~~~~~~^^
  File "/home/farrukh/Frontend/p2p/backend/.venv/lib64/python3.14/site-packages/sqlalchemy/pool/base.py", line 448, in connect
    return _ConnectionFairy._checkout(self)
           ~~~~~~~~~~~~~~~~~~~~~~~~~~^^^^^^
  File "/home/farrukh/Frontend/p2p/backend/.venv/lib64/python3.14/site-packages/sqlalchemy/pool/base.py", line 1371, in _checkout
    with util.safe_reraise():
         ~~~~~~~~~~~~~~~~~^^
  File "/home/farrukh/Frontend/p2p/backend/.venv/lib64/python3.14/site-packages/sqlalchemy/util/langhelpers.py", line 122, in __exit__
    raise exc_value.with_traceback(exc_tb)
  File "/home/farrukh/Frontend/p2p/backend/.venv/lib64/python3.14/site-packages/sqlalchemy/pool/base.py", line 1309, in _checkout
    result = pool._dialect._do_ping_w_event(
        fairy.dbapi_connection
    )
  File "/home/farrukh/Frontend/p2p/backend/.venv/lib64/python3.14/site-packages/sqlalchemy/engine/default.py", line 729, in _do_ping_w_event
    return self.do_ping(dbapi_connection)
           ~~~~~~~~~~~~^^^^^^^^^^^^^^^^^^
  File "/home/farrukh/Frontend/p2p/backend/.venv/lib64/python3.14/site-packages/sqlalchemy/dialects/postgresql/asyncpg.py", line 1164, in do_ping
    dbapi_connection.ping()
    ~~~~~~~~~~~~~~~~~~~~~^^
  File "/home/farrukh/Frontend/p2p/backend/.venv/lib64/python3.14/site-packages/sqlalchemy/dialects/postgresql/asyncpg.py", line 818, in ping
    self._handle_exception(error)
    ~~~~~~~~~~~~~~~~~~~~~~^^^^^^^
  File "/home/farrukh/Frontend/p2p/backend/.venv/lib64/python3.14/site-packages/sqlalchemy/dialects/postgresql/asyncpg.py", line 799, in _handle_exception
    raise error
  File "/home/farrukh/Frontend/p2p/backend/.venv/lib64/python3.14/site-packages/sqlalchemy/dialects/postgresql/asyncpg.py", line 816, in ping
    _ = self.await_(self._async_ping())
  File "/home/farrukh/Frontend/p2p/backend/.venv/lib64/python3.14/site-packages/sqlalchemy/util/_concurrency_py3k.py", line 132, in await_only
    return current.parent.switch(awaitable)  # type: ignore[no-any-return,attr-defined] # noqa: E501
           ~~~~~~~~~~~~~~~~~~~~~^^^^^^^^^^^
  File "/home/farrukh/Frontend/p2p/backend/.venv/lib64/python3.14/site-packages/sqlalchemy/util/_concurrency_py3k.py", line 196, in greenlet_spawn
    value = await result
            ^^^^^^^^^^^^
  File "/home/farrukh/Frontend/p2p/backend/.venv/lib64/python3.14/site-packages/sqlalchemy/dialects/postgresql/asyncpg.py", line 825, in _async_ping
    await tr.start()
  File "/home/farrukh/Frontend/p2p/backend/.venv/lib64/python3.14/site-packages/asyncpg/transaction.py", line 146, in start
    await self._connection.execute(query)
  File "/home/farrukh/Frontend/p2p/backend/.venv/lib64/python3.14/site-packages/asyncpg/connection.py", line 354, in execute
    result = await self._protocol.query(query, timeout)
             ^^^^^^^^^^^^^^^^^^^^^^^^^^^^^^^^^^^^^^^^^^
  File "asyncpg/protocol/protocol.pyx", line 369, in query
    return await waiter
RuntimeError: Task <Task pending name='Task-176' coro=<_check_absences() running at /home/farrukh/Frontend/p2p/backend/app/tasks/slot_tasks.py:70> cb=[_run_until_complete_cb() at /usr/lib64/python3.14/asyncio/base_events.py:181]> got Future <Future pending cb=[BaseProtocol._on_waiter_completed()]> attached to a different loop
[2026-06-14 11:53:56,028: ERROR/ForkPoolWorker-16] Task app.tasks.slot_tasks.send_slot_reminders[b4deae5d-8b30-4d16-9fa9-4872b09fb07c] raised unexpected: RuntimeError("Task <Task pending name='Task-176' coro=<_send_slot_reminders() running at /home/farrukh/Frontend/p2p/backend/app/tasks/slot_tasks.py:35> cb=[_run_until_complete_cb() at /usr/lib64/python3.14/asyncio/base_events.py:181]> got Future <Future pending cb=[BaseProtocol._on_waiter_completed()]> attached to a different loop")
Traceback (most recent call last):
  File "/home/farrukh/Frontend/p2p/backend/.venv/lib64/python3.14/site-packages/celery/app/trace.py", line 585, in trace_task
    R = retval = fun(*args, **kwargs)
                 ~~~^^^^^^^^^^^^^^^^^
  File "/home/farrukh/Frontend/p2p/backend/.venv/lib64/python3.14/site-packages/celery/app/trace.py", line 858, in __protected_call__
    return self.run(*args, **kwargs)
           ~~~~~~~~^^^^^^^^^^^^^^^^^
  File "/home/farrukh/Frontend/p2p/backend/app/tasks/slot_tasks.py", line 20, in send_slot_reminders
    return asyncio.run(_send_slot_reminders())
           ~~~~~~~~~~~^^^^^^^^^^^^^^^^^^^^^^^^
  File "/usr/lib64/python3.14/asyncio/runners.py", line 204, in run
    return runner.run(main)
           ~~~~~~~~~~^^^^^^
  File "/usr/lib64/python3.14/asyncio/runners.py", line 127, in run
    return self._loop.run_until_complete(task)
           ~~~~~~~~~~~~~~~~~~~~~~~~~~~~~^^^^^^
  File "/usr/lib64/python3.14/asyncio/base_events.py", line 719, in run_until_complete
    return future.result()
           ~~~~~~~~~~~~~^^
  File "/home/farrukh/Frontend/p2p/backend/app/tasks/slot_tasks.py", line 35, in _send_slot_reminders
    slots = (await db.execute(stmt)).scalars().all()
             ^^^^^^^^^^^^^^^^^^^^^^
  File "/home/farrukh/Frontend/p2p/backend/.venv/lib64/python3.14/site-packages/sqlalchemy/ext/asyncio/session.py", line 448, in execute
    result = await greenlet_spawn(
             ^^^^^^^^^^^^^^^^^^^^^
    ...<6 lines>...
    )
    ^
  File "/home/farrukh/Frontend/p2p/backend/.venv/lib64/python3.14/site-packages/sqlalchemy/util/_concurrency_py3k.py", line 201, in greenlet_spawn
    result = context.throw(*sys.exc_info())
  File "/home/farrukh/Frontend/p2p/backend/.venv/lib64/python3.14/site-packages/sqlalchemy/orm/session.py", line 2372, in execute
    return self._execute_internal(
           ~~~~~~~~~~~~~~~~~~~~~~^
        statement,
        ^^^^^^^^^^
    ...<4 lines>...
        _add_event=_add_event,
        ^^^^^^^^^^^^^^^^^^^^^^
    )
    ^
  File "/home/farrukh/Frontend/p2p/backend/.venv/lib64/python3.14/site-packages/sqlalchemy/orm/session.py", line 2260, in _execute_internal
    conn = self._connection_for_bind(bind)
  File "/home/farrukh/Frontend/p2p/backend/.venv/lib64/python3.14/site-packages/sqlalchemy/orm/session.py", line 2112, in _connection_for_bind
    return trans._connection_for_bind(engine, execution_options)
           ~~~~~~~~~~~~~~~~~~~~~~~~~~^^^^^^^^^^^^^^^^^^^^^^^^^^^
  File "<string>", line 2, in _connection_for_bind
  File "/home/farrukh/Frontend/p2p/backend/.venv/lib64/python3.14/site-packages/sqlalchemy/orm/state_changes.py", line 137, in _go
    ret_value = fn(self, *arg, **kw)
  File "/home/farrukh/Frontend/p2p/backend/.venv/lib64/python3.14/site-packages/sqlalchemy/orm/session.py", line 1191, in _connection_for_bind
    conn = bind.connect()
  File "/home/farrukh/Frontend/p2p/backend/.venv/lib64/python3.14/site-packages/sqlalchemy/engine/base.py", line 3295, in connect
    return self._connection_cls(self)
           ~~~~~~~~~~~~~~~~~~~~^^^^^^
  File "/home/farrukh/Frontend/p2p/backend/.venv/lib64/python3.14/site-packages/sqlalchemy/engine/base.py", line 144, in __init__
    self._dbapi_connection = engine.raw_connection()
                             ~~~~~~~~~~~~~~~~~~~~~^^
  File "/home/farrukh/Frontend/p2p/backend/.venv/lib64/python3.14/site-packages/sqlalchemy/engine/base.py", line 3319, in raw_connection
    return self.pool.connect()
           ~~~~~~~~~~~~~~~~~^^
  File "/home/farrukh/Frontend/p2p/backend/.venv/lib64/python3.14/site-packages/sqlalchemy/pool/base.py", line 448, in connect
    return _ConnectionFairy._checkout(self)
           ~~~~~~~~~~~~~~~~~~~~~~~~~~^^^^^^
  File "/home/farrukh/Frontend/p2p/backend/.venv/lib64/python3.14/site-packages/sqlalchemy/pool/base.py", line 1371, in _checkout
    with util.safe_reraise():
         ~~~~~~~~~~~~~~~~~^^
  File "/home/farrukh/Frontend/p2p/backend/.venv/lib64/python3.14/site-packages/sqlalchemy/util/langhelpers.py", line 122, in __exit__
    raise exc_value.with_traceback(exc_tb)
  File "/home/farrukh/Frontend/p2p/backend/.venv/lib64/python3.14/site-packages/sqlalchemy/pool/base.py", line 1309, in _checkout
    result = pool._dialect._do_ping_w_event(
        fairy.dbapi_connection
    )
  File "/home/farrukh/Frontend/p2p/backend/.venv/lib64/python3.14/site-packages/sqlalchemy/engine/default.py", line 729, in _do_ping_w_event
    return self.do_ping(dbapi_connection)
           ~~~~~~~~~~~~^^^^^^^^^^^^^^^^^^
  File "/home/farrukh/Frontend/p2p/backend/.venv/lib64/python3.14/site-packages/sqlalchemy/dialects/postgresql/asyncpg.py", line 1164, in do_ping
    dbapi_connection.ping()
    ~~~~~~~~~~~~~~~~~~~~~^^
  File "/home/farrukh/Frontend/p2p/backend/.venv/lib64/python3.14/site-packages/sqlalchemy/dialects/postgresql/asyncpg.py", line 818, in ping
    self._handle_exception(error)
    ~~~~~~~~~~~~~~~~~~~~~~^^^^^^^
  File "/home/farrukh/Frontend/p2p/backend/.venv/lib64/python3.14/site-packages/sqlalchemy/dialects/postgresql/asyncpg.py", line 799, in _handle_exception
    raise error
  File "/home/farrukh/Frontend/p2p/backend/.venv/lib64/python3.14/site-packages/sqlalchemy/dialects/postgresql/asyncpg.py", line 816, in ping
    _ = self.await_(self._async_ping())
  File "/home/farrukh/Frontend/p2p/backend/.venv/lib64/python3.14/site-packages/sqlalchemy/util/_concurrency_py3k.py", line 132, in await_only
    return current.parent.switch(awaitable)  # type: ignore[no-any-return,attr-defined] # noqa: E501
           ~~~~~~~~~~~~~~~~~~~~~^^^^^^^^^^^
  File "/home/farrukh/Frontend/p2p/backend/.venv/lib64/python3.14/site-packages/sqlalchemy/util/_concurrency_py3k.py", line 196, in greenlet_spawn
    value = await result
            ^^^^^^^^^^^^
  File "/home/farrukh/Frontend/p2p/backend/.venv/lib64/python3.14/site-packages/sqlalchemy/dialects/postgresql/asyncpg.py", line 825, in _async_ping
    await tr.start()
  File "/home/farrukh/Frontend/p2p/backend/.venv/lib64/python3.14/site-packages/asyncpg/transaction.py", line 146, in start
    await self._connection.execute(query)
  File "/home/farrukh/Frontend/p2p/backend/.venv/lib64/python3.14/site-packages/asyncpg/connection.py", line 354, in execute
    result = await self._protocol.query(query, timeout)
             ^^^^^^^^^^^^^^^^^^^^^^^^^^^^^^^^^^^^^^^^^^
  File "asyncpg/protocol/protocol.pyx", line 369, in query
    return await waiter
RuntimeError: Task <Task pending name='Task-176' coro=<_send_slot_reminders() running at /home/farrukh/Frontend/p2p/backend/app/tasks/slot_tasks.py:35> cb=[_run_until_complete_cb() at /usr/lib64/python3.14/asyncio/base_events.py:181]> got Future <Future pending cb=[BaseProtocol._on_waiter_completed()]> attached to a different loop
[2026-06-14 11:54:56,002: INFO/MainProcess] Task app.tasks.slot_tasks.check_absences[7f3d73e0-d9af-484b-9b18-4d098e6a13d9] received
[2026-06-14 11:54:56,007: INFO/MainProcess] Task app.tasks.slot_tasks.send_slot_reminders[aed8ef05-ab7a-4afa-b374-77a97c77488f] received
2026-06-14 11:54:56,079 INFO sqlalchemy.engine.Engine BEGIN (implicit)
[2026-06-14 11:54:56,079: INFO/ForkPoolWorker-15] BEGIN (implicit)
2026-06-14 11:54:56,079 INFO sqlalchemy.engine.Engine SELECT slots.id, slots.reviewer_id, slots.reviewee_id, slots.reviewer_project, slots.reviewee_project, slots.start_time, slots.end_time, slots.actual_start, slots.actual_end, slots.duration_minutes, slots.status, slots.is_online, slots.campus, slots.reviewer_started, slots.reviewee_started, slots.reviewer_finished, slots.reviewee_finished, slots.absent_by, slots.absent_at, slots.cancelled_by, slots.cancel_reason, slots.created_at, slots.updated_at 
FROM slots 
WHERE slots.status = $1::VARCHAR AND slots.start_time < $2::TIMESTAMP WITH TIME ZONE
[2026-06-14 11:54:56,079: INFO/ForkPoolWorker-15] SELECT slots.id, slots.reviewer_id, slots.reviewee_id, slots.reviewer_project, slots.reviewee_project, slots.start_time, slots.end_time, slots.actual_start, slots.actual_end, slots.duration_minutes, slots.status, slots.is_online, slots.campus, slots.reviewer_started, slots.reviewee_started, slots.reviewer_finished, slots.reviewee_finished, slots.absent_by, slots.absent_at, slots.cancelled_by, slots.cancel_reason, slots.created_at, slots.updated_at 
FROM slots 
WHERE slots.status = $1::VARCHAR AND slots.start_time < $2::TIMESTAMP WITH TIME ZONE
2026-06-14 11:54:56,079 INFO sqlalchemy.engine.Engine [cached since 2160s ago] ('booked', datetime.datetime(2026, 6, 14, 6, 39, 56, 5278, tzinfo=datetime.timezone.utc))
[2026-06-14 11:54:56,079: INFO/ForkPoolWorker-15] [cached since 2160s ago] ('booked', datetime.datetime(2026, 6, 14, 6, 39, 56, 5278, tzinfo=datetime.timezone.utc))
2026-06-14 11:54:56,084 INFO sqlalchemy.engine.Engine ROLLBACK
[2026-06-14 11:54:56,084: INFO/ForkPoolWorker-15] ROLLBACK
2026-06-14 11:54:56,086 INFO sqlalchemy.engine.Engine BEGIN (implicit)
[2026-06-14 11:54:56,086: INFO/ForkPoolWorker-16] BEGIN (implicit)
2026-06-14 11:54:56,087 INFO sqlalchemy.engine.Engine SELECT slots.id, slots.reviewer_id, slots.reviewee_id, slots.reviewer_project, slots.reviewee_project, slots.start_time, slots.end_time, slots.actual_start, slots.actual_end, slots.duration_minutes, slots.status, slots.is_online, slots.campus, slots.reviewer_started, slots.reviewee_started, slots.reviewer_finished, slots.reviewee_finished, slots.absent_by, slots.absent_at, slots.cancelled_by, slots.cancel_reason, slots.created_at, slots.updated_at 
FROM slots 
WHERE slots.status = $1::VARCHAR AND slots.start_time >= $2::TIMESTAMP WITH TIME ZONE AND slots.start_time < $3::TIMESTAMP WITH TIME ZONE
[2026-06-14 11:54:56,087: INFO/ForkPoolWorker-16] SELECT slots.id, slots.reviewer_id, slots.reviewee_id, slots.reviewer_project, slots.reviewee_project, slots.start_time, slots.end_time, slots.actual_start, slots.actual_end, slots.duration_minutes, slots.status, slots.is_online, slots.campus, slots.reviewer_started, slots.reviewee_started, slots.reviewer_finished, slots.reviewee_finished, slots.absent_by, slots.absent_at, slots.cancelled_by, slots.cancel_reason, slots.created_at, slots.updated_at 
FROM slots 
WHERE slots.status = $1::VARCHAR AND slots.start_time >= $2::TIMESTAMP WITH TIME ZONE AND slots.start_time < $3::TIMESTAMP WITH TIME ZONE
2026-06-14 11:54:56,087 INFO sqlalchemy.engine.Engine [cached since 2160s ago] ('booked', datetime.datetime(2026, 6, 14, 7, 9, 56, 10073, tzinfo=datetime.timezone.utc), datetime.datetime(2026, 6, 14, 7, 10, 56, 10073, tzinfo=datetime.timezone.utc))
[2026-06-14 11:54:56,087: INFO/ForkPoolWorker-16] [cached since 2160s ago] ('booked', datetime.datetime(2026, 6, 14, 7, 9, 56, 10073, tzinfo=datetime.timezone.utc), datetime.datetime(2026, 6, 14, 7, 10, 56, 10073, tzinfo=datetime.timezone.utc))
[2026-06-14 11:54:56,087: INFO/ForkPoolWorker-15] Task app.tasks.slot_tasks.check_absences[7f3d73e0-d9af-484b-9b18-4d098e6a13d9] succeeded in 0.08385872899998503s: 0
2026-06-14 11:54:56,092 INFO sqlalchemy.engine.Engine COMMIT
[2026-06-14 11:54:56,092: INFO/ForkPoolWorker-16] COMMIT
[2026-06-14 11:54:56,094: INFO/ForkPoolWorker-16] Task app.tasks.slot_tasks.send_slot_reminders[aed8ef05-ab7a-4afa-b374-77a97c77488f] succeeded in 0.08584573600001022s: 0

Restarting celery worker (/home/farrukh/Frontend/p2p/backend/.venv/bin/celery -A app.tasks.celery_app.celery_app worker --loglevel=info)
 
 -------------- celery@fedora v5.6.3 (recovery)
--- ***** ----- 
-- ******* ---- Linux-7.0.10-101.fc43.x86_64-x86_64-with-glibc2.42 2026-06-14 11:55:07
- *** --- * --- 
- ** ---------- [config]
- ** ---------- .> app:         peer_learn:0x7ff6f44f41a0
- ** ---------- .> transport:   redis://localhost:6379/1
- ** ---------- .> results:     redis://localhost:6379/2
- *** --- * --- .> concurrency: 16 (prefork)
-- ******* ---- .> task events: OFF (enable -E to monitor tasks in this worker)
--- ***** ----- 
 -------------- [queues]
                .> celery           exchange=celery(direct) key=celery
                

[tasks]
  . app.tasks.leaderboard_tasks.monthly_snapshot
  . app.tasks.slot_tasks.check_absences
  . app.tasks.slot_tasks.send_slot_reminders

[2026-06-14 11:55:09,190: INFO/MainProcess] Connected to redis://localhost:6379/1
[2026-06-14 11:55:09,200: INFO/MainProcess] mingle: searching for neighbors
[2026-06-14 11:55:10,215: INFO/MainProcess] mingle: all alone
[2026-06-14 11:55:10,235: INFO/MainProcess] celery@fedora ready.
[2026-06-14 11:55:14,729: WARNING/MainProcess] consumer: Connection to broker lost. Trying to re-establish the connection...
Traceback (most recent call last):
  File "/home/farrukh/Frontend/p2p/backend/.venv/lib64/python3.14/site-packages/redis/retry.py", line 120, in call_with_retry
    return do()
  File "/home/farrukh/Frontend/p2p/backend/.venv/lib64/python3.14/site-packages/redis/client.py", line 1165, in <lambda>
    lambda: command(*args, **kwargs),
            ~~~~~~~^^^^^^^^^^^^^^^^^
  File "/home/farrukh/Frontend/p2p/backend/.venv/lib64/python3.14/site-packages/redis/client.py", line 1248, in try_read
    return conn.read_response(
           ~~~~~~~~~~~~~~~~~~^
        disconnect_on_error=False, push_request=True, timeout=read_timeout
        ^^^^^^^^^^^^^^^^^^^^^^^^^^^^^^^^^^^^^^^^^^^^^^^^^^^^^^^^^^^^^^^^^^
    )
    ^
  File "/home/farrukh/Frontend/p2p/backend/.venv/lib64/python3.14/site-packages/redis/connection.py", line 1371, in read_response
    response = self._parser.read_response(
        disable_decoding=disable_decoding,
        push_request=push_request,
        timeout=timeout,
    )
  File "/home/farrukh/Frontend/p2p/backend/.venv/lib64/python3.14/site-packages/redis/_parsers/resp3.py", line 40, in read_response
    result = self._read_response(
        disable_decoding=disable_decoding,
        push_request=push_request,
        timeout=timeout,
    )
  File "/home/farrukh/Frontend/p2p/backend/.venv/lib64/python3.14/site-packages/redis/_parsers/resp3.py", line 65, in _read_response
    raw = self._buffer.readline(timeout=timeout)
  File "/home/farrukh/Frontend/p2p/backend/.venv/lib64/python3.14/site-packages/redis/_parsers/socket.py", line 117, in readline
    self._read_from_socket(timeout=timeout)
    ~~~~~~~~~~~~~~~~~~~~~~^^^^^^^^^^^^^^^^^
  File "/home/farrukh/Frontend/p2p/backend/.venv/lib64/python3.14/site-packages/redis/_parsers/socket.py", line 67, in _read_from_socket
    raise ConnectionError(SERVER_CLOSED_CONNECTION_ERROR)
redis.exceptions.ConnectionError: Connection closed by server.

During handling of the above exception, another exception occurred:

Traceback (most recent call last):
  File "/home/farrukh/Frontend/p2p/backend/.venv/lib64/python3.14/site-packages/redis/connection.py", line 1033, in connect_check_health
    sock = self._connect()
  File "/home/farrukh/Frontend/p2p/backend/.venv/lib64/python3.14/site-packages/redis/connection.py", line 1581, in _connect
    raise err
  File "/home/farrukh/Frontend/p2p/backend/.venv/lib64/python3.14/site-packages/redis/connection.py", line 1565, in _connect
    sock.connect(socket_address)
    ~~~~~~~~~~~~^^^^^^^^^^^^^^^^
ConnectionRefusedError: [Errno 111] Connection refused

During handling of the above exception, another exception occurred:

Traceback (most recent call last):
  File "/home/farrukh/Frontend/p2p/backend/.venv/lib64/python3.14/site-packages/celery/worker/consumer/consumer.py", line 346, in start
    blueprint.start(self)
    ~~~~~~~~~~~~~~~^^^^^^
  File "/home/farrukh/Frontend/p2p/backend/.venv/lib64/python3.14/site-packages/celery/bootsteps.py", line 116, in start
    step.start(parent)
    ~~~~~~~~~~^^^^^^^^
  File "/home/farrukh/Frontend/p2p/backend/.venv/lib64/python3.14/site-packages/celery/worker/consumer/consumer.py", line 788, in start
    c.loop(*c.loop_args())
    ~~~~~~^^^^^^^^^^^^^^^^
  File "/home/farrukh/Frontend/p2p/backend/.venv/lib64/python3.14/site-packages/celery/worker/loops.py", line 97, in asynloop
    next(loop)
    ~~~~^^^^^^
  File "/home/farrukh/Frontend/p2p/backend/.venv/lib64/python3.14/site-packages/kombu/asynchronous/hub.py", line 377, in create_loop
    cb(*cbargs)
    ~~^^^^^^^^^
  File "/home/farrukh/Frontend/p2p/backend/.venv/lib64/python3.14/site-packages/kombu/transport/redis.py", line 1394, in on_readable
    self.cycle.on_readable(fileno)
    ~~~~~~~~~~~~~~~~~~~~~~^^^^^^^^
  File "/home/farrukh/Frontend/p2p/backend/.venv/lib64/python3.14/site-packages/kombu/transport/redis.py", line 579, in on_readable
    chan.handlers[type]()
    ~~~~~~~~~~~~~~~~~~~^^
  File "/home/farrukh/Frontend/p2p/backend/.venv/lib64/python3.14/site-packages/kombu/transport/redis.py", line 931, in _receive
    ret.append(self._receive_one(c))
               ~~~~~~~~~~~~~~~~~^^^
  File "/home/farrukh/Frontend/p2p/backend/.venv/lib64/python3.14/site-packages/kombu/transport/redis.py", line 941, in _receive_one
    response = c.parse_response()
  File "/home/farrukh/Frontend/p2p/backend/.venv/lib64/python3.14/site-packages/redis/client.py", line 1252, in parse_response
    response = self._execute(conn, try_read)
  File "/home/farrukh/Frontend/p2p/backend/.venv/lib64/python3.14/site-packages/redis/client.py", line 1164, in _execute
    response = conn.retry.call_with_retry(
        lambda: command(*args, **kwargs),
        failure_callback,
        with_failure_count=True,
    )
  File "/home/farrukh/Frontend/p2p/backend/.venv/lib64/python3.14/site-packages/redis/retry.py", line 127, in call_with_retry
    fail(error, failures)
    ~~~~^^^^^^^^^^^^^^^^^
  File "/home/farrukh/Frontend/p2p/backend/.venv/lib64/python3.14/site-packages/redis/client.py", line 1161, in failure_callback
    self._reconnect(conn, error, failure_count, start_time, command_name)
    ~~~~~~~~~~~~~~~^^^^^^^^^^^^^^^^^^^^^^^^^^^^^^^^^^^^^^^^^^^^^^^^^^^^^^
  File "/home/farrukh/Frontend/p2p/backend/.venv/lib64/python3.14/site-packages/redis/client.py", line 1135, in _reconnect
    conn.connect()
    ~~~~~~~~~~~~^^
  File "/home/farrukh/Frontend/p2p/backend/.venv/lib64/python3.14/site-packages/redis/connection.py", line 1006, in connect
    self.retry.call_with_retry(
    ~~~~~~~~~~~~~~~~~~~~~~~~~~^
        lambda: self.connect_check_health(
        ^^^^^^^^^^^^^^^^^^^^^^^^^^^^^^^^^^
    ...<2 lines>...
        lambda error: self.disconnect(error),
        ^^^^^^^^^^^^^^^^^^^^^^^^^^^^^^^^^^^^^
    )
    ^
  File "/home/farrukh/Frontend/p2p/backend/.venv/lib64/python3.14/site-packages/redis/retry.py", line 132, in call_with_retry
    raise error
  File "/home/farrukh/Frontend/p2p/backend/.venv/lib64/python3.14/site-packages/redis/retry.py", line 120, in call_with_retry
    return do()
  File "/home/farrukh/Frontend/p2p/backend/.venv/lib64/python3.14/site-packages/redis/connection.py", line 1007, in <lambda>
    lambda: self.connect_check_health(
            ~~~~~~~~~~~~~~~~~~~~~~~~~^
        check_health=True, retry_socket_connect=False
        ^^^^^^^^^^^^^^^^^^^^^^^^^^^^^^^^^^^^^^^^^^^^^
    ),
    ^
  File "/home/farrukh/Frontend/p2p/backend/.venv/lib64/python3.14/site-packages/redis/connection.py", line 1055, in connect_check_health
    raise e
redis.exceptions.ConnectionError: Error 111 connecting to localhost:6379. Connection refused.
[2026-06-14 11:55:14,743: WARNING/MainProcess] /home/farrukh/Frontend/p2p/backend/.venv/lib64/python3.14/site-packages/celery/worker/consumer/consumer.py:397: CPendingDeprecationWarning: 
In Celery 5.1 we introduced an optional breaking change which
on connection loss cancels all currently executed tasks with late acknowledgement enabled.
These tasks cannot be acknowledged as the connection is gone, and the tasks are automatically redelivered
back to the queue. You can enable this behavior using the worker_cancel_long_running_tasks_on_connection_loss
setting. In Celery 5.1 it is set to False by default. The setting will be set to True by default in Celery 6.0.

  warnings.warn(CANCEL_TASKS_BY_DEFAULT, CPendingDeprecationWarning)

[2026-06-14 11:55:14,752: ERROR/MainProcess] consumer: Cannot connect to redis://localhost:6379/1: Error 111 connecting to localhost:6379. Connection refused..
Trying again in 2.00 seconds... (1/100)


worker: Warm shutdown (MainProcess)
